{
  "timestamp": "2026-02-22T00:28:39.503581",
  "device": "solar_panel",
  "panel_id": 1,
  "power_watts": 758,
  "temperature": 37,
  "status": "ok"
}
--------------------------------------------------------------------------------
{
  "timestamp": "2026-02-22T00:28:40.504154",
  "device": "solar_panel",
  "panel_id": 2,
  "power_watts": 635,
  "temperature": 52,
  "status": "ok"
}
--------------------------------------------------------------------------------
{
  "timestamp": "2026-02-22T00:28:41.504847",
  "device": "solar_panel",
  "panel_id": 3,
  "power_watts": 976,
  "temperature": 53,
  "status": "ok"
}
--------------------------------------------------------------------------------
{
  "timestamp": "2026-02-22T00:28:47.505591",
  "device": "solar_panel",
  "panel_id": 1,
  "power_watts": 302,
  "temperature": 40,
  "status": "ok"
}
--------------------------------------------------------------------------------
{
  "timestamp": "2026-02-22T00:28:48.506053",
  "device": "solar_panel",
  "panel_id": 2,
  "power_watts": 194,
  "temperature": 58,
  "status": "ok"
}
--------------------------------------------------------------------------------
{
  "timestamp": "2026-02-22T00:28:49.506499",
  "device": "solar_panel",
  "panel_id": 3,
  "power_watts": 394,
  "temperature": 38,
  "status": "ok"
}
--------------------------------------------------------------------------------
{
  "timestamp": "2026-02-22T00:28:55.507343",
  "device": "solar_panel",
  "panel_id": 1,
  "power_watts": 962,
  "temperature": 36,
  "status": "ok"
}
--------------------------------------------------------------------------------
{
  "timestamp": "2026-02-22T00:28:56.508252",
  "device": "solar_panel",
  "panel_id": 2,
  "power_watts": 376,
  "temperature": 51,
  "status": "ok"
}
--------------------------------------------------------------------------------
{
  "timestamp": "2026-02-22T00:28:57.508657",
  "device": "solar_panel",
  "panel_id": 3,
  "power_watts": 105,
  "temperature": 31,
  "status": "ok"
}
--------------------------------------------------------------------------------
{
  "timestamp": "2026-02-22T00:29:03.509816",
  "device": "solar_panel",
  "panel_id": 1,
  "power_watts": 873,
  "temperature": 26,
  "status": "ok"
}
--------------------------------------------------------------------------------
{
  "timestamp": "2026-02-22T00:29:04.510411",
  "device": "solar_panel",
  "panel_id": 2,
  "power_watts": 871,
  "temperature": 45,
  "status": "ok"
}
--------------------------------------------------------------------------------
{
  "timestamp": "2026-02-22T00:29:05.511669",
  "device": "solar_panel",
  "panel_id": 3,
  "power_watts": 361,
  "temperature": 51,
  "status": "ok"
}
--------------------------------------------------------------------------------
{
  "timestamp": "2026-02-22T00:29:11.516808",
  "device": "solar_panel",
  "panel_id": 1,
  "power_watts": 375,
  "temperature": 40,
  "status": "ok"
}
--------------------------------------------------------------------------------
{
  "timestamp": "2026-02-22T00:29:12.517748",
  "device": "solar_panel",
  "panel_id": 2,
  "power_watts": 348,
  "temperature": 37,
  "status": "ok"
}
--------------------------------------------------------------------------------
{
  "timestamp": "2026-02-22T00:29:13.518398",
  "device": "solar_panel",
  "panel_id": 3,
  "power_watts": 380,
  "temperature": 49,
  "status": "ok"
}
--------------------------------------------------------------------------------
{
  "timestamp": "2026-02-22T00:29:19.519889",
  "device": "solar_panel",
  "panel_id": 1,
  "power_watts": 89,
  "temperature": 31,
  "status": "low_power"
}
--------------------------------------------------------------------------------
{
  "timestamp": "2026-02-22T00:29:20.520559",
  "device": "solar_panel",
  "panel_id": 2,
  "power_watts": 965,
  "temperature": 53,
  "status": "ok"
}
--------------------------------------------------------------------------------
{
  "timestamp": "2026-02-22T00:29:21.521983",
  "device": "solar_panel",
  "panel_id": 3,
  "power_watts": 846,
  "temperature": 54,
  "status": "ok"
}
--------------------------------------------------------------------------------
{
  "timestamp": "2026-02-22T00:29:27.523238",
  "device": "solar_panel",
  "panel_id": 1,
  "power_watts": 896,
  "temperature": 27,
  "status": "ok"
}
--------------------------------------------------------------------------------
{
  "timestamp": "2026-02-22T00:29:28.524443",
  "device": "solar_panel",
  "panel_id": 2,
  "power_watts": 198,
  "temperature": 30,
  "status": "ok"
}
--------------------------------------------------------------------------------
{
  "timestamp": "2026-02-22T00:29:29.525082",
  "device": "solar_panel",
  "panel_id": 3,
  "power_watts": 444,
  "temperature": 54,
  "status": "ok"
}
--------------------------------------------------------------------------------
{
  "timestamp": "2026-02-22T00:29:35.525876",
  "device": "solar_panel",
  "panel_id": 1,
  "power_watts": 919,
  "temperature": 33,
  "status": "ok"
}
--------------------------------------------------------------------------------
{
  "timestamp": "2026-02-22T00:29:36.526297",
  "device": "solar_panel",
  "panel_id": 2,
  "power_watts": 658,
  "temperature": 36,
  "status": "ok"
}
--------------------------------------------------------------------------------
{
  "timestamp": "2026-02-22T00:29:37.527025",
  "device": "solar_panel",
  "panel_id": 3,
  "power_watts": 899,
  "temperature": 52,
  "status": "ok"
}
--------------------------------------------------------------------------------
{
  "timestamp": "2026-02-22T00:29:43.527850",
  "device": "solar_panel",
  "panel_id": 1,
  "power_watts": 965,
  "temperature": 26,
  "status": "ok"
}
--------------------------------------------------------------------------------
{
  "timestamp": "2026-02-22T00:29:44.528287",
  "device": "solar_panel",
  "panel_id": 2,
  "power_watts": 775,
  "temperature": 58,
  "status": "ok"
}
--------------------------------------------------------------------------------
{
  "timestamp": "2026-02-22T00:29:45.528830",
  "device": "solar_panel",
  "panel_id": 3,
  "power_watts": 486,
  "temperature": 55,
  "status": "ok"
}
--------------------------------------------------------------------------------
{
  "timestamp": "2026-02-22T00:29:51.530151",
  "device": "solar_panel",
  "panel_id": 1,
  "power_watts": 671,
  "temperature": 54,
  "status": "ok"
}
--------------------------------------------------------------------------------
{
  "timestamp": "2026-02-22T00:29:52.530755",
  "device": "solar_panel",
  "panel_id": 2,
  "power_watts": 999,
  "temperature": 27,
  "status": "ok"
}
--------------------------------------------------------------------------------
{
  "timestamp": "2026-02-22T00:29:53.531657",
  "device": "solar_panel",
  "panel_id": 3,
  "power_watts": 562,
  "temperature": 52,
  "status": "ok"
}
--------------------------------------------------------------------------------
{
  "timestamp": "2026-02-22T00:29:59.532979",
  "device": "solar_panel",
  "panel_id": 1,
  "power_watts": 964,
  "temperature": 55,
  "status": "ok"
}
--------------------------------------------------------------------------------
{
  "timestamp": "2026-02-22T00:30:00.533582",
  "device": "solar_panel",
  "panel_id": 2,
  "power_watts": 126,
  "temperature": 37,
  "status": "ok"
}
--------------------------------------------------------------------------------
{
  "timestamp": "2026-02-22T00:30:01.534220",
  "device": "solar_panel",
  "panel_id": 3,
  "power_watts": 233,
  "temperature": 53,
  "status": "ok"
}
--------------------------------------------------------------------------------
{
  "timestamp": "2026-02-22T00:30:07.535348",
  "device": "solar_panel",
  "panel_id": 1,
  "power_watts": 429,
  "temperature": 36,
  "status": "ok"
}
--------------------------------------------------------------------------------
{
  "timestamp": "2026-02-22T00:30:08.535842",
  "device": "solar_panel",
  "panel_id": 2,
  "power_watts": 673,
  "temperature": 52,
  "status": "ok"
}
--------------------------------------------------------------------------------
{
  "timestamp": "2026-02-22T00:30:09.537010",
  "device": "solar_panel",
  "panel_id": 3,
  "power_watts": 372,
  "temperature": 31,
  "status": "ok"
}
--------------------------------------------------------------------------------
{
  "timestamp": "2026-02-22T00:30:15.538124",
  "device": "solar_panel",
  "panel_id": 1,
  "power_watts": 699,
  "temperature": 57,
  "status": "ok"
}
--------------------------------------------------------------------------------
{
  "timestamp": "2026-02-22T00:30:16.538997",
  "device": "solar_panel",
  "panel_id": 2,
  "power_watts": 208,
  "temperature": 36,
  "status": "ok"
}
--------------------------------------------------------------------------------
{
  "timestamp": "2026-02-22T00:30:17.539559",
  "device": "solar_panel",
  "panel_id": 3,
  "power_watts": 191,
  "temperature": 58,
  "status": "ok"
}
--------------------------------------------------------------------------------
{
  "timestamp": "2026-02-22T00:30:23.540653",
  "device": "solar_panel",
  "panel_id": 1,
  "power_watts": 168,
  "temperature": 53,
  "status": "ok"
}
--------------------------------------------------------------------------------
{
  "timestamp": "2026-02-22T00:30:24.542012",
  "device": "solar_panel",
  "panel_id": 2,
  "power_watts": 416,
  "temperature": 36,
  "status": "ok"
}
--------------------------------------------------------------------------------
{
  "timestamp": "2026-02-22T00:30:25.542850",
  "device": "solar_panel",
  "panel_id": 3,
  "power_watts": 745,
  "temperature": 26,
  "status": "ok"
}
--------------------------------------------------------------------------------
{
  "timestamp": "2026-02-22T00:30:31.543924",
  "device": "solar_panel",
  "panel_id": 1,
  "power_watts": 210,
  "temperature": 54,
  "status": "ok"
}
--------------------------------------------------------------------------------
{
  "timestamp": "2026-02-22T00:30:32.544978",
  "device": "solar_panel",
  "panel_id": 2,
  "power_watts": 403,
  "temperature": 43,
  "status": "ok"
}
--------------------------------------------------------------------------------
{
  "timestamp": "2026-02-22T00:30:33.545877",
  "device": "solar_panel",
  "panel_id": 3,
  "power_watts": 364,
  "temperature": 51,
  "status": "ok"
}
--------------------------------------------------------------------------------
{
  "timestamp": "2026-02-22T00:30:39.546989",
  "device": "solar_panel",
  "panel_id": 1,
  "power_watts": 897,
  "temperature": 56,
  "status": "ok"
}
--------------------------------------------------------------------------------
{
  "timestamp": "2026-02-22T00:30:40.547401",
  "device": "solar_panel",
  "panel_id": 2,
  "power_watts": 161,
  "temperature": 60,
  "status": "ok"
}
--------------------------------------------------------------------------------
{
  "timestamp": "2026-02-22T00:30:41.548297",
  "device": "solar_panel",
  "panel_id": 3,
  "power_watts": 581,
  "temperature": 40,
  "status": "ok"
}
--------------------------------------------------------------------------------
{
  "timestamp": "2026-02-22T00:30:47.549464",
  "device": "solar_panel",
  "panel_id": 1,
  "power_watts": 316,
  "temperature": 52,
  "status": "ok"
}
--------------------------------------------------------------------------------
{
  "timestamp": "2026-02-22T00:30:48.550265",
  "device": "solar_panel",
  "panel_id": 2,
  "power_watts": 157,
  "temperature": 60,
  "status": "ok"
}
--------------------------------------------------------------------------------
{
  "timestamp": "2026-02-22T00:30:49.551142",
  "device": "solar_panel",
  "panel_id": 3,
  "power_watts": 589,
  "temperature": 31,
  "status": "ok"
}
--------------------------------------------------------------------------------
{
  "timestamp": "2026-02-22T00:30:55.552256",
  "device": "solar_panel",
  "panel_id": 1,
  "power_watts": 389,
  "temperature": 44,
  "status": "ok"
}
--------------------------------------------------------------------------------
{
  "timestamp": "2026-02-22T00:30:56.553075",
  "device": "solar_panel",
  "panel_id": 2,
  "power_watts": 235,
  "temperature": 32,
  "status": "ok"
}
--------------------------------------------------------------------------------
{
  "timestamp": "2026-02-22T00:30:57.553508",
  "device": "solar_panel",
  "panel_id": 3,
  "power_watts": 556,
  "temperature": 54,
  "status": "ok"
}
--------------------------------------------------------------------------------
{
  "timestamp": "2026-02-22T00:31:03.568330",
  "device": "solar_panel",
  "panel_id": 1,
  "power_watts": 921,
  "temperature": 32,
  "status": "ok"
}
--------------------------------------------------------------------------------
{
  "timestamp": "2026-02-22T00:31:04.575343",
  "device": "solar_panel",
  "panel_id": 2,
  "power_watts": 54,
  "temperature": 46,
  "status": "low_power"
}
--------------------------------------------------------------------------------
{
  "timestamp": "2026-02-22T00:31:05.576011",
  "device": "solar_panel",
  "panel_id": 3,
  "power_watts": 443,
  "temperature": 47,
  "status": "ok"
}
--------------------------------------------------------------------------------
{
  "timestamp": "2026-02-22T00:31:11.577061",
  "device": "solar_panel",
  "panel_id": 1,
  "power_watts": 439,
  "temperature": 38,
  "status": "ok"
}
--------------------------------------------------------------------------------
{
  "timestamp": "2026-02-22T00:31:12.577819",
  "device": "solar_panel",
  "panel_id": 2,
  "power_watts": 535,
  "temperature": 54,
  "status": "ok"
}
--------------------------------------------------------------------------------
{
  "timestamp": "2026-02-22T00:31:13.578433",
  "device": "solar_panel",
  "panel_id": 3,
  "power_watts": 506,
  "temperature": 32,
  "status": "ok"
}
--------------------------------------------------------------------------------
{
  "timestamp": "2026-02-22T00:31:19.579245",
  "device": "solar_panel",
  "panel_id": 1,
  "power_watts": 661,
  "temperature": 36,
  "status": "ok"
}
--------------------------------------------------------------------------------
{
  "timestamp": "2026-02-22T00:31:20.580219",
  "device": "solar_panel",
  "panel_id": 2,
  "power_watts": 883,
  "temperature": 51,
  "status": "ok"
}
--------------------------------------------------------------------------------
{
  "timestamp": "2026-02-22T00:31:21.581059",
  "device": "solar_panel",
  "panel_id": 3,
  "power_watts": 429,
  "temperature": 44,
  "status": "ok"
}
--------------------------------------------------------------------------------
{
  "timestamp": "2026-02-22T00:31:27.581786",
  "device": "solar_panel",
  "panel_id": 1,
  "power_watts": 233,
  "temperature": 54,
  "status": "ok"
}
--------------------------------------------------------------------------------
{
  "timestamp": "2026-02-22T00:31:28.582761",
  "device": "solar_panel",
  "panel_id": 2,
  "power_watts": 791,
  "temperature": 52,
  "status": "ok"
}
--------------------------------------------------------------------------------
{
  "timestamp": "2026-02-22T00:31:29.583663",
  "device": "solar_panel",
  "panel_id": 3,
  "power_watts": 390,
  "temperature": 57,
  "status": "ok"
}
--------------------------------------------------------------------------------
{
  "timestamp": "2026-02-22T00:31:56.096239",
  "device": "solar_panel",
  "panel_id": 1,
  "power_watts": 462,
  "temperature": 36,
  "status": "ok"
}
--------------------------------------------------------------------------------
{
  "timestamp": "2026-02-22T00:31:57.096943",
  "device": "solar_panel",
  "panel_id": 2,
  "power_watts": 568,
  "temperature": 41,
  "status": "ok"
}
--------------------------------------------------------------------------------
{
  "timestamp": "2026-02-22T00:31:58.097859",
  "device": "solar_panel",
  "panel_id": 3,
  "power_watts": 717,
  "temperature": 55,
  "status": "ok"
}
--------------------------------------------------------------------------------
{
  "timestamp": "2026-02-22T00:32:04.099302",
  "device": "solar_panel",
  "panel_id": 1,
  "power_watts": 604,
  "temperature": 52,
  "status": "ok"
}
--------------------------------------------------------------------------------
{
  "timestamp": "2026-02-22T00:32:05.100264",
  "device": "solar_panel",
  "panel_id": 2,
  "power_watts": 73,
  "temperature": 42,
  "status": "low_power"
}
--------------------------------------------------------------------------------
{
  "timestamp": "2026-02-22T00:32:06.100980",
  "device": "solar_panel",
  "panel_id": 3,
  "power_watts": 861,
  "temperature": 39,
  "status": "ok"
}
--------------------------------------------------------------------------------
{
  "timestamp": "2026-02-22T00:32:12.102528",
  "device": "solar_panel",
  "panel_id": 1,
  "power_watts": 855,
  "temperature": 32,
  "status": "ok"
}
--------------------------------------------------------------------------------
{
  "timestamp": "2026-02-22T00:32:13.103759",
  "device": "solar_panel",
  "panel_id": 2,
  "power_watts": 60,
  "temperature": 27,
  "status": "low_power"
}
--------------------------------------------------------------------------------
{
  "timestamp": "2026-02-22T00:32:14.104894",
  "device": "solar_panel",
  "panel_id": 3,
  "power_watts": 219,
  "temperature": 56,
  "status": "ok"
}
--------------------------------------------------------------------------------
{
  "timestamp": "2026-02-22T00:32:20.106349",
  "device": "solar_panel",
  "panel_id": 1,
  "power_watts": 691,
  "temperature": 44,
  "status": "ok"
}
--------------------------------------------------------------------------------
{
  "timestamp": "2026-02-22T00:32:21.107232",
  "device": "solar_panel",
  "panel_id": 2,
  "power_watts": 221,
  "temperature": 55,
  "status": "ok"
}
--------------------------------------------------------------------------------
{
  "timestamp": "2026-02-22T00:32:22.108076",
  "device": "solar_panel",
  "panel_id": 3,
  "power_watts": 423,
  "temperature": 56,
  "status": "ok"
}
--------------------------------------------------------------------------------
{
  "timestamp": "2026-02-22T00:32:28.109367",
  "device": "solar_panel",
  "panel_id": 1,
  "power_watts": 601,
  "temperature": 57,
  "status": "ok"
}
--------------------------------------------------------------------------------
{
  "timestamp": "2026-02-22T00:32:29.110803",
  "device": "solar_panel",
  "panel_id": 2,
  "power_watts": 637,
  "temperature": 42,
  "status": "ok"
}
--------------------------------------------------------------------------------
{
  "timestamp": "2026-02-22T00:32:30.112150",
  "device": "solar_panel",
  "panel_id": 3,
  "power_watts": 879,
  "temperature": 59,
  "status": "ok"
}
--------------------------------------------------------------------------------
{
  "timestamp": "2026-02-22T00:32:36.113730",
  "device": "solar_panel",
  "panel_id": 1,
  "power_watts": 544,
  "temperature": 56,
  "status": "ok"
}
--------------------------------------------------------------------------------
{
  "timestamp": "2026-02-22T00:32:37.114684",
  "device": "solar_panel",
  "panel_id": 2,
  "power_watts": 258,
  "temperature": 59,
  "status": "ok"
}
--------------------------------------------------------------------------------
{
  "timestamp": "2026-02-22T00:32:38.115653",
  "device": "solar_panel",
  "panel_id": 3,
  "power_watts": 671,
  "temperature": 25,
  "status": "ok"
}
--------------------------------------------------------------------------------
{
  "timestamp": "2026-02-22T00:32:44.117405",
  "device": "solar_panel",
  "panel_id": 1,
  "power_watts": 869,
  "temperature": 54,
  "status": "ok"
}
--------------------------------------------------------------------------------
{
  "timestamp": "2026-02-22T00:32:45.118402",
  "device": "solar_panel",
  "panel_id": 2,
  "power_watts": 564,
  "temperature": 35,
  "status": "ok"
}
--------------------------------------------------------------------------------
{
  "timestamp": "2026-02-22T00:32:46.119522",
  "device": "solar_panel",
  "panel_id": 3,
  "power_watts": 673,
  "temperature": 49,
  "status": "ok"
}
--------------------------------------------------------------------------------
{
  "timestamp": "2026-02-22T00:32:52.120684",
  "device": "solar_panel",
  "panel_id": 1,
  "power_watts": 897,
  "temperature": 35,
  "status": "ok"
}
--------------------------------------------------------------------------------
{
  "timestamp": "2026-02-22T00:32:53.121549",
  "device": "solar_panel",
  "panel_id": 2,
  "power_watts": 869,
  "temperature": 25,
  "status": "ok"
}
--------------------------------------------------------------------------------
{
  "timestamp": "2026-02-22T00:32:54.122293",
  "device": "solar_panel",
  "panel_id": 3,
  "power_watts": 214,
  "temperature": 34,
  "status": "ok"
}
--------------------------------------------------------------------------------
{
  "timestamp": "2026-02-22T00:33:00.123639",
  "device": "solar_panel",
  "panel_id": 1,
  "power_watts": 393,
  "temperature": 34,
  "status": "ok"
}
--------------------------------------------------------------------------------
{
  "timestamp": "2026-02-22T00:33:01.124834",
  "device": "solar_panel",
  "panel_id": 2,
  "power_watts": 231,
  "temperature": 60,
  "status": "ok"
}
--------------------------------------------------------------------------------
{
  "timestamp": "2026-02-22T00:33:02.125860",
  "device": "solar_panel",
  "panel_id": 3,
  "power_watts": 852,
  "temperature": 41,
  "status": "ok"
}
--------------------------------------------------------------------------------
{
  "timestamp": "2026-02-22T00:33:08.127276",
  "device": "solar_panel",
  "panel_id": 1,
  "power_watts": 709,
  "temperature": 57,
  "status": "ok"
}
--------------------------------------------------------------------------------
{
  "timestamp": "2026-02-22T00:33:09.128182",
  "device": "solar_panel",
  "panel_id": 2,
  "power_watts": 713,
  "temperature": 59,
  "status": "ok"
}
--------------------------------------------------------------------------------
{
  "timestamp": "2026-02-22T00:33:10.133087",
  "device": "solar_panel",
  "panel_id": 3,
  "power_watts": 973,
  "temperature": 51,
  "status": "ok"
}
--------------------------------------------------------------------------------
{
  "timestamp": "2026-02-22T00:33:16.138161",
  "device": "solar_panel",
  "panel_id": 1,
  "power_watts": 107,
  "temperature": 58,
  "status": "ok"
}
--------------------------------------------------------------------------------
{
  "timestamp": "2026-02-22T00:33:17.139204",
  "device": "solar_panel",
  "panel_id": 2,
  "power_watts": 370,
  "temperature": 28,
  "status": "ok"
}
--------------------------------------------------------------------------------
{
  "timestamp": "2026-02-22T00:33:18.140613",
  "device": "solar_panel",
  "panel_id": 3,
  "power_watts": 512,
  "temperature": 28,
  "status": "ok"
}
--------------------------------------------------------------------------------
{
  "timestamp": "2026-02-22T00:33:24.142204",
  "device": "solar_panel",
  "panel_id": 1,
  "power_watts": 724,
  "temperature": 43,
  "status": "ok"
}
--------------------------------------------------------------------------------
{
  "timestamp": "2026-02-22T00:33:25.143251",
  "device": "solar_panel",
  "panel_id": 2,
  "power_watts": 799,
  "temperature": 49,
  "status": "ok"
}
--------------------------------------------------------------------------------
{
  "timestamp": "2026-02-22T00:33:26.144356",
  "device": "solar_panel",
  "panel_id": 3,
  "power_watts": 499,
  "temperature": 51,
  "status": "ok"
}
--------------------------------------------------------------------------------
{
  "timestamp": "2026-02-22T00:33:32.145922",
  "device": "solar_panel",
  "panel_id": 1,
  "power_watts": 174,
  "temperature": 31,
  "status": "ok"
}
--------------------------------------------------------------------------------
{
  "timestamp": "2026-02-22T00:33:33.146852",
  "device": "solar_panel",
  "panel_id": 2,
  "power_watts": 865,
  "temperature": 54,
  "status": "ok"
}
--------------------------------------------------------------------------------
{
  "timestamp": "2026-02-22T00:33:34.147714",
  "device": "solar_panel",
  "panel_id": 3,
  "power_watts": 983,
  "temperature": 33,
  "status": "ok"
}
--------------------------------------------------------------------------------
{
  "timestamp": "2026-02-22T00:33:40.149806",
  "device": "solar_panel",
  "panel_id": 1,
  "power_watts": 804,
  "temperature": 47,
  "status": "ok"
}
--------------------------------------------------------------------------------
{
  "timestamp": "2026-02-22T00:33:41.150879",
  "device": "solar_panel",
  "panel_id": 2,
  "power_watts": 322,
  "temperature": 40,
  "status": "ok"
}
--------------------------------------------------------------------------------
{
  "timestamp": "2026-02-22T00:33:42.151593",
  "device": "solar_panel",
  "panel_id": 3,
  "power_watts": 890,
  "temperature": 45,
  "status": "ok"
}
--------------------------------------------------------------------------------
{
  "timestamp": "2026-02-22T00:33:48.153297",
  "device": "solar_panel",
  "panel_id": 1,
  "power_watts": 64,
  "temperature": 58,
  "status": "low_power"
}
--------------------------------------------------------------------------------
{
  "timestamp": "2026-02-22T00:33:49.154364",
  "device": "solar_panel",
  "panel_id": 2,
  "power_watts": 56,
  "temperature": 28,
  "status": "low_power"
}
--------------------------------------------------------------------------------
{
  "timestamp": "2026-02-22T00:33:50.155554",
  "device": "solar_panel",
  "panel_id": 3,
  "power_watts": 956,
  "temperature": 38,
  "status": "ok"
}
--------------------------------------------------------------------------------
{
  "timestamp": "2026-02-22T00:33:56.156934",
  "device": "solar_panel",
  "panel_id": 1,
  "power_watts": 603,
  "temperature": 42,
  "status": "ok"
}
--------------------------------------------------------------------------------
{
  "timestamp": "2026-02-22T00:33:57.157689",
  "device": "solar_panel",
  "panel_id": 2,
  "power_watts": 488,
  "temperature": 45,
  "status": "ok"
}
--------------------------------------------------------------------------------
{
  "timestamp": "2026-02-22T00:33:58.158583",
  "device": "solar_panel",
  "panel_id": 3,
  "power_watts": 671,
  "temperature": 47,
  "status": "ok"
}
--------------------------------------------------------------------------------
{
  "timestamp": "2026-02-22T00:34:04.160016",
  "device": "solar_panel",
  "panel_id": 1,
  "power_watts": 277,
  "temperature": 27,
  "status": "ok"
}
--------------------------------------------------------------------------------
{
  "timestamp": "2026-02-22T00:34:05.161060",
  "device": "solar_panel",
  "panel_id": 2,
  "power_watts": 252,
  "temperature": 46,
  "status": "ok"
}
--------------------------------------------------------------------------------
{
  "timestamp": "2026-02-22T00:34:06.162368",
  "device": "solar_panel",
  "panel_id": 3,
  "power_watts": 342,
  "temperature": 47,
  "status": "ok"
}
--------------------------------------------------------------------------------
{
  "timestamp": "2026-02-22T00:34:12.164478",
  "device": "solar_panel",
  "panel_id": 1,
  "power_watts": 291,
  "temperature": 37,
  "status": "ok"
}
--------------------------------------------------------------------------------
{
  "timestamp": "2026-02-22T00:34:13.165590",
  "device": "solar_panel",
  "panel_id": 2,
  "power_watts": 65,
  "temperature": 30,
  "status": "low_power"
}
--------------------------------------------------------------------------------
{
  "timestamp": "2026-02-22T00:34:14.166329",
  "device": "solar_panel",
  "panel_id": 3,
  "power_watts": 906,
  "temperature": 51,
  "status": "ok"
}
--------------------------------------------------------------------------------
{
  "timestamp": "2026-02-22T00:34:20.167698",
  "device": "solar_panel",
  "panel_id": 1,
  "power_watts": 352,
  "temperature": 32,
  "status": "ok"
}
--------------------------------------------------------------------------------
{
  "timestamp": "2026-02-22T00:34:21.168478",
  "device": "solar_panel",
  "panel_id": 2,
  "power_watts": 848,
  "temperature": 44,
  "status": "ok"
}
--------------------------------------------------------------------------------
{
  "timestamp": "2026-02-22T00:34:22.169237",
  "device": "solar_panel",
  "panel_id": 3,
  "power_watts": 729,
  "temperature": 46,
  "status": "ok"
}
--------------------------------------------------------------------------------
{
  "timestamp": "2026-02-22T00:35:01.334467",
  "device": "solar_panel",
  "panel_id": 1,
  "power_watts": 494,
  "temperature": 34,
  "status": "ok"
}
--------------------------------------------------------------------------------
{
  "timestamp": "2026-02-22T00:35:02.335703",
  "device": "solar_panel",
  "panel_id": 2,
  "power_watts": 963,
  "temperature": 34,
  "status": "ok"
}
--------------------------------------------------------------------------------
{
  "timestamp": "2026-02-22T00:35:03.336789",
  "device": "solar_panel",
  "panel_id": 3,
  "power_watts": 72,
  "temperature": 29,
  "status": "low_power"
}
--------------------------------------------------------------------------------
{
  "timestamp": "2026-02-22T00:37:04.338121",
  "device": "solar_panel",
  "panel_id": 1,
  "power_watts": 526,
  "temperature": 25,
  "status": "ok"
}
--------------------------------------------------------------------------------
{
  "timestamp": "2026-02-22T00:37:05.339199",
  "device": "solar_panel",
  "panel_id": 2,
  "power_watts": 538,
  "temperature": 60,
  "status": "ok"
}
--------------------------------------------------------------------------------
{
  "timestamp": "2026-02-22T00:37:06.339989",
  "device": "solar_panel",
  "panel_id": 3,
  "power_watts": 186,
  "temperature": 33,
  "status": "ok"
}
--------------------------------------------------------------------------------
{
  "timestamp": "2026-02-22T11:03:02.414423",
  "device": "solar_panel",
  "panel_id": 1,
  "power_watts": 305,
  "temperature": 50,
  "status": "ok"
}
--------------------------------------------------------------------------------
{
  "timestamp": "2026-02-22T11:03:03.415254",
  "device": "solar_panel",
  "panel_id": 2,
  "power_watts": 522,
  "temperature": 39,
  "status": "ok"
}
--------------------------------------------------------------------------------
{
  "timestamp": "2026-02-22T11:03:04.415847",
  "device": "solar_panel",
  "panel_id": 3,
  "power_watts": 768,
  "temperature": 48,
  "status": "ok"
}
--------------------------------------------------------------------------------
{
  "timestamp": "2026-02-22T11:05:05.417244",
  "device": "solar_panel",
  "panel_id": 1,
  "power_watts": 495,
  "temperature": 49,
  "status": "ok"
}
--------------------------------------------------------------------------------
{
  "timestamp": "2026-02-22T11:05:06.418026",
  "device": "solar_panel",
  "panel_id": 2,
  "power_watts": 905,
  "temperature": 57,
  "status": "ok"
}
--------------------------------------------------------------------------------
{
  "timestamp": "2026-02-22T11:05:07.418754",
  "device": "solar_panel",
  "panel_id": 3,
  "power_watts": 949,
  "temperature": 56,
  "status": "ok"
}
--------------------------------------------------------------------------------
{
  "timestamp": "2026-02-22T11:07:08.420093",
  "device": "solar_panel",
  "panel_id": 1,
  "power_watts": 536,
  "temperature": 54,
  "status": "ok"
}
--------------------------------------------------------------------------------
{
  "timestamp": "2026-02-22T11:07:09.421304",
  "device": "solar_panel",
  "panel_id": 2,
  "power_watts": 148,
  "temperature": 48,
  "status": "ok"
}
--------------------------------------------------------------------------------
{
  "timestamp": "2026-02-22T11:07:10.422293",
  "device": "solar_panel",
  "panel_id": 3,
  "power_watts": 100,
  "temperature": 46,
  "status": "low_power"
}
--------------------------------------------------------------------------------
{
  "timestamp": "2026-02-22T11:09:11.424027",
  "device": "solar_panel",
  "panel_id": 1,
  "power_watts": 437,
  "temperature": 52,
  "status": "ok"
}
--------------------------------------------------------------------------------
{
  "timestamp": "2026-02-22T11:09:12.425342",
  "device": "solar_panel",
  "panel_id": 2,
  "power_watts": 539,
  "temperature": 50,
  "status": "ok"
}
--------------------------------------------------------------------------------
{
  "timestamp": "2026-02-22T11:09:13.426646",
  "device": "solar_panel",
  "panel_id": 3,
  "power_watts": 282,
  "temperature": 39,
  "status": "ok"
}
--------------------------------------------------------------------------------
{
  "timestamp": "2026-02-22T11:11:14.428147",
  "device": "solar_panel",
  "panel_id": 1,
  "power_watts": 619,
  "temperature": 38,
  "status": "ok"
}
--------------------------------------------------------------------------------
{
  "timestamp": "2026-02-22T11:11:15.429223",
  "device": "solar_panel",
  "panel_id": 2,
  "power_watts": 275,
  "temperature": 58,
  "status": "ok"
}
--------------------------------------------------------------------------------
{
  "timestamp": "2026-02-22T11:11:16.430636",
  "device": "solar_panel",
  "panel_id": 3,
  "power_watts": 303,
  "temperature": 50,
  "status": "ok"
}
--------------------------------------------------------------------------------
{
  "timestamp": "2026-02-22T11:13:14.962621",
  "device": "solar_panel",
  "panel_id": 1,
  "power_watts": 652,
  "temperature": 50,
  "status": "ok"
}
--------------------------------------------------------------------------------
{
  "timestamp": "2026-02-22T11:13:15.963660",
  "device": "solar_panel",
  "panel_id": 2,
  "power_watts": 775,
  "temperature": 25,
  "status": "ok"
}
--------------------------------------------------------------------------------
{
  "timestamp": "2026-02-22T11:13:16.964286",
  "device": "solar_panel",
  "panel_id": 3,
  "power_watts": 864,
  "temperature": 55,
  "status": "ok"
}
--------------------------------------------------------------------------------
{
  "timestamp": "2026-02-22T11:14:17.965820",
  "device": "solar_panel",
  "panel_id": 1,
  "power_watts": 775,
  "temperature": 49,
  "status": "ok"
}
--------------------------------------------------------------------------------
{
  "timestamp": "2026-02-22T11:14:18.966756",
  "device": "solar_panel",
  "panel_id": 2,
  "power_watts": 976,
  "temperature": 36,
  "status": "ok"
}
--------------------------------------------------------------------------------
{
  "timestamp": "2026-02-22T11:14:19.967845",
  "device": "solar_panel",
  "panel_id": 3,
  "power_watts": 482,
  "temperature": 46,
  "status": "ok"
}
--------------------------------------------------------------------------------
{
  "timestamp": "2026-02-22T11:15:20.969559",
  "device": "solar_panel",
  "panel_id": 1,
  "power_watts": 365,
  "temperature": 42,
  "status": "ok"
}
--------------------------------------------------------------------------------
{
  "timestamp": "2026-02-22T11:15:21.970492",
  "device": "solar_panel",
  "panel_id": 2,
  "power_watts": 89,
  "temperature": 43,
  "status": "low_power"
}
--------------------------------------------------------------------------------
{
  "timestamp": "2026-02-22T11:15:22.971660",
  "device": "solar_panel",
  "panel_id": 3,
  "power_watts": 460,
  "temperature": 41,
  "status": "ok"
}
--------------------------------------------------------------------------------
{
  "timestamp": "2026-02-22T11:16:23.973297",
  "device": "solar_panel",
  "panel_id": 1,
  "power_watts": 712,
  "temperature": 32,
  "status": "ok"
}
--------------------------------------------------------------------------------
{
  "timestamp": "2026-02-22T11:16:24.974319",
  "device": "solar_panel",
  "panel_id": 2,
  "power_watts": 335,
  "temperature": 42,
  "status": "ok"
}
--------------------------------------------------------------------------------
{
  "timestamp": "2026-02-22T11:16:25.975196",
  "device": "solar_panel",
  "panel_id": 3,
  "power_watts": 598,
  "temperature": 38,
  "status": "ok"
}
--------------------------------------------------------------------------------
{
  "timestamp": "2026-02-22T11:17:26.976553",
  "device": "solar_panel",
  "panel_id": 1,
  "power_watts": 310,
  "temperature": 27,
  "status": "ok"
}
--------------------------------------------------------------------------------
{
  "timestamp": "2026-02-22T11:17:27.977405",
  "device": "solar_panel",
  "panel_id": 2,
  "power_watts": 948,
  "temperature": 58,
  "status": "ok"
}
--------------------------------------------------------------------------------
{
  "timestamp": "2026-02-22T11:17:28.978741",
  "device": "solar_panel",
  "panel_id": 3,
  "power_watts": 870,
  "temperature": 56,
  "status": "ok"
}
--------------------------------------------------------------------------------
{
  "timestamp": "2026-02-22T11:18:29.980394",
  "device": "solar_panel",
  "panel_id": 1,
  "power_watts": 70,
  "temperature": 59,
  "status": "low_power"
}
--------------------------------------------------------------------------------
{
  "timestamp": "2026-02-22T11:18:30.981794",
  "device": "solar_panel",
  "panel_id": 2,
  "power_watts": 550,
  "temperature": 50,
  "status": "ok"
}
--------------------------------------------------------------------------------
{
  "timestamp": "2026-02-22T11:18:31.982764",
  "device": "solar_panel",
  "panel_id": 3,
  "power_watts": 279,
  "temperature": 44,
  "status": "ok"
}
--------------------------------------------------------------------------------
{
  "timestamp": "2026-02-22T11:19:32.983917",
  "device": "solar_panel",
  "panel_id": 1,
  "power_watts": 379,
  "temperature": 48,
  "status": "ok"
}
--------------------------------------------------------------------------------
{
  "timestamp": "2026-02-22T11:19:33.985017",
  "device": "solar_panel",
  "panel_id": 2,
  "power_watts": 54,
  "temperature": 40,
  "status": "low_power"
}
--------------------------------------------------------------------------------
{
  "timestamp": "2026-02-22T11:19:34.986122",
  "device": "solar_panel",
  "panel_id": 3,
  "power_watts": 136,
  "temperature": 32,
  "status": "ok"
}
--------------------------------------------------------------------------------
{
  "timestamp": "2026-02-22T11:20:35.990992",
  "device": "solar_panel",
  "panel_id": 1,
  "power_watts": 168,
  "temperature": 50,
  "status": "ok"
}
--------------------------------------------------------------------------------
{
  "timestamp": "2026-02-22T11:20:36.991918",
  "device": "solar_panel",
  "panel_id": 2,
  "power_watts": 350,
  "temperature": 38,
  "status": "ok"
}
--------------------------------------------------------------------------------
{
  "timestamp": "2026-02-22T11:20:37.994778",
  "device": "solar_panel",
  "panel_id": 3,
  "power_watts": 881,
  "temperature": 41,
  "status": "ok"
}
--------------------------------------------------------------------------------
{
  "timestamp": "2026-02-22T11:21:38.996243",
  "device": "solar_panel",
  "panel_id": 1,
  "power_watts": 191,
  "temperature": 48,
  "status": "ok"
}
--------------------------------------------------------------------------------
{
  "timestamp": "2026-02-22T11:21:39.997337",
  "device": "solar_panel",
  "panel_id": 2,
  "power_watts": 319,
  "temperature": 57,
  "status": "ok"
}
--------------------------------------------------------------------------------
{
  "timestamp": "2026-02-22T11:21:40.998127",
  "device": "solar_panel",
  "panel_id": 3,
  "power_watts": 240,
  "temperature": 36,
  "status": "ok"
}
--------------------------------------------------------------------------------
{
  "timestamp": "2026-02-22T11:22:42.000116",
  "device": "solar_panel",
  "panel_id": 1,
  "power_watts": 116,
  "temperature": 39,
  "status": "ok"
}
--------------------------------------------------------------------------------
{
  "timestamp": "2026-02-22T11:22:43.001391",
  "device": "solar_panel",
  "panel_id": 2,
  "power_watts": 253,
  "temperature": 49,
  "status": "ok"
}
--------------------------------------------------------------------------------
{
  "timestamp": "2026-02-22T11:22:44.002326",
  "device": "solar_panel",
  "panel_id": 3,
  "power_watts": 315,
  "temperature": 51,
  "status": "ok"
}
--------------------------------------------------------------------------------
{
  "timestamp": "2026-02-22T11:23:45.004337",
  "device": "solar_panel",
  "panel_id": 1,
  "power_watts": 819,
  "temperature": 41,
  "status": "ok"
}
--------------------------------------------------------------------------------
{
  "timestamp": "2026-02-22T11:23:46.005591",
  "device": "solar_panel",
  "panel_id": 2,
  "power_watts": 143,
  "temperature": 36,
  "status": "ok"
}
--------------------------------------------------------------------------------
{
  "timestamp": "2026-02-22T11:23:47.006437",
  "device": "solar_panel",
  "panel_id": 3,
  "power_watts": 958,
  "temperature": 54,
  "status": "ok"
}
--------------------------------------------------------------------------------
{
  "timestamp": "2026-02-22T11:24:48.008060",
  "device": "solar_panel",
  "panel_id": 1,
  "power_watts": 350,
  "temperature": 45,
  "status": "ok"
}
--------------------------------------------------------------------------------
{
  "timestamp": "2026-02-22T11:24:49.009394",
  "device": "solar_panel",
  "panel_id": 2,
  "power_watts": 297,
  "temperature": 33,
  "status": "ok"
}
--------------------------------------------------------------------------------
{
  "timestamp": "2026-02-22T11:24:50.010503",
  "device": "solar_panel",
  "panel_id": 3,
  "power_watts": 609,
  "temperature": 39,
  "status": "ok"
}
--------------------------------------------------------------------------------
{
  "timestamp": "2026-02-22T11:25:51.011731",
  "device": "solar_panel",
  "panel_id": 1,
  "power_watts": 830,
  "temperature": 48,
  "status": "ok"
}
--------------------------------------------------------------------------------
{
  "timestamp": "2026-02-22T11:25:52.012956",
  "device": "solar_panel",
  "panel_id": 2,
  "power_watts": 881,
  "temperature": 44,
  "status": "ok"
}
--------------------------------------------------------------------------------
{
  "timestamp": "2026-02-22T11:25:53.014365",
  "device": "solar_panel",
  "panel_id": 3,
  "power_watts": 119,
  "temperature": 42,
  "status": "ok"
}
--------------------------------------------------------------------------------
{
  "timestamp": "2026-02-22T11:26:54.015499",
  "device": "solar_panel",
  "panel_id": 1,
  "power_watts": 846,
  "temperature": 36,
  "status": "ok"
}
--------------------------------------------------------------------------------
{
  "timestamp": "2026-02-22T11:26:55.016814",
  "device": "solar_panel",
  "panel_id": 2,
  "power_watts": 874,
  "temperature": 45,
  "status": "ok"
}
--------------------------------------------------------------------------------
{
  "timestamp": "2026-02-22T11:26:56.017933",
  "device": "solar_panel",
  "panel_id": 3,
  "power_watts": 560,
  "temperature": 43,
  "status": "ok"
}
--------------------------------------------------------------------------------
{
  "timestamp": "2026-02-22T11:27:57.019114",
  "device": "solar_panel",
  "panel_id": 1,
  "power_watts": 290,
  "temperature": 60,
  "status": "ok"
}
--------------------------------------------------------------------------------
{
  "timestamp": "2026-02-22T11:27:58.020514",
  "device": "solar_panel",
  "panel_id": 2,
  "power_watts": 865,
  "temperature": 28,
  "status": "ok"
}
--------------------------------------------------------------------------------
{
  "timestamp": "2026-02-22T11:27:59.021368",
  "device": "solar_panel",
  "panel_id": 3,
  "power_watts": 719,
  "temperature": 34,
  "status": "ok"
}
--------------------------------------------------------------------------------
{
  "timestamp": "2026-02-22T11:29:00.022287",
  "device": "solar_panel",
  "panel_id": 1,
  "power_watts": 251,
  "temperature": 60,
  "status": "ok"
}
--------------------------------------------------------------------------------
{
  "timestamp": "2026-02-22T11:29:01.023629",
  "device": "solar_panel",
  "panel_id": 2,
  "power_watts": 636,
  "temperature": 54,
  "status": "ok"
}
--------------------------------------------------------------------------------
{
  "timestamp": "2026-02-22T11:29:02.025222",
  "device": "solar_panel",
  "panel_id": 3,
  "power_watts": 847,
  "temperature": 50,
  "status": "ok"
}
--------------------------------------------------------------------------------
{
  "timestamp": "2026-02-22T11:30:03.026326",
  "device": "solar_panel",
  "panel_id": 1,
  "power_watts": 719,
  "temperature": 60,
  "status": "ok"
}
--------------------------------------------------------------------------------
{
  "timestamp": "2026-02-22T11:30:04.027336",
  "device": "solar_panel",
  "panel_id": 2,
  "power_watts": 990,
  "temperature": 34,
  "status": "ok"
}
--------------------------------------------------------------------------------
{
  "timestamp": "2026-02-22T11:30:05.028563",
  "device": "solar_panel",
  "panel_id": 3,
  "power_watts": 58,
  "temperature": 44,
  "status": "low_power"
}
--------------------------------------------------------------------------------
{
  "timestamp": "2026-02-22T11:30:36.330882",
  "device": "solar_panel",
  "panel_id": 1,
  "power_watts": 153,
  "temperature": 44,
  "status": "ok"
}
--------------------------------------------------------------------------------
{
  "timestamp": "2026-02-22T11:30:37.331528",
  "device": "solar_panel",
  "panel_id": 2,
  "power_watts": 553,
  "temperature": 28,
  "status": "ok"
}
--------------------------------------------------------------------------------
{
  "timestamp": "2026-02-22T11:30:38.332602",
  "device": "solar_panel",
  "panel_id": 3,
  "power_watts": 692,
  "temperature": 25,
  "status": "ok"
}
--------------------------------------------------------------------------------
{
  "timestamp": "2026-02-22T11:30:49.339597",
  "device": "solar_panel",
  "panel_id": 1,
  "power_watts": 908,
  "temperature": 33,
  "status": "ok"
}
--------------------------------------------------------------------------------
{
  "timestamp": "2026-02-22T11:30:50.340411",
  "device": "solar_panel",
  "panel_id": 2,
  "power_watts": 870,
  "temperature": 39,
  "status": "ok"
}
--------------------------------------------------------------------------------
{
  "timestamp": "2026-02-22T11:30:51.341364",
  "device": "solar_panel",
  "panel_id": 3,
  "power_watts": 766,
  "temperature": 39,
  "status": "ok"
}
--------------------------------------------------------------------------------
{
  "timestamp": "2026-02-22T11:31:02.342413",
  "device": "solar_panel",
  "panel_id": 1,
  "power_watts": 87,
  "temperature": 45,
  "status": "low_power"
}
--------------------------------------------------------------------------------
{
  "timestamp": "2026-02-22T11:31:03.343362",
  "device": "solar_panel",
  "panel_id": 2,
  "power_watts": 403,
  "temperature": 33,
  "status": "ok"
}
--------------------------------------------------------------------------------
{
  "timestamp": "2026-02-22T11:31:04.344721",
  "device": "solar_panel",
  "panel_id": 3,
  "power_watts": 247,
  "temperature": 45,
  "status": "ok"
}
--------------------------------------------------------------------------------
{
  "timestamp": "2026-02-22T11:31:15.346006",
  "device": "solar_panel",
  "panel_id": 1,
  "power_watts": 805,
  "temperature": 32,
  "status": "ok"
}
--------------------------------------------------------------------------------
{
  "timestamp": "2026-02-22T11:31:16.346859",
  "device": "solar_panel",
  "panel_id": 2,
  "power_watts": 915,
  "temperature": 40,
  "status": "ok"
}
--------------------------------------------------------------------------------
{
  "timestamp": "2026-02-22T11:31:17.347665",
  "device": "solar_panel",
  "panel_id": 3,
  "power_watts": 789,
  "temperature": 40,
  "status": "ok"
}
--------------------------------------------------------------------------------
{
  "timestamp": "2026-02-22T11:31:28.349037",
  "device": "solar_panel",
  "panel_id": 1,
  "power_watts": 194,
  "temperature": 44,
  "status": "ok"
}
--------------------------------------------------------------------------------
{
  "timestamp": "2026-02-22T11:31:29.350150",
  "device": "solar_panel",
  "panel_id": 2,
  "power_watts": 315,
  "temperature": 60,
  "status": "ok"
}
--------------------------------------------------------------------------------
{
  "timestamp": "2026-02-22T11:31:30.350957",
  "device": "solar_panel",
  "panel_id": 3,
  "power_watts": 583,
  "temperature": 45,
  "status": "ok"
}
--------------------------------------------------------------------------------
{
  "timestamp": "2026-02-22T11:31:41.351987",
  "device": "solar_panel",
  "panel_id": 1,
  "power_watts": 83,
  "temperature": 41,
  "status": "low_power"
}
--------------------------------------------------------------------------------
{
  "timestamp": "2026-02-22T11:31:42.352956",
  "device": "solar_panel",
  "panel_id": 2,
  "power_watts": 183,
  "temperature": 56,
  "status": "ok"
}
--------------------------------------------------------------------------------
{
  "timestamp": "2026-02-22T11:31:43.353729",
  "device": "solar_panel",
  "panel_id": 3,
  "power_watts": 498,
  "temperature": 48,
  "status": "ok"
}
--------------------------------------------------------------------------------
{
  "timestamp": "2026-02-22T11:31:54.355145",
  "device": "solar_panel",
  "panel_id": 1,
  "power_watts": 510,
  "temperature": 58,
  "status": "ok"
}
--------------------------------------------------------------------------------
{
  "timestamp": "2026-02-22T11:31:55.356058",
  "device": "solar_panel",
  "panel_id": 2,
  "power_watts": 531,
  "temperature": 33,
  "status": "ok"
}
--------------------------------------------------------------------------------
{
  "timestamp": "2026-02-22T11:31:56.357233",
  "device": "solar_panel",
  "panel_id": 3,
  "power_watts": 524,
  "temperature": 53,
  "status": "ok"
}
--------------------------------------------------------------------------------
{
  "timestamp": "2026-02-22T11:32:07.358767",
  "device": "solar_panel",
  "panel_id": 1,
  "power_watts": 124,
  "temperature": 40,
  "status": "ok"
}
--------------------------------------------------------------------------------
{
  "timestamp": "2026-02-22T11:32:08.359661",
  "device": "solar_panel",
  "panel_id": 2,
  "power_watts": 94,
  "temperature": 58,
  "status": "low_power"
}
--------------------------------------------------------------------------------
{
  "timestamp": "2026-02-22T11:32:09.360635",
  "device": "solar_panel",
  "panel_id": 3,
  "power_watts": 887,
  "temperature": 36,
  "status": "ok"
}
--------------------------------------------------------------------------------
{
  "timestamp": "2026-02-22T11:32:20.362335",
  "device": "solar_panel",
  "panel_id": 1,
  "power_watts": 722,
  "temperature": 48,
  "status": "ok"
}
--------------------------------------------------------------------------------
{
  "timestamp": "2026-02-22T11:32:21.363143",
  "device": "solar_panel",
  "panel_id": 2,
  "power_watts": 443,
  "temperature": 45,
  "status": "ok"
}
--------------------------------------------------------------------------------
{
  "timestamp": "2026-02-22T11:32:22.364263",
  "device": "solar_panel",
  "panel_id": 3,
  "power_watts": 101,
  "temperature": 50,
  "status": "ok"
}
--------------------------------------------------------------------------------
{
  "timestamp": "2026-02-22T11:32:33.365859",
  "device": "solar_panel",
  "panel_id": 1,
  "power_watts": 417,
  "temperature": 51,
  "status": "ok"
}
--------------------------------------------------------------------------------
{
  "timestamp": "2026-02-22T11:32:34.366649",
  "device": "solar_panel",
  "panel_id": 2,
  "power_watts": 173,
  "temperature": 47,
  "status": "ok"
}
--------------------------------------------------------------------------------
{
  "timestamp": "2026-02-22T11:32:35.367627",
  "device": "solar_panel",
  "panel_id": 3,
  "power_watts": 369,
  "temperature": 38,
  "status": "ok"
}
--------------------------------------------------------------------------------
{
  "timestamp": "2026-02-22T11:32:46.368972",
  "device": "solar_panel",
  "panel_id": 1,
  "power_watts": 859,
  "temperature": 59,
  "status": "ok"
}
--------------------------------------------------------------------------------
{
  "timestamp": "2026-02-22T11:32:47.370157",
  "device": "solar_panel",
  "panel_id": 2,
  "power_watts": 630,
  "temperature": 29,
  "status": "ok"
}
--------------------------------------------------------------------------------
{
  "timestamp": "2026-02-22T11:32:48.371167",
  "device": "solar_panel",
  "panel_id": 3,
  "power_watts": 592,
  "temperature": 56,
  "status": "ok"
}
--------------------------------------------------------------------------------
{
  "timestamp": "2026-02-22T11:32:59.373005",
  "device": "solar_panel",
  "panel_id": 1,
  "power_watts": 571,
  "temperature": 27,
  "status": "ok"
}
--------------------------------------------------------------------------------
{
  "timestamp": "2026-02-22T11:33:00.374098",
  "device": "solar_panel",
  "panel_id": 2,
  "power_watts": 262,
  "temperature": 52,
  "status": "ok"
}
--------------------------------------------------------------------------------
{
  "timestamp": "2026-02-22T11:33:01.375501",
  "device": "solar_panel",
  "panel_id": 3,
  "power_watts": 502,
  "temperature": 31,
  "status": "ok"
}
--------------------------------------------------------------------------------
{
  "timestamp": "2026-02-22T11:33:12.377146",
  "device": "solar_panel",
  "panel_id": 1,
  "power_watts": 160,
  "temperature": 48,
  "status": "ok"
}
--------------------------------------------------------------------------------
{
  "timestamp": "2026-02-22T11:33:13.378647",
  "device": "solar_panel",
  "panel_id": 2,
  "power_watts": 433,
  "temperature": 58,
  "status": "ok"
}
--------------------------------------------------------------------------------
{
  "timestamp": "2026-02-22T11:33:14.380135",
  "device": "solar_panel",
  "panel_id": 3,
  "power_watts": 342,
  "temperature": 45,
  "status": "ok"
}
--------------------------------------------------------------------------------
{
  "timestamp": "2026-02-22T11:33:25.381477",
  "device": "solar_panel",
  "panel_id": 1,
  "power_watts": 670,
  "temperature": 56,
  "status": "ok"
}
--------------------------------------------------------------------------------
{
  "timestamp": "2026-02-22T11:33:26.382494",
  "device": "solar_panel",
  "panel_id": 2,
  "power_watts": 810,
  "temperature": 49,
  "status": "ok"
}
--------------------------------------------------------------------------------
{
  "timestamp": "2026-02-22T11:33:27.383533",
  "device": "solar_panel",
  "panel_id": 3,
  "power_watts": 607,
  "temperature": 34,
  "status": "ok"
}
--------------------------------------------------------------------------------
{
  "timestamp": "2026-02-22T11:33:38.384777",
  "device": "solar_panel",
  "panel_id": 1,
  "power_watts": 175,
  "temperature": 41,
  "status": "ok"
}
--------------------------------------------------------------------------------
{
  "timestamp": "2026-02-22T11:33:39.385866",
  "device": "solar_panel",
  "panel_id": 2,
  "power_watts": 422,
  "temperature": 43,
  "status": "ok"
}
--------------------------------------------------------------------------------
{
  "timestamp": "2026-02-22T11:33:40.386775",
  "device": "solar_panel",
  "panel_id": 3,
  "power_watts": 505,
  "temperature": 35,
  "status": "ok"
}
--------------------------------------------------------------------------------
{
  "timestamp": "2026-02-22T11:33:51.388213",
  "device": "solar_panel",
  "panel_id": 1,
  "power_watts": 418,
  "temperature": 32,
  "status": "ok"
}
--------------------------------------------------------------------------------
{
  "timestamp": "2026-02-22T11:33:52.388976",
  "device": "solar_panel",
  "panel_id": 2,
  "power_watts": 161,
  "temperature": 45,
  "status": "ok"
}
--------------------------------------------------------------------------------
{
  "timestamp": "2026-02-22T11:33:53.389675",
  "device": "solar_panel",
  "panel_id": 3,
  "power_watts": 308,
  "temperature": 34,
  "status": "ok"
}
--------------------------------------------------------------------------------
{
  "timestamp": "2026-02-22T11:34:04.391118",
  "device": "solar_panel",
  "panel_id": 1,
  "power_watts": 77,
  "temperature": 46,
  "status": "low_power"
}
--------------------------------------------------------------------------------
{
  "timestamp": "2026-02-22T11:34:05.391830",
  "device": "solar_panel",
  "panel_id": 2,
  "power_watts": 943,
  "temperature": 40,
  "status": "ok"
}
--------------------------------------------------------------------------------
{
  "timestamp": "2026-02-22T11:34:06.393406",
  "device": "solar_panel",
  "panel_id": 3,
  "power_watts": 875,
  "temperature": 31,
  "status": "ok"
}
--------------------------------------------------------------------------------
{
  "timestamp": "2026-02-22T11:34:17.395251",
  "device": "solar_panel",
  "panel_id": 1,
  "power_watts": 380,
  "temperature": 35,
  "status": "ok"
}
--------------------------------------------------------------------------------
{
  "timestamp": "2026-02-22T11:34:18.396277",
  "device": "solar_panel",
  "panel_id": 2,
  "power_watts": 316,
  "temperature": 47,
  "status": "ok"
}
--------------------------------------------------------------------------------
{
  "timestamp": "2026-02-22T11:34:19.416824",
  "device": "solar_panel",
  "panel_id": 3,
  "power_watts": 571,
  "temperature": 28,
  "status": "ok"
}
--------------------------------------------------------------------------------
{
  "timestamp": "2026-02-22T11:34:30.419658",
  "device": "solar_panel",
  "panel_id": 1,
  "power_watts": 916,
  "temperature": 60,
  "status": "ok"
}
--------------------------------------------------------------------------------
{
  "timestamp": "2026-02-22T11:34:31.420628",
  "device": "solar_panel",
  "panel_id": 2,
  "power_watts": 419,
  "temperature": 34,
  "status": "ok"
}
--------------------------------------------------------------------------------
{
  "timestamp": "2026-02-22T11:34:32.425040",
  "device": "solar_panel",
  "panel_id": 3,
  "power_watts": 363,
  "temperature": 28,
  "status": "ok"
}
--------------------------------------------------------------------------------
{
  "timestamp": "2026-02-22T11:34:43.426756",
  "device": "solar_panel",
  "panel_id": 1,
  "power_watts": 834,
  "temperature": 29,
  "status": "ok"
}
--------------------------------------------------------------------------------
{
  "timestamp": "2026-02-22T11:34:44.427762",
  "device": "solar_panel",
  "panel_id": 2,
  "power_watts": 739,
  "temperature": 28,
  "status": "ok"
}
--------------------------------------------------------------------------------
{
  "timestamp": "2026-02-22T11:34:45.429603",
  "device": "solar_panel",
  "panel_id": 3,
  "power_watts": 168,
  "temperature": 40,
  "status": "ok"
}
--------------------------------------------------------------------------------
{
  "timestamp": "2026-02-22T11:34:56.430869",
  "device": "solar_panel",
  "panel_id": 1,
  "power_watts": 737,
  "temperature": 53,
  "status": "ok"
}
--------------------------------------------------------------------------------
{
  "timestamp": "2026-02-22T11:34:57.431766",
  "device": "solar_panel",
  "panel_id": 2,
  "power_watts": 966,
  "temperature": 44,
  "status": "ok"
}
--------------------------------------------------------------------------------
{
  "timestamp": "2026-02-22T11:34:58.433569",
  "device": "solar_panel",
  "panel_id": 3,
  "power_watts": 766,
  "temperature": 58,
  "status": "ok"
}
--------------------------------------------------------------------------------
{
  "timestamp": "2026-02-22T11:35:09.434792",
  "device": "solar_panel",
  "panel_id": 1,
  "power_watts": 747,
  "temperature": 43,
  "status": "ok"
}
--------------------------------------------------------------------------------
{
  "timestamp": "2026-02-22T11:35:10.435689",
  "device": "solar_panel",
  "panel_id": 2,
  "power_watts": 248,
  "temperature": 40,
  "status": "ok"
}
--------------------------------------------------------------------------------
{
  "timestamp": "2026-02-22T11:35:11.436791",
  "device": "solar_panel",
  "panel_id": 3,
  "power_watts": 608,
  "temperature": 38,
  "status": "ok"
}
--------------------------------------------------------------------------------
{
  "timestamp": "2026-02-22T11:35:22.438054",
  "device": "solar_panel",
  "panel_id": 1,
  "power_watts": 612,
  "temperature": 53,
  "status": "ok"
}
--------------------------------------------------------------------------------
{
  "timestamp": "2026-02-22T11:35:23.439133",
  "device": "solar_panel",
  "panel_id": 2,
  "power_watts": 989,
  "temperature": 60,
  "status": "ok"
}
--------------------------------------------------------------------------------
{
  "timestamp": "2026-02-22T11:35:24.440099",
  "device": "solar_panel",
  "panel_id": 3,
  "power_watts": 910,
  "temperature": 37,
  "status": "ok"
}
--------------------------------------------------------------------------------
{
  "timestamp": "2026-02-22T11:35:35.441485",
  "device": "solar_panel",
  "panel_id": 1,
  "power_watts": 943,
  "temperature": 60,
  "status": "ok"
}
--------------------------------------------------------------------------------
{
  "timestamp": "2026-02-22T11:35:36.442959",
  "device": "solar_panel",
  "panel_id": 2,
  "power_watts": 159,
  "temperature": 45,
  "status": "ok"
}
--------------------------------------------------------------------------------
{
  "timestamp": "2026-02-22T11:35:37.443941",
  "device": "solar_panel",
  "panel_id": 3,
  "power_watts": 324,
  "temperature": 52,
  "status": "ok"
}
--------------------------------------------------------------------------------
{
  "timestamp": "2026-02-22T11:35:48.445257",
  "device": "solar_panel",
  "panel_id": 1,
  "power_watts": 443,
  "temperature": 55,
  "status": "ok"
}
--------------------------------------------------------------------------------
{
  "timestamp": "2026-02-22T11:35:49.446427",
  "device": "solar_panel",
  "panel_id": 2,
  "power_watts": 252,
  "temperature": 46,
  "status": "ok"
}
--------------------------------------------------------------------------------
{
  "timestamp": "2026-02-22T11:35:50.447511",
  "device": "solar_panel",
  "panel_id": 3,
  "power_watts": 825,
  "temperature": 46,
  "status": "ok"
}
--------------------------------------------------------------------------------
{
  "timestamp": "2026-02-22T11:36:01.449087",
  "device": "solar_panel",
  "panel_id": 1,
  "power_watts": 371,
  "temperature": 43,
  "status": "ok"
}
--------------------------------------------------------------------------------
{
  "timestamp": "2026-02-22T11:36:02.449958",
  "device": "solar_panel",
  "panel_id": 2,
  "power_watts": 956,
  "temperature": 58,
  "status": "ok"
}
--------------------------------------------------------------------------------
{
  "timestamp": "2026-02-22T11:36:03.450852",
  "device": "solar_panel",
  "panel_id": 3,
  "power_watts": 423,
  "temperature": 38,
  "status": "ok"
}
--------------------------------------------------------------------------------
{
  "timestamp": "2026-02-22T11:36:14.452201",
  "device": "solar_panel",
  "panel_id": 1,
  "power_watts": 55,
  "temperature": 55,
  "status": "low_power"
}
--------------------------------------------------------------------------------
{
  "timestamp": "2026-02-22T11:36:15.453322",
  "device": "solar_panel",
  "panel_id": 2,
  "power_watts": 779,
  "temperature": 43,
  "status": "ok"
}
--------------------------------------------------------------------------------
{
  "timestamp": "2026-02-22T11:36:16.454224",
  "device": "solar_panel",
  "panel_id": 3,
  "power_watts": 91,
  "temperature": 25,
  "status": "low_power"
}
--------------------------------------------------------------------------------
{
  "timestamp": "2026-02-22T11:36:27.455688",
  "device": "solar_panel",
  "panel_id": 1,
  "power_watts": 214,
  "temperature": 34,
  "status": "ok"
}
--------------------------------------------------------------------------------
{
  "timestamp": "2026-02-22T11:36:28.456934",
  "device": "solar_panel",
  "panel_id": 2,
  "power_watts": 741,
  "temperature": 47,
  "status": "ok"
}
--------------------------------------------------------------------------------
{
  "timestamp": "2026-02-22T11:36:29.457849",
  "device": "solar_panel",
  "panel_id": 3,
  "power_watts": 883,
  "temperature": 36,
  "status": "ok"
}
--------------------------------------------------------------------------------
{
  "timestamp": "2026-02-22T11:36:40.459421",
  "device": "solar_panel",
  "panel_id": 1,
  "power_watts": 504,
  "temperature": 53,
  "status": "ok"
}
--------------------------------------------------------------------------------
{
  "timestamp": "2026-02-22T11:36:41.460409",
  "device": "solar_panel",
  "panel_id": 2,
  "power_watts": 864,
  "temperature": 42,
  "status": "ok"
}
--------------------------------------------------------------------------------
{
  "timestamp": "2026-02-22T11:36:42.461631",
  "device": "solar_panel",
  "panel_id": 3,
  "power_watts": 416,
  "temperature": 37,
  "status": "ok"
}
--------------------------------------------------------------------------------
{
  "timestamp": "2026-02-22T11:36:53.463237",
  "device": "solar_panel",
  "panel_id": 1,
  "power_watts": 301,
  "temperature": 43,
  "status": "ok"
}
--------------------------------------------------------------------------------
{
  "timestamp": "2026-02-22T11:36:54.463955",
  "device": "solar_panel",
  "panel_id": 2,
  "power_watts": 156,
  "temperature": 56,
  "status": "ok"
}
--------------------------------------------------------------------------------
{
  "timestamp": "2026-02-22T11:36:55.464853",
  "device": "solar_panel",
  "panel_id": 3,
  "power_watts": 964,
  "temperature": 45,
  "status": "ok"
}
--------------------------------------------------------------------------------
{
  "timestamp": "2026-02-22T11:37:06.465874",
  "device": "solar_panel",
  "panel_id": 1,
  "power_watts": 843,
  "temperature": 58,
  "status": "ok"
}
--------------------------------------------------------------------------------
{
  "timestamp": "2026-02-22T11:37:07.467495",
  "device": "solar_panel",
  "panel_id": 2,
  "power_watts": 109,
  "temperature": 47,
  "status": "ok"
}
--------------------------------------------------------------------------------
{
  "timestamp": "2026-02-22T11:37:08.469047",
  "device": "solar_panel",
  "panel_id": 3,
  "power_watts": 161,
  "temperature": 29,
  "status": "ok"
}
--------------------------------------------------------------------------------
{
  "timestamp": "2026-02-22T11:37:19.470363",
  "device": "solar_panel",
  "panel_id": 1,
  "power_watts": 577,
  "temperature": 33,
  "status": "ok"
}
--------------------------------------------------------------------------------
{
  "timestamp": "2026-02-22T11:37:20.471169",
  "device": "solar_panel",
  "panel_id": 2,
  "power_watts": 971,
  "temperature": 55,
  "status": "ok"
}
--------------------------------------------------------------------------------
{
  "timestamp": "2026-02-22T11:37:21.472058",
  "device": "solar_panel",
  "panel_id": 3,
  "power_watts": 746,
  "temperature": 34,
  "status": "ok"
}
--------------------------------------------------------------------------------
{
  "timestamp": "2026-02-22T11:37:32.473619",
  "device": "solar_panel",
  "panel_id": 1,
  "power_watts": 497,
  "temperature": 46,
  "status": "ok"
}
--------------------------------------------------------------------------------
{
  "timestamp": "2026-02-22T11:37:33.474808",
  "device": "solar_panel",
  "panel_id": 2,
  "power_watts": 256,
  "temperature": 50,
  "status": "ok"
}
--------------------------------------------------------------------------------
{
  "timestamp": "2026-02-22T11:37:34.475796",
  "device": "solar_panel",
  "panel_id": 3,
  "power_watts": 752,
  "temperature": 42,
  "status": "ok"
}
--------------------------------------------------------------------------------
{
  "timestamp": "2026-02-22T11:37:45.477149",
  "device": "solar_panel",
  "panel_id": 1,
  "power_watts": 701,
  "temperature": 47,
  "status": "ok"
}
--------------------------------------------------------------------------------
{
  "timestamp": "2026-02-22T11:37:46.478302",
  "device": "solar_panel",
  "panel_id": 2,
  "power_watts": 923,
  "temperature": 36,
  "status": "ok"
}
--------------------------------------------------------------------------------
{
  "timestamp": "2026-02-22T11:37:47.479218",
  "device": "solar_panel",
  "panel_id": 3,
  "power_watts": 713,
  "temperature": 45,
  "status": "ok"
}
--------------------------------------------------------------------------------
{
  "timestamp": "2026-02-22T11:37:58.480144",
  "device": "solar_panel",
  "panel_id": 1,
  "power_watts": 450,
  "temperature": 53,
  "status": "ok"
}
--------------------------------------------------------------------------------
{
  "timestamp": "2026-02-22T11:37:59.481419",
  "device": "solar_panel",
  "panel_id": 2,
  "power_watts": 401,
  "temperature": 34,
  "status": "ok"
}
--------------------------------------------------------------------------------
{
  "timestamp": "2026-02-22T11:38:00.482241",
  "device": "solar_panel",
  "panel_id": 3,
  "power_watts": 560,
  "temperature": 60,
  "status": "ok"
}
--------------------------------------------------------------------------------
{
  "timestamp": "2026-02-22T11:38:11.484142",
  "device": "solar_panel",
  "panel_id": 1,
  "power_watts": 430,
  "temperature": 33,
  "status": "ok"
}
--------------------------------------------------------------------------------
{
  "timestamp": "2026-02-22T11:38:12.485347",
  "device": "solar_panel",
  "panel_id": 2,
  "power_watts": 318,
  "temperature": 50,
  "status": "ok"
}
--------------------------------------------------------------------------------
{
  "timestamp": "2026-02-22T11:38:13.486220",
  "device": "solar_panel",
  "panel_id": 3,
  "power_watts": 419,
  "temperature": 32,
  "status": "ok"
}
--------------------------------------------------------------------------------
{
  "timestamp": "2026-02-22T11:38:24.487552",
  "device": "solar_panel",
  "panel_id": 1,
  "power_watts": 215,
  "temperature": 49,
  "status": "ok"
}
--------------------------------------------------------------------------------
{
  "timestamp": "2026-02-22T11:38:25.488665",
  "device": "solar_panel",
  "panel_id": 2,
  "power_watts": 734,
  "temperature": 26,
  "status": "ok"
}
--------------------------------------------------------------------------------
{
  "timestamp": "2026-02-22T11:38:26.489806",
  "device": "solar_panel",
  "panel_id": 3,
  "power_watts": 740,
  "temperature": 49,
  "status": "ok"
}
--------------------------------------------------------------------------------
{
  "timestamp": "2026-02-22T11:38:37.491321",
  "device": "solar_panel",
  "panel_id": 1,
  "power_watts": 83,
  "temperature": 26,
  "status": "low_power"
}
--------------------------------------------------------------------------------
{
  "timestamp": "2026-02-22T11:38:38.492657",
  "device": "solar_panel",
  "panel_id": 2,
  "power_watts": 93,
  "temperature": 42,
  "status": "low_power"
}
--------------------------------------------------------------------------------
{
  "timestamp": "2026-02-22T11:38:39.493726",
  "device": "solar_panel",
  "panel_id": 3,
  "power_watts": 844,
  "temperature": 53,
  "status": "ok"
}
--------------------------------------------------------------------------------
{
  "timestamp": "2026-02-22T11:38:50.495170",
  "device": "solar_panel",
  "panel_id": 1,
  "power_watts": 739,
  "temperature": 51,
  "status": "ok"
}
--------------------------------------------------------------------------------
{
  "timestamp": "2026-02-22T11:38:51.496203",
  "device": "solar_panel",
  "panel_id": 2,
  "power_watts": 131,
  "temperature": 29,
  "status": "ok"
}
--------------------------------------------------------------------------------
{
  "timestamp": "2026-02-22T11:38:52.498683",
  "device": "solar_panel",
  "panel_id": 3,
  "power_watts": 762,
  "temperature": 40,
  "status": "ok"
}
--------------------------------------------------------------------------------
{
  "timestamp": "2026-02-22T11:39:03.500191",
  "device": "solar_panel",
  "panel_id": 1,
  "power_watts": 863,
  "temperature": 41,
  "status": "ok"
}
--------------------------------------------------------------------------------
{
  "timestamp": "2026-02-22T11:39:04.501223",
  "device": "solar_panel",
  "panel_id": 2,
  "power_watts": 574,
  "temperature": 43,
  "status": "ok"
}
--------------------------------------------------------------------------------
{
  "timestamp": "2026-02-22T11:39:05.501981",
  "device": "solar_panel",
  "panel_id": 3,
  "power_watts": 692,
  "temperature": 30,
  "status": "ok"
}
--------------------------------------------------------------------------------
{
  "timestamp": "2026-02-22T11:39:16.503255",
  "device": "solar_panel",
  "panel_id": 1,
  "power_watts": 566,
  "temperature": 58,
  "status": "ok"
}
--------------------------------------------------------------------------------
{
  "timestamp": "2026-02-22T11:39:17.504342",
  "device": "solar_panel",
  "panel_id": 2,
  "power_watts": 490,
  "temperature": 42,
  "status": "ok"
}
--------------------------------------------------------------------------------
{
  "timestamp": "2026-02-22T11:39:18.505571",
  "device": "solar_panel",
  "panel_id": 3,
  "power_watts": 871,
  "temperature": 41,
  "status": "ok"
}
--------------------------------------------------------------------------------
{
  "timestamp": "2026-02-22T11:39:29.507023",
  "device": "solar_panel",
  "panel_id": 1,
  "power_watts": 835,
  "temperature": 33,
  "status": "ok"
}
--------------------------------------------------------------------------------
{
  "timestamp": "2026-02-22T11:39:30.507795",
  "device": "solar_panel",
  "panel_id": 2,
  "power_watts": 518,
  "temperature": 39,
  "status": "ok"
}
--------------------------------------------------------------------------------
{
  "timestamp": "2026-02-22T11:39:31.508682",
  "device": "solar_panel",
  "panel_id": 3,
  "power_watts": 80,
  "temperature": 49,
  "status": "low_power"
}
--------------------------------------------------------------------------------
{
  "timestamp": "2026-02-22T11:39:42.510084",
  "device": "solar_panel",
  "panel_id": 1,
  "power_watts": 948,
  "temperature": 29,
  "status": "ok"
}
--------------------------------------------------------------------------------
{
  "timestamp": "2026-02-22T11:39:43.511284",
  "device": "solar_panel",
  "panel_id": 2,
  "power_watts": 130,
  "temperature": 49,
  "status": "ok"
}
--------------------------------------------------------------------------------
{
  "timestamp": "2026-02-22T11:39:44.512385",
  "device": "solar_panel",
  "panel_id": 3,
  "power_watts": 868,
  "temperature": 34,
  "status": "ok"
}
--------------------------------------------------------------------------------
{
  "timestamp": "2026-02-22T11:39:55.513881",
  "device": "solar_panel",
  "panel_id": 1,
  "power_watts": 617,
  "temperature": 45,
  "status": "ok"
}
--------------------------------------------------------------------------------
{
  "timestamp": "2026-02-22T11:39:56.514898",
  "device": "solar_panel",
  "panel_id": 2,
  "power_watts": 955,
  "temperature": 46,
  "status": "ok"
}
--------------------------------------------------------------------------------
{
  "timestamp": "2026-02-22T11:39:57.515832",
  "device": "solar_panel",
  "panel_id": 3,
  "power_watts": 871,
  "temperature": 57,
  "status": "ok"
}
--------------------------------------------------------------------------------
{
  "timestamp": "2026-02-22T11:40:08.517420",
  "device": "solar_panel",
  "panel_id": 1,
  "power_watts": 615,
  "temperature": 53,
  "status": "ok"
}
--------------------------------------------------------------------------------
{
  "timestamp": "2026-02-22T11:40:09.518408",
  "device": "solar_panel",
  "panel_id": 2,
  "power_watts": 460,
  "temperature": 50,
  "status": "ok"
}
--------------------------------------------------------------------------------
{
  "timestamp": "2026-02-22T11:40:10.519540",
  "device": "solar_panel",
  "panel_id": 3,
  "power_watts": 321,
  "temperature": 25,
  "status": "ok"
}
--------------------------------------------------------------------------------
{
  "timestamp": "2026-02-22T11:40:21.520832",
  "device": "solar_panel",
  "panel_id": 1,
  "power_watts": 229,
  "temperature": 27,
  "status": "ok"
}
--------------------------------------------------------------------------------
{
  "timestamp": "2026-02-22T11:40:22.522238",
  "device": "solar_panel",
  "panel_id": 2,
  "power_watts": 627,
  "temperature": 27,
  "status": "ok"
}
--------------------------------------------------------------------------------
{
  "timestamp": "2026-02-22T11:40:23.523243",
  "device": "solar_panel",
  "panel_id": 3,
  "power_watts": 52,
  "temperature": 31,
  "status": "low_power"
}
--------------------------------------------------------------------------------
{
  "timestamp": "2026-02-22T11:40:34.524710",
  "device": "solar_panel",
  "panel_id": 1,
  "power_watts": 112,
  "temperature": 46,
  "status": "ok"
}
--------------------------------------------------------------------------------
{
  "timestamp": "2026-02-22T11:40:35.525835",
  "device": "solar_panel",
  "panel_id": 2,
  "power_watts": 353,
  "temperature": 25,
  "status": "ok"
}
--------------------------------------------------------------------------------
{
  "timestamp": "2026-02-22T11:40:36.526847",
  "device": "solar_panel",
  "panel_id": 3,
  "power_watts": 843,
  "temperature": 57,
  "status": "ok"
}
--------------------------------------------------------------------------------
{
  "timestamp": "2026-02-22T11:40:47.528285",
  "device": "solar_panel",
  "panel_id": 1,
  "power_watts": 257,
  "temperature": 31,
  "status": "ok"
}
--------------------------------------------------------------------------------
{
  "timestamp": "2026-02-22T11:40:48.529509",
  "device": "solar_panel",
  "panel_id": 2,
  "power_watts": 564,
  "temperature": 29,
  "status": "ok"
}
--------------------------------------------------------------------------------
{
  "timestamp": "2026-02-22T11:40:49.530254",
  "device": "solar_panel",
  "panel_id": 3,
  "power_watts": 259,
  "temperature": 43,
  "status": "ok"
}
--------------------------------------------------------------------------------
{
  "timestamp": "2026-02-22T11:41:00.531744",
  "device": "solar_panel",
  "panel_id": 1,
  "power_watts": 413,
  "temperature": 49,
  "status": "ok"
}
--------------------------------------------------------------------------------
{
  "timestamp": "2026-02-22T11:41:01.532872",
  "device": "solar_panel",
  "panel_id": 2,
  "power_watts": 468,
  "temperature": 32,
  "status": "ok"
}
--------------------------------------------------------------------------------
{
  "timestamp": "2026-02-22T11:41:02.534268",
  "device": "solar_panel",
  "panel_id": 3,
  "power_watts": 185,
  "temperature": 55,
  "status": "ok"
}
--------------------------------------------------------------------------------
{
  "timestamp": "2026-02-22T11:41:13.536017",
  "device": "solar_panel",
  "panel_id": 1,
  "power_watts": 300,
  "temperature": 59,
  "status": "ok"
}
--------------------------------------------------------------------------------
{
  "timestamp": "2026-02-22T11:41:14.536946",
  "device": "solar_panel",
  "panel_id": 2,
  "power_watts": 528,
  "temperature": 28,
  "status": "ok"
}
--------------------------------------------------------------------------------
{
  "timestamp": "2026-02-22T11:41:15.538083",
  "device": "solar_panel",
  "panel_id": 3,
  "power_watts": 299,
  "temperature": 26,
  "status": "ok"
}
--------------------------------------------------------------------------------
{
  "timestamp": "2026-02-22T11:41:26.539650",
  "device": "solar_panel",
  "panel_id": 1,
  "power_watts": 923,
  "temperature": 25,
  "status": "ok"
}
--------------------------------------------------------------------------------
{
  "timestamp": "2026-02-22T11:41:27.540481",
  "device": "solar_panel",
  "panel_id": 2,
  "power_watts": 349,
  "temperature": 29,
  "status": "ok"
}
--------------------------------------------------------------------------------
{
  "timestamp": "2026-02-22T11:41:28.541967",
  "device": "solar_panel",
  "panel_id": 3,
  "power_watts": 298,
  "temperature": 48,
  "status": "ok"
}
--------------------------------------------------------------------------------
{
  "timestamp": "2026-02-22T11:41:39.543620",
  "device": "solar_panel",
  "panel_id": 1,
  "power_watts": 104,
  "temperature": 57,
  "status": "ok"
}
--------------------------------------------------------------------------------
{
  "timestamp": "2026-02-22T11:41:40.544755",
  "device": "solar_panel",
  "panel_id": 2,
  "power_watts": 884,
  "temperature": 48,
  "status": "ok"
}
--------------------------------------------------------------------------------
{
  "timestamp": "2026-02-22T11:41:41.545791",
  "device": "solar_panel",
  "panel_id": 3,
  "power_watts": 284,
  "temperature": 35,
  "status": "ok"
}
--------------------------------------------------------------------------------
{
  "timestamp": "2026-02-22T11:41:52.547629",
  "device": "solar_panel",
  "panel_id": 1,
  "power_watts": 56,
  "temperature": 57,
  "status": "low_power"
}
--------------------------------------------------------------------------------
{
  "timestamp": "2026-02-22T11:41:53.548317",
  "device": "solar_panel",
  "panel_id": 2,
  "power_watts": 271,
  "temperature": 32,
  "status": "ok"
}
--------------------------------------------------------------------------------
{
  "timestamp": "2026-02-22T11:41:54.549258",
  "device": "solar_panel",
  "panel_id": 3,
  "power_watts": 229,
  "temperature": 57,
  "status": "ok"
}
--------------------------------------------------------------------------------
{
  "timestamp": "2026-02-22T11:42:05.550475",
  "device": "solar_panel",
  "panel_id": 1,
  "power_watts": 294,
  "temperature": 47,
  "status": "ok"
}
--------------------------------------------------------------------------------
{
  "timestamp": "2026-02-22T11:42:06.551534",
  "device": "solar_panel",
  "panel_id": 2,
  "power_watts": 862,
  "temperature": 28,
  "status": "ok"
}
--------------------------------------------------------------------------------
{
  "timestamp": "2026-02-22T11:42:07.552679",
  "device": "solar_panel",
  "panel_id": 3,
  "power_watts": 381,
  "temperature": 50,
  "status": "ok"
}
--------------------------------------------------------------------------------
{
  "timestamp": "2026-02-22T11:42:18.554080",
  "device": "solar_panel",
  "panel_id": 1,
  "power_watts": 266,
  "temperature": 35,
  "status": "ok"
}
--------------------------------------------------------------------------------
{
  "timestamp": "2026-02-22T11:42:19.555706",
  "device": "solar_panel",
  "panel_id": 2,
  "power_watts": 610,
  "temperature": 60,
  "status": "ok"
}
--------------------------------------------------------------------------------
{
  "timestamp": "2026-02-22T11:42:20.556703",
  "device": "solar_panel",
  "panel_id": 3,
  "power_watts": 932,
  "temperature": 32,
  "status": "ok"
}
--------------------------------------------------------------------------------
{
  "timestamp": "2026-02-22T11:42:31.558181",
  "device": "solar_panel",
  "panel_id": 1,
  "power_watts": 352,
  "temperature": 42,
  "status": "ok"
}
--------------------------------------------------------------------------------
{
  "timestamp": "2026-02-22T11:42:32.558893",
  "device": "solar_panel",
  "panel_id": 2,
  "power_watts": 782,
  "temperature": 50,
  "status": "ok"
}
--------------------------------------------------------------------------------
{
  "timestamp": "2026-02-22T11:42:33.560165",
  "device": "solar_panel",
  "panel_id": 3,
  "power_watts": 346,
  "temperature": 49,
  "status": "ok"
}
--------------------------------------------------------------------------------
{
  "timestamp": "2026-02-22T11:42:44.561535",
  "device": "solar_panel",
  "panel_id": 1,
  "power_watts": 296,
  "temperature": 54,
  "status": "ok"
}
--------------------------------------------------------------------------------
{
  "timestamp": "2026-02-22T11:42:45.562400",
  "device": "solar_panel",
  "panel_id": 2,
  "power_watts": 474,
  "temperature": 57,
  "status": "ok"
}
--------------------------------------------------------------------------------
{
  "timestamp": "2026-02-22T11:42:46.563703",
  "device": "solar_panel",
  "panel_id": 3,
  "power_watts": 363,
  "temperature": 49,
  "status": "ok"
}
--------------------------------------------------------------------------------
{
  "timestamp": "2026-02-22T11:42:57.565187",
  "device": "solar_panel",
  "panel_id": 1,
  "power_watts": 224,
  "temperature": 26,
  "status": "ok"
}
--------------------------------------------------------------------------------
{
  "timestamp": "2026-02-22T11:42:58.566197",
  "device": "solar_panel",
  "panel_id": 2,
  "power_watts": 85,
  "temperature": 55,
  "status": "low_power"
}
--------------------------------------------------------------------------------
{
  "timestamp": "2026-02-22T11:42:59.568710",
  "device": "solar_panel",
  "panel_id": 3,
  "power_watts": 454,
  "temperature": 33,
  "status": "ok"
}
--------------------------------------------------------------------------------
{
  "timestamp": "2026-02-22T11:43:10.570103",
  "device": "solar_panel",
  "panel_id": 1,
  "power_watts": 216,
  "temperature": 30,
  "status": "ok"
}
--------------------------------------------------------------------------------
{
  "timestamp": "2026-02-22T11:43:11.571670",
  "device": "solar_panel",
  "panel_id": 2,
  "power_watts": 586,
  "temperature": 43,
  "status": "ok"
}
--------------------------------------------------------------------------------
{
  "timestamp": "2026-02-22T11:43:12.573178",
  "device": "solar_panel",
  "panel_id": 3,
  "power_watts": 810,
  "temperature": 31,
  "status": "ok"
}
--------------------------------------------------------------------------------
{
  "timestamp": "2026-02-22T11:58:24.150533",
  "device": "solar_panel",
  "panel_id": 1,
  "power_watts": 60,
  "temperature": 39,
  "status": "low_power"
}
--------------------------------------------------------------------------------
{
  "timestamp": "2026-02-22T11:58:25.151584",
  "device": "solar_panel",
  "panel_id": 2,
  "power_watts": 926,
  "temperature": 60,
  "status": "ok"
}
--------------------------------------------------------------------------------
{
  "timestamp": "2026-02-22T11:58:26.152511",
  "device": "solar_panel",
  "panel_id": 3,
  "power_watts": 591,
  "temperature": 39,
  "status": "ok"
}
--------------------------------------------------------------------------------
{
  "timestamp": "2026-02-22T11:58:37.153667",
  "device": "solar_panel",
  "panel_id": 1,
  "power_watts": 471,
  "temperature": 30,
  "status": "ok"
}
--------------------------------------------------------------------------------
{
  "timestamp": "2026-02-22T11:58:38.154676",
  "device": "solar_panel",
  "panel_id": 2,
  "power_watts": 397,
  "temperature": 30,
  "status": "ok"
}
--------------------------------------------------------------------------------
{
  "timestamp": "2026-02-22T11:58:39.155946",
  "device": "solar_panel",
  "panel_id": 3,
  "power_watts": 880,
  "temperature": 41,
  "status": "ok"
}
--------------------------------------------------------------------------------
{
  "timestamp": "2026-02-22T11:58:50.157590",
  "device": "solar_panel",
  "panel_id": 1,
  "power_watts": 412,
  "temperature": 51,
  "status": "ok"
}
--------------------------------------------------------------------------------
{
  "timestamp": "2026-02-22T11:58:51.158607",
  "device": "solar_panel",
  "panel_id": 2,
  "power_watts": 968,
  "temperature": 59,
  "status": "ok"
}
--------------------------------------------------------------------------------
{
  "timestamp": "2026-02-22T11:58:52.159631",
  "device": "solar_panel",
  "panel_id": 3,
  "power_watts": 732,
  "temperature": 48,
  "status": "ok"
}
--------------------------------------------------------------------------------
{
  "timestamp": "2026-02-22T11:59:03.166125",
  "device": "solar_panel",
  "panel_id": 1,
  "power_watts": 554,
  "temperature": 47,
  "status": "ok"
}
--------------------------------------------------------------------------------
{
  "timestamp": "2026-02-22T11:59:04.167182",
  "device": "solar_panel",
  "panel_id": 2,
  "power_watts": 871,
  "temperature": 50,
  "status": "ok"
}
--------------------------------------------------------------------------------
{
  "timestamp": "2026-02-22T11:59:05.168214",
  "device": "solar_panel",
  "panel_id": 3,
  "power_watts": 238,
  "temperature": 43,
  "status": "ok"
}
--------------------------------------------------------------------------------
{
  "timestamp": "2026-02-22T11:59:16.170478",
  "device": "solar_panel",
  "panel_id": 1,
  "power_watts": 301,
  "temperature": 27,
  "status": "ok"
}
--------------------------------------------------------------------------------
{
  "timestamp": "2026-02-22T11:59:17.171575",
  "device": "solar_panel",
  "panel_id": 2,
  "power_watts": 342,
  "temperature": 51,
  "status": "ok"
}
--------------------------------------------------------------------------------
{
  "timestamp": "2026-02-22T11:59:18.172585",
  "device": "solar_panel",
  "panel_id": 3,
  "power_watts": 860,
  "temperature": 32,
  "status": "ok"
}
--------------------------------------------------------------------------------
{
  "timestamp": "2026-02-22T11:59:29.173900",
  "device": "solar_panel",
  "panel_id": 1,
  "power_watts": 762,
  "temperature": 25,
  "status": "ok"
}
--------------------------------------------------------------------------------
{
  "timestamp": "2026-02-22T11:59:30.175037",
  "device": "solar_panel",
  "panel_id": 2,
  "power_watts": 942,
  "temperature": 42,
  "status": "ok"
}
--------------------------------------------------------------------------------
{
  "timestamp": "2026-02-22T11:59:31.176299",
  "device": "solar_panel",
  "panel_id": 3,
  "power_watts": 870,
  "temperature": 56,
  "status": "ok"
}
--------------------------------------------------------------------------------
{
  "timestamp": "2026-02-22T11:59:42.177325",
  "device": "solar_panel",
  "panel_id": 1,
  "power_watts": 236,
  "temperature": 52,
  "status": "ok"
}
--------------------------------------------------------------------------------
{
  "timestamp": "2026-02-22T11:59:43.178736",
  "device": "solar_panel",
  "panel_id": 2,
  "power_watts": 352,
  "temperature": 57,
  "status": "ok"
}
--------------------------------------------------------------------------------
{
  "timestamp": "2026-02-22T11:59:44.179561",
  "device": "solar_panel",
  "panel_id": 3,
  "power_watts": 593,
  "temperature": 52,
  "status": "ok"
}
--------------------------------------------------------------------------------
{
  "timestamp": "2026-02-22T11:59:55.181286",
  "device": "solar_panel",
  "panel_id": 1,
  "power_watts": 549,
  "temperature": 52,
  "status": "ok"
}
--------------------------------------------------------------------------------
{
  "timestamp": "2026-02-22T11:59:56.182320",
  "device": "solar_panel",
  "panel_id": 2,
  "power_watts": 757,
  "temperature": 56,
  "status": "ok"
}
--------------------------------------------------------------------------------
{
  "timestamp": "2026-02-22T11:59:57.183153",
  "device": "solar_panel",
  "panel_id": 3,
  "power_watts": 446,
  "temperature": 52,
  "status": "ok"
}
--------------------------------------------------------------------------------
{
  "timestamp": "2026-02-22T12:00:08.184480",
  "device": "solar_panel",
  "panel_id": 1,
  "power_watts": 89,
  "temperature": 28,
  "status": "low_power"
}
--------------------------------------------------------------------------------
{
  "timestamp": "2026-02-22T12:00:09.185446",
  "device": "solar_panel",
  "panel_id": 2,
  "power_watts": 976,
  "temperature": 45,
  "status": "ok"
}
--------------------------------------------------------------------------------
{
  "timestamp": "2026-02-22T12:00:10.186406",
  "device": "solar_panel",
  "panel_id": 3,
  "power_watts": 504,
  "temperature": 60,
  "status": "ok"
}
--------------------------------------------------------------------------------
{
  "timestamp": "2026-02-22T12:00:21.187482",
  "device": "solar_panel",
  "panel_id": 1,
  "power_watts": 275,
  "temperature": 60,
  "status": "ok"
}
--------------------------------------------------------------------------------
{
  "timestamp": "2026-02-22T12:00:22.188737",
  "device": "solar_panel",
  "panel_id": 2,
  "power_watts": 391,
  "temperature": 43,
  "status": "ok"
}
--------------------------------------------------------------------------------
{
  "timestamp": "2026-02-22T12:00:23.189512",
  "device": "solar_panel",
  "panel_id": 3,
  "power_watts": 75,
  "temperature": 57,
  "status": "low_power"
}
--------------------------------------------------------------------------------
{
  "timestamp": "2026-02-22T12:00:34.190593",
  "device": "solar_panel",
  "panel_id": 1,
  "power_watts": 561,
  "temperature": 38,
  "status": "ok"
}
--------------------------------------------------------------------------------
{
  "timestamp": "2026-02-22T12:00:35.191670",
  "device": "solar_panel",
  "panel_id": 2,
  "power_watts": 950,
  "temperature": 48,
  "status": "ok"
}
--------------------------------------------------------------------------------
{
  "timestamp": "2026-02-22T12:00:36.192450",
  "device": "solar_panel",
  "panel_id": 3,
  "power_watts": 992,
  "temperature": 49,
  "status": "ok"
}
--------------------------------------------------------------------------------
{
  "timestamp": "2026-02-22T12:00:47.193795",
  "device": "solar_panel",
  "panel_id": 1,
  "power_watts": 698,
  "temperature": 52,
  "status": "ok"
}
--------------------------------------------------------------------------------
{
  "timestamp": "2026-02-22T12:00:48.194745",
  "device": "solar_panel",
  "panel_id": 2,
  "power_watts": 580,
  "temperature": 60,
  "status": "ok"
}
--------------------------------------------------------------------------------
{
  "timestamp": "2026-02-22T12:00:49.196067",
  "device": "solar_panel",
  "panel_id": 3,
  "power_watts": 210,
  "temperature": 34,
  "status": "ok"
}
--------------------------------------------------------------------------------
{
  "timestamp": "2026-02-22T12:01:00.197421",
  "device": "solar_panel",
  "panel_id": 1,
  "power_watts": 103,
  "temperature": 57,
  "status": "ok"
}
--------------------------------------------------------------------------------
{
  "timestamp": "2026-02-22T12:01:01.198310",
  "device": "solar_panel",
  "panel_id": 2,
  "power_watts": 107,
  "temperature": 44,
  "status": "ok"
}
--------------------------------------------------------------------------------
{
  "timestamp": "2026-02-22T12:01:02.199852",
  "device": "solar_panel",
  "panel_id": 3,
  "power_watts": 114,
  "temperature": 39,
  "status": "ok"
}
--------------------------------------------------------------------------------
{
  "timestamp": "2026-02-22T12:01:13.201247",
  "device": "solar_panel",
  "panel_id": 1,
  "power_watts": 225,
  "temperature": 47,
  "status": "ok"
}
--------------------------------------------------------------------------------
{
  "timestamp": "2026-02-22T12:01:14.202334",
  "device": "solar_panel",
  "panel_id": 2,
  "power_watts": 328,
  "temperature": 25,
  "status": "ok"
}
--------------------------------------------------------------------------------
{
  "timestamp": "2026-02-22T12:01:15.203657",
  "device": "solar_panel",
  "panel_id": 3,
  "power_watts": 797,
  "temperature": 44,
  "status": "ok"
}
--------------------------------------------------------------------------------
{
  "timestamp": "2026-02-22T12:01:26.205205",
  "device": "solar_panel",
  "panel_id": 1,
  "power_watts": 544,
  "temperature": 44,
  "status": "ok"
}
--------------------------------------------------------------------------------
{
  "timestamp": "2026-02-22T12:01:27.206165",
  "device": "solar_panel",
  "panel_id": 2,
  "power_watts": 677,
  "temperature": 25,
  "status": "ok"
}
--------------------------------------------------------------------------------
{
  "timestamp": "2026-02-22T12:01:28.206828",
  "device": "solar_panel",
  "panel_id": 3,
  "power_watts": 844,
  "temperature": 55,
  "status": "ok"
}
--------------------------------------------------------------------------------
{
  "timestamp": "2026-02-22T12:01:39.208633",
  "device": "solar_panel",
  "panel_id": 1,
  "power_watts": 293,
  "temperature": 42,
  "status": "ok"
}
--------------------------------------------------------------------------------
{
  "timestamp": "2026-02-22T12:01:40.209717",
  "device": "solar_panel",
  "panel_id": 2,
  "power_watts": 319,
  "temperature": 47,
  "status": "ok"
}
--------------------------------------------------------------------------------
{
  "timestamp": "2026-02-22T12:01:41.210731",
  "device": "solar_panel",
  "panel_id": 3,
  "power_watts": 621,
  "temperature": 55,
  "status": "ok"
}
--------------------------------------------------------------------------------
{
  "timestamp": "2026-02-22T12:01:52.212056",
  "device": "solar_panel",
  "panel_id": 1,
  "power_watts": 157,
  "temperature": 54,
  "status": "ok"
}
--------------------------------------------------------------------------------
{
  "timestamp": "2026-02-22T12:01:53.213441",
  "device": "solar_panel",
  "panel_id": 2,
  "power_watts": 139,
  "temperature": 26,
  "status": "ok"
}
--------------------------------------------------------------------------------
{
  "timestamp": "2026-02-22T12:01:54.214183",
  "device": "solar_panel",
  "panel_id": 3,
  "power_watts": 328,
  "temperature": 58,
  "status": "ok"
}
--------------------------------------------------------------------------------
{
  "timestamp": "2026-02-22T12:02:05.215805",
  "device": "solar_panel",
  "panel_id": 1,
  "power_watts": 838,
  "temperature": 39,
  "status": "ok"
}
--------------------------------------------------------------------------------
{
  "timestamp": "2026-02-22T12:02:06.217072",
  "device": "solar_panel",
  "panel_id": 2,
  "power_watts": 165,
  "temperature": 50,
  "status": "ok"
}
--------------------------------------------------------------------------------
{
  "timestamp": "2026-02-22T12:02:07.218362",
  "device": "solar_panel",
  "panel_id": 3,
  "power_watts": 705,
  "temperature": 43,
  "status": "ok"
}
--------------------------------------------------------------------------------
{
  "timestamp": "2026-02-22T12:02:18.219887",
  "device": "solar_panel",
  "panel_id": 1,
  "power_watts": 420,
  "temperature": 48,
  "status": "ok"
}
--------------------------------------------------------------------------------
{
  "timestamp": "2026-02-22T12:02:19.220578",
  "device": "solar_panel",
  "panel_id": 2,
  "power_watts": 270,
  "temperature": 44,
  "status": "ok"
}
--------------------------------------------------------------------------------
{
  "timestamp": "2026-02-22T12:02:20.221744",
  "device": "solar_panel",
  "panel_id": 3,
  "power_watts": 343,
  "temperature": 35,
  "status": "ok"
}
--------------------------------------------------------------------------------
{
  "timestamp": "2026-02-22T12:02:31.223376",
  "device": "solar_panel",
  "panel_id": 1,
  "power_watts": 915,
  "temperature": 28,
  "status": "ok"
}
--------------------------------------------------------------------------------
{
  "timestamp": "2026-02-22T12:02:32.224974",
  "device": "solar_panel",
  "panel_id": 2,
  "power_watts": 871,
  "temperature": 45,
  "status": "ok"
}
--------------------------------------------------------------------------------
{
  "timestamp": "2026-02-22T12:02:33.226072",
  "device": "solar_panel",
  "panel_id": 3,
  "power_watts": 175,
  "temperature": 55,
  "status": "ok"
}
--------------------------------------------------------------------------------
{
  "timestamp": "2026-02-22T12:02:44.227484",
  "device": "solar_panel",
  "panel_id": 1,
  "power_watts": 456,
  "temperature": 37,
  "status": "ok"
}
--------------------------------------------------------------------------------
{
  "timestamp": "2026-02-22T12:02:45.228280",
  "device": "solar_panel",
  "panel_id": 2,
  "power_watts": 994,
  "temperature": 50,
  "status": "ok"
}
--------------------------------------------------------------------------------
{
  "timestamp": "2026-02-22T12:02:46.229066",
  "device": "solar_panel",
  "panel_id": 3,
  "power_watts": 436,
  "temperature": 59,
  "status": "ok"
}
--------------------------------------------------------------------------------
{
  "timestamp": "2026-02-22T12:02:57.230741",
  "device": "solar_panel",
  "panel_id": 1,
  "power_watts": 691,
  "temperature": 26,
  "status": "ok"
}
--------------------------------------------------------------------------------
{
  "timestamp": "2026-02-22T12:02:58.231950",
  "device": "solar_panel",
  "panel_id": 2,
  "power_watts": 632,
  "temperature": 34,
  "status": "ok"
}
--------------------------------------------------------------------------------
{
  "timestamp": "2026-02-22T12:02:59.233073",
  "device": "solar_panel",
  "panel_id": 3,
  "power_watts": 981,
  "temperature": 41,
  "status": "ok"
}
--------------------------------------------------------------------------------
{
  "timestamp": "2026-02-22T12:03:10.234535",
  "device": "solar_panel",
  "panel_id": 1,
  "power_watts": 188,
  "temperature": 33,
  "status": "ok"
}
--------------------------------------------------------------------------------
{
  "timestamp": "2026-02-22T12:03:11.235714",
  "device": "solar_panel",
  "panel_id": 2,
  "power_watts": 220,
  "temperature": 53,
  "status": "ok"
}
--------------------------------------------------------------------------------
{
  "timestamp": "2026-02-22T12:03:12.237182",
  "device": "solar_panel",
  "panel_id": 3,
  "power_watts": 287,
  "temperature": 25,
  "status": "ok"
}
--------------------------------------------------------------------------------
{
  "timestamp": "2026-02-22T12:03:23.238516",
  "device": "solar_panel",
  "panel_id": 1,
  "power_watts": 144,
  "temperature": 52,
  "status": "ok"
}
--------------------------------------------------------------------------------
{
  "timestamp": "2026-02-22T12:03:24.239748",
  "device": "solar_panel",
  "panel_id": 2,
  "power_watts": 524,
  "temperature": 59,
  "status": "ok"
}
--------------------------------------------------------------------------------
{
  "timestamp": "2026-02-22T12:03:25.240795",
  "device": "solar_panel",
  "panel_id": 3,
  "power_watts": 905,
  "temperature": 25,
  "status": "ok"
}
--------------------------------------------------------------------------------
{
  "timestamp": "2026-02-22T12:03:36.242292",
  "device": "solar_panel",
  "panel_id": 1,
  "power_watts": 323,
  "temperature": 36,
  "status": "ok"
}
--------------------------------------------------------------------------------
{
  "timestamp": "2026-02-22T12:03:37.243347",
  "device": "solar_panel",
  "panel_id": 2,
  "power_watts": 429,
  "temperature": 49,
  "status": "ok"
}
--------------------------------------------------------------------------------
{
  "timestamp": "2026-02-22T12:03:38.246549",
  "device": "solar_panel",
  "panel_id": 3,
  "power_watts": 905,
  "temperature": 27,
  "status": "ok"
}
--------------------------------------------------------------------------------
{
  "timestamp": "2026-02-22T12:03:49.248623",
  "device": "solar_panel",
  "panel_id": 1,
  "power_watts": 683,
  "temperature": 53,
  "status": "ok"
}
--------------------------------------------------------------------------------
{
  "timestamp": "2026-02-22T12:03:50.249855",
  "device": "solar_panel",
  "panel_id": 2,
  "power_watts": 777,
  "temperature": 40,
  "status": "ok"
}
--------------------------------------------------------------------------------
{
  "timestamp": "2026-02-22T12:03:51.250707",
  "device": "solar_panel",
  "panel_id": 3,
  "power_watts": 980,
  "temperature": 44,
  "status": "ok"
}
--------------------------------------------------------------------------------
{
  "timestamp": "2026-02-22T12:04:02.252452",
  "device": "solar_panel",
  "panel_id": 1,
  "power_watts": 539,
  "temperature": 29,
  "status": "ok"
}
--------------------------------------------------------------------------------
{
  "timestamp": "2026-02-22T12:04:03.253398",
  "device": "solar_panel",
  "panel_id": 2,
  "power_watts": 888,
  "temperature": 34,
  "status": "ok"
}
--------------------------------------------------------------------------------
{
  "timestamp": "2026-02-22T12:04:04.254247",
  "device": "solar_panel",
  "panel_id": 3,
  "power_watts": 519,
  "temperature": 58,
  "status": "ok"
}
--------------------------------------------------------------------------------
{
  "timestamp": "2026-02-22T12:04:15.255454",
  "device": "solar_panel",
  "panel_id": 1,
  "power_watts": 846,
  "temperature": 54,
  "status": "ok"
}
--------------------------------------------------------------------------------
{
  "timestamp": "2026-02-22T12:04:16.256419",
  "device": "solar_panel",
  "panel_id": 2,
  "power_watts": 289,
  "temperature": 47,
  "status": "ok"
}
--------------------------------------------------------------------------------
{
  "timestamp": "2026-02-22T12:04:17.257560",
  "device": "solar_panel",
  "panel_id": 3,
  "power_watts": 197,
  "temperature": 46,
  "status": "ok"
}
--------------------------------------------------------------------------------
{
  "timestamp": "2026-02-22T12:04:28.259235",
  "device": "solar_panel",
  "panel_id": 1,
  "power_watts": 278,
  "temperature": 47,
  "status": "ok"
}
--------------------------------------------------------------------------------
{
  "timestamp": "2026-02-22T12:04:29.260107",
  "device": "solar_panel",
  "panel_id": 2,
  "power_watts": 240,
  "temperature": 59,
  "status": "ok"
}
--------------------------------------------------------------------------------
{
  "timestamp": "2026-02-22T12:04:30.261051",
  "device": "solar_panel",
  "panel_id": 3,
  "power_watts": 997,
  "temperature": 53,
  "status": "ok"
}
--------------------------------------------------------------------------------
{
  "timestamp": "2026-02-22T12:04:41.262829",
  "device": "solar_panel",
  "panel_id": 1,
  "power_watts": 355,
  "temperature": 25,
  "status": "ok"
}
--------------------------------------------------------------------------------
{
  "timestamp": "2026-02-22T12:04:42.263977",
  "device": "solar_panel",
  "panel_id": 2,
  "power_watts": 52,
  "temperature": 53,
  "status": "low_power"
}
--------------------------------------------------------------------------------
{
  "timestamp": "2026-02-22T12:04:43.265205",
  "device": "solar_panel",
  "panel_id": 3,
  "power_watts": 463,
  "temperature": 48,
  "status": "ok"
}
--------------------------------------------------------------------------------
{
  "timestamp": "2026-02-22T12:04:54.266606",
  "device": "solar_panel",
  "panel_id": 1,
  "power_watts": 724,
  "temperature": 29,
  "status": "ok"
}
--------------------------------------------------------------------------------
{
  "timestamp": "2026-02-22T12:04:55.267725",
  "device": "solar_panel",
  "panel_id": 2,
  "power_watts": 531,
  "temperature": 32,
  "status": "ok"
}
--------------------------------------------------------------------------------
{
  "timestamp": "2026-02-22T12:04:56.268527",
  "device": "solar_panel",
  "panel_id": 3,
  "power_watts": 490,
  "temperature": 28,
  "status": "ok"
}
--------------------------------------------------------------------------------
{
  "timestamp": "2026-02-22T12:05:07.269570",
  "device": "solar_panel",
  "panel_id": 1,
  "power_watts": 155,
  "temperature": 28,
  "status": "ok"
}
--------------------------------------------------------------------------------
{
  "timestamp": "2026-02-22T12:05:08.270338",
  "device": "solar_panel",
  "panel_id": 2,
  "power_watts": 870,
  "temperature": 48,
  "status": "ok"
}
--------------------------------------------------------------------------------
{
  "timestamp": "2026-02-22T12:05:09.271666",
  "device": "solar_panel",
  "panel_id": 3,
  "power_watts": 572,
  "temperature": 33,
  "status": "ok"
}
--------------------------------------------------------------------------------
{
  "timestamp": "2026-02-22T12:05:20.273038",
  "device": "solar_panel",
  "panel_id": 1,
  "power_watts": 482,
  "temperature": 51,
  "status": "ok"
}
--------------------------------------------------------------------------------
{
  "timestamp": "2026-02-22T12:05:21.273998",
  "device": "solar_panel",
  "panel_id": 2,
  "power_watts": 666,
  "temperature": 39,
  "status": "ok"
}
--------------------------------------------------------------------------------
{
  "timestamp": "2026-02-22T12:05:22.278493",
  "device": "solar_panel",
  "panel_id": 3,
  "power_watts": 462,
  "temperature": 55,
  "status": "ok"
}
--------------------------------------------------------------------------------
{
  "timestamp": "2026-02-22T12:05:33.290551",
  "device": "solar_panel",
  "panel_id": 1,
  "power_watts": 877,
  "temperature": 40,
  "status": "ok"
}
--------------------------------------------------------------------------------
{
  "timestamp": "2026-02-22T12:05:34.291589",
  "device": "solar_panel",
  "panel_id": 2,
  "power_watts": 716,
  "temperature": 54,
  "status": "ok"
}
--------------------------------------------------------------------------------
{
  "timestamp": "2026-02-22T12:05:35.292546",
  "device": "solar_panel",
  "panel_id": 3,
  "power_watts": 112,
  "temperature": 34,
  "status": "ok"
}
--------------------------------------------------------------------------------
{
  "timestamp": "2026-02-22T12:05:46.294189",
  "device": "solar_panel",
  "panel_id": 1,
  "power_watts": 323,
  "temperature": 58,
  "status": "ok"
}
--------------------------------------------------------------------------------
{
  "timestamp": "2026-02-22T12:05:47.295067",
  "device": "solar_panel",
  "panel_id": 2,
  "power_watts": 604,
  "temperature": 37,
  "status": "ok"
}
--------------------------------------------------------------------------------
{
  "timestamp": "2026-02-22T12:05:48.296005",
  "device": "solar_panel",
  "panel_id": 3,
  "power_watts": 680,
  "temperature": 40,
  "status": "ok"
}
--------------------------------------------------------------------------------
{
  "timestamp": "2026-02-22T12:05:59.297529",
  "device": "solar_panel",
  "panel_id": 1,
  "power_watts": 55,
  "temperature": 34,
  "status": "low_power"
}
--------------------------------------------------------------------------------
{
  "timestamp": "2026-02-22T12:06:00.298488",
  "device": "solar_panel",
  "panel_id": 2,
  "power_watts": 677,
  "temperature": 36,
  "status": "ok"
}
--------------------------------------------------------------------------------
{
  "timestamp": "2026-02-22T12:06:01.299515",
  "device": "solar_panel",
  "panel_id": 3,
  "power_watts": 954,
  "temperature": 56,
  "status": "ok"
}
--------------------------------------------------------------------------------
{
  "timestamp": "2026-02-22T12:06:12.300947",
  "device": "solar_panel",
  "panel_id": 1,
  "power_watts": 384,
  "temperature": 55,
  "status": "ok"
}
--------------------------------------------------------------------------------
{
  "timestamp": "2026-02-22T12:06:13.301806",
  "device": "solar_panel",
  "panel_id": 2,
  "power_watts": 286,
  "temperature": 60,
  "status": "ok"
}
--------------------------------------------------------------------------------
{
  "timestamp": "2026-02-22T12:06:14.302585",
  "device": "solar_panel",
  "panel_id": 3,
  "power_watts": 229,
  "temperature": 48,
  "status": "ok"
}
--------------------------------------------------------------------------------
{
  "timestamp": "2026-02-22T12:06:25.303824",
  "device": "solar_panel",
  "panel_id": 1,
  "power_watts": 316,
  "temperature": 27,
  "status": "ok"
}
--------------------------------------------------------------------------------
{
  "timestamp": "2026-02-22T12:06:26.304735",
  "device": "solar_panel",
  "panel_id": 2,
  "power_watts": 412,
  "temperature": 60,
  "status": "ok"
}
--------------------------------------------------------------------------------
{
  "timestamp": "2026-02-22T12:06:27.306288",
  "device": "solar_panel",
  "panel_id": 3,
  "power_watts": 769,
  "temperature": 51,
  "status": "ok"
}
--------------------------------------------------------------------------------
{
  "timestamp": "2026-02-22T12:06:38.307893",
  "device": "solar_panel",
  "panel_id": 1,
  "power_watts": 982,
  "temperature": 49,
  "status": "ok"
}
--------------------------------------------------------------------------------
{
  "timestamp": "2026-02-22T12:06:39.309010",
  "device": "solar_panel",
  "panel_id": 2,
  "power_watts": 339,
  "temperature": 26,
  "status": "ok"
}
--------------------------------------------------------------------------------
{
  "timestamp": "2026-02-22T12:06:40.309984",
  "device": "solar_panel",
  "panel_id": 3,
  "power_watts": 517,
  "temperature": 36,
  "status": "ok"
}
--------------------------------------------------------------------------------
{
  "timestamp": "2026-02-22T12:06:51.311187",
  "device": "solar_panel",
  "panel_id": 1,
  "power_watts": 244,
  "temperature": 53,
  "status": "ok"
}
--------------------------------------------------------------------------------
{
  "timestamp": "2026-02-22T12:06:52.311947",
  "device": "solar_panel",
  "panel_id": 2,
  "power_watts": 295,
  "temperature": 25,
  "status": "ok"
}
--------------------------------------------------------------------------------
{
  "timestamp": "2026-02-22T12:06:53.312603",
  "device": "solar_panel",
  "panel_id": 3,
  "power_watts": 102,
  "temperature": 60,
  "status": "ok"
}
--------------------------------------------------------------------------------
{
  "timestamp": "2026-02-22T12:07:04.314042",
  "device": "solar_panel",
  "panel_id": 1,
  "power_watts": 883,
  "temperature": 45,
  "status": "ok"
}
--------------------------------------------------------------------------------
{
  "timestamp": "2026-02-22T12:07:05.315059",
  "device": "solar_panel",
  "panel_id": 2,
  "power_watts": 774,
  "temperature": 45,
  "status": "ok"
}
--------------------------------------------------------------------------------
{
  "timestamp": "2026-02-22T12:07:06.315931",
  "device": "solar_panel",
  "panel_id": 3,
  "power_watts": 804,
  "temperature": 57,
  "status": "ok"
}
--------------------------------------------------------------------------------
{
  "timestamp": "2026-02-22T12:07:17.318738",
  "device": "solar_panel",
  "panel_id": 1,
  "power_watts": 469,
  "temperature": 59,
  "status": "ok"
}
--------------------------------------------------------------------------------
{
  "timestamp": "2026-02-22T12:07:18.319675",
  "device": "solar_panel",
  "panel_id": 2,
  "power_watts": 780,
  "temperature": 36,
  "status": "ok"
}
--------------------------------------------------------------------------------
{
  "timestamp": "2026-02-22T12:07:19.320710",
  "device": "solar_panel",
  "panel_id": 3,
  "power_watts": 995,
  "temperature": 35,
  "status": "ok"
}
--------------------------------------------------------------------------------
{
  "timestamp": "2026-02-22T12:07:30.322034",
  "device": "solar_panel",
  "panel_id": 1,
  "power_watts": 639,
  "temperature": 57,
  "status": "ok"
}
--------------------------------------------------------------------------------
{
  "timestamp": "2026-02-22T12:07:31.323035",
  "device": "solar_panel",
  "panel_id": 2,
  "power_watts": 674,
  "temperature": 37,
  "status": "ok"
}
--------------------------------------------------------------------------------
{
  "timestamp": "2026-02-22T12:07:32.323929",
  "device": "solar_panel",
  "panel_id": 3,
  "power_watts": 921,
  "temperature": 28,
  "status": "ok"
}
--------------------------------------------------------------------------------
{
  "timestamp": "2026-02-22T12:07:43.325538",
  "device": "solar_panel",
  "panel_id": 1,
  "power_watts": 84,
  "temperature": 25,
  "status": "low_power"
}
--------------------------------------------------------------------------------
{
  "timestamp": "2026-02-22T12:07:44.327311",
  "device": "solar_panel",
  "panel_id": 2,
  "power_watts": 990,
  "temperature": 55,
  "status": "ok"
}
--------------------------------------------------------------------------------
{
  "timestamp": "2026-02-22T12:07:45.328431",
  "device": "solar_panel",
  "panel_id": 3,
  "power_watts": 388,
  "temperature": 51,
  "status": "ok"
}
--------------------------------------------------------------------------------
{
  "timestamp": "2026-02-22T12:07:56.330246",
  "device": "solar_panel",
  "panel_id": 1,
  "power_watts": 91,
  "temperature": 36,
  "status": "low_power"
}
--------------------------------------------------------------------------------
{
  "timestamp": "2026-02-22T12:07:57.331407",
  "device": "solar_panel",
  "panel_id": 2,
  "power_watts": 656,
  "temperature": 59,
  "status": "ok"
}
--------------------------------------------------------------------------------
{
  "timestamp": "2026-02-22T12:07:58.332574",
  "device": "solar_panel",
  "panel_id": 3,
  "power_watts": 731,
  "temperature": 52,
  "status": "ok"
}
--------------------------------------------------------------------------------
{
  "timestamp": "2026-02-22T12:08:09.334430",
  "device": "solar_panel",
  "panel_id": 1,
  "power_watts": 576,
  "temperature": 45,
  "status": "ok"
}
--------------------------------------------------------------------------------
{
  "timestamp": "2026-02-22T12:08:10.335166",
  "device": "solar_panel",
  "panel_id": 2,
  "power_watts": 472,
  "temperature": 25,
  "status": "ok"
}
--------------------------------------------------------------------------------
{
  "timestamp": "2026-02-22T12:08:11.336000",
  "device": "solar_panel",
  "panel_id": 3,
  "power_watts": 569,
  "temperature": 41,
  "status": "ok"
}
--------------------------------------------------------------------------------
{
  "timestamp": "2026-02-22T12:08:22.337452",
  "device": "solar_panel",
  "panel_id": 1,
  "power_watts": 82,
  "temperature": 50,
  "status": "low_power"
}
--------------------------------------------------------------------------------
{
  "timestamp": "2026-02-22T12:08:23.338426",
  "device": "solar_panel",
  "panel_id": 2,
  "power_watts": 577,
  "temperature": 40,
  "status": "ok"
}
--------------------------------------------------------------------------------
{
  "timestamp": "2026-02-22T12:08:24.339629",
  "device": "solar_panel",
  "panel_id": 3,
  "power_watts": 243,
  "temperature": 25,
  "status": "ok"
}
--------------------------------------------------------------------------------
{
  "timestamp": "2026-02-22T12:08:35.341035",
  "device": "solar_panel",
  "panel_id": 1,
  "power_watts": 271,
  "temperature": 43,
  "status": "ok"
}
--------------------------------------------------------------------------------
{
  "timestamp": "2026-02-22T12:08:36.342135",
  "device": "solar_panel",
  "panel_id": 2,
  "power_watts": 192,
  "temperature": 32,
  "status": "ok"
}
--------------------------------------------------------------------------------
{
  "timestamp": "2026-02-22T12:08:37.343135",
  "device": "solar_panel",
  "panel_id": 3,
  "power_watts": 763,
  "temperature": 36,
  "status": "ok"
}
--------------------------------------------------------------------------------
{
  "timestamp": "2026-02-22T12:08:48.344803",
  "device": "solar_panel",
  "panel_id": 1,
  "power_watts": 449,
  "temperature": 26,
  "status": "ok"
}
--------------------------------------------------------------------------------
{
  "timestamp": "2026-02-22T12:08:49.345969",
  "device": "solar_panel",
  "panel_id": 2,
  "power_watts": 815,
  "temperature": 28,
  "status": "ok"
}
--------------------------------------------------------------------------------
{
  "timestamp": "2026-02-22T12:08:50.347350",
  "device": "solar_panel",
  "panel_id": 3,
  "power_watts": 630,
  "temperature": 52,
  "status": "ok"
}
--------------------------------------------------------------------------------
{
  "timestamp": "2026-02-22T12:09:01.349067",
  "device": "solar_panel",
  "panel_id": 1,
  "power_watts": 645,
  "temperature": 40,
  "status": "ok"
}
--------------------------------------------------------------------------------
{
  "timestamp": "2026-02-22T12:09:02.350279",
  "device": "solar_panel",
  "panel_id": 2,
  "power_watts": 715,
  "temperature": 40,
  "status": "ok"
}
--------------------------------------------------------------------------------
{
  "timestamp": "2026-02-22T12:09:03.351627",
  "device": "solar_panel",
  "panel_id": 3,
  "power_watts": 128,
  "temperature": 47,
  "status": "ok"
}
--------------------------------------------------------------------------------
{
  "timestamp": "2026-02-22T12:09:14.353271",
  "device": "solar_panel",
  "panel_id": 1,
  "power_watts": 925,
  "temperature": 28,
  "status": "ok"
}
--------------------------------------------------------------------------------
{
  "timestamp": "2026-02-22T12:09:15.354556",
  "device": "solar_panel",
  "panel_id": 2,
  "power_watts": 686,
  "temperature": 33,
  "status": "ok"
}
--------------------------------------------------------------------------------
{
  "timestamp": "2026-02-22T12:09:16.356220",
  "device": "solar_panel",
  "panel_id": 3,
  "power_watts": 696,
  "temperature": 54,
  "status": "ok"
}
--------------------------------------------------------------------------------
{
  "timestamp": "2026-02-22T12:09:27.357617",
  "device": "solar_panel",
  "panel_id": 1,
  "power_watts": 267,
  "temperature": 59,
  "status": "ok"
}
--------------------------------------------------------------------------------
{
  "timestamp": "2026-02-22T12:09:28.358287",
  "device": "solar_panel",
  "panel_id": 2,
  "power_watts": 566,
  "temperature": 33,
  "status": "ok"
}
--------------------------------------------------------------------------------
{
  "timestamp": "2026-02-22T12:09:29.381831",
  "device": "solar_panel",
  "panel_id": 3,
  "power_watts": 968,
  "temperature": 41,
  "status": "ok"
}
--------------------------------------------------------------------------------
{
  "timestamp": "2026-02-22T12:09:40.396646",
  "device": "solar_panel",
  "panel_id": 1,
  "power_watts": 641,
  "temperature": 55,
  "status": "ok"
}
--------------------------------------------------------------------------------
{
  "timestamp": "2026-02-22T12:09:41.397667",
  "device": "solar_panel",
  "panel_id": 2,
  "power_watts": 186,
  "temperature": 27,
  "status": "ok"
}
--------------------------------------------------------------------------------
{
  "timestamp": "2026-02-22T12:09:42.398982",
  "device": "solar_panel",
  "panel_id": 3,
  "power_watts": 760,
  "temperature": 45,
  "status": "ok"
}
--------------------------------------------------------------------------------
{
  "timestamp": "2026-02-22T12:09:53.400450",
  "device": "solar_panel",
  "panel_id": 1,
  "power_watts": 923,
  "temperature": 47,
  "status": "ok"
}
--------------------------------------------------------------------------------
{
  "timestamp": "2026-02-22T12:09:54.402048",
  "device": "solar_panel",
  "panel_id": 2,
  "power_watts": 375,
  "temperature": 28,
  "status": "ok"
}
--------------------------------------------------------------------------------
{
  "timestamp": "2026-02-22T12:09:55.405791",
  "device": "solar_panel",
  "panel_id": 3,
  "power_watts": 514,
  "temperature": 38,
  "status": "ok"
}
--------------------------------------------------------------------------------
{
  "timestamp": "2026-02-22T12:10:06.407426",
  "device": "solar_panel",
  "panel_id": 1,
  "power_watts": 975,
  "temperature": 58,
  "status": "ok"
}
--------------------------------------------------------------------------------
{
  "timestamp": "2026-02-22T12:10:07.408440",
  "device": "solar_panel",
  "panel_id": 2,
  "power_watts": 866,
  "temperature": 31,
  "status": "ok"
}
--------------------------------------------------------------------------------
{
  "timestamp": "2026-02-22T12:10:08.409470",
  "device": "solar_panel",
  "panel_id": 3,
  "power_watts": 677,
  "temperature": 52,
  "status": "ok"
}
--------------------------------------------------------------------------------
{
  "timestamp": "2026-02-22T12:10:19.410320",
  "device": "solar_panel",
  "panel_id": 1,
  "power_watts": 178,
  "temperature": 49,
  "status": "ok"
}
--------------------------------------------------------------------------------
{
  "timestamp": "2026-02-22T12:10:20.411232",
  "device": "solar_panel",
  "panel_id": 2,
  "power_watts": 343,
  "temperature": 53,
  "status": "ok"
}
--------------------------------------------------------------------------------
{
  "timestamp": "2026-02-22T12:10:21.412346",
  "device": "solar_panel",
  "panel_id": 3,
  "power_watts": 136,
  "temperature": 26,
  "status": "ok"
}
--------------------------------------------------------------------------------
{
  "timestamp": "2026-02-22T12:10:32.413785",
  "device": "solar_panel",
  "panel_id": 1,
  "power_watts": 869,
  "temperature": 37,
  "status": "ok"
}
--------------------------------------------------------------------------------
{
  "timestamp": "2026-02-22T12:10:33.415218",
  "device": "solar_panel",
  "panel_id": 2,
  "power_watts": 414,
  "temperature": 29,
  "status": "ok"
}
--------------------------------------------------------------------------------
{
  "timestamp": "2026-02-22T12:10:34.416934",
  "device": "solar_panel",
  "panel_id": 3,
  "power_watts": 429,
  "temperature": 54,
  "status": "ok"
}
--------------------------------------------------------------------------------
{
  "timestamp": "2026-02-22T12:10:45.418669",
  "device": "solar_panel",
  "panel_id": 1,
  "power_watts": 611,
  "temperature": 41,
  "status": "ok"
}
--------------------------------------------------------------------------------
{
  "timestamp": "2026-02-22T12:10:46.419699",
  "device": "solar_panel",
  "panel_id": 2,
  "power_watts": 442,
  "temperature": 33,
  "status": "ok"
}
--------------------------------------------------------------------------------
{
  "timestamp": "2026-02-22T12:10:47.421418",
  "device": "solar_panel",
  "panel_id": 3,
  "power_watts": 579,
  "temperature": 49,
  "status": "ok"
}
--------------------------------------------------------------------------------
{
  "timestamp": "2026-02-22T12:10:58.422588",
  "device": "solar_panel",
  "panel_id": 1,
  "power_watts": 339,
  "temperature": 35,
  "status": "ok"
}
--------------------------------------------------------------------------------
{
  "timestamp": "2026-02-22T12:10:59.423711",
  "device": "solar_panel",
  "panel_id": 2,
  "power_watts": 551,
  "temperature": 56,
  "status": "ok"
}
--------------------------------------------------------------------------------
{
  "timestamp": "2026-02-22T12:11:00.425425",
  "device": "solar_panel",
  "panel_id": 3,
  "power_watts": 328,
  "temperature": 58,
  "status": "ok"
}
--------------------------------------------------------------------------------
{
  "timestamp": "2026-02-22T12:11:11.427747",
  "device": "solar_panel",
  "panel_id": 1,
  "power_watts": 954,
  "temperature": 36,
  "status": "ok"
}
--------------------------------------------------------------------------------
{
  "timestamp": "2026-02-22T12:11:12.432644",
  "device": "solar_panel",
  "panel_id": 2,
  "power_watts": 462,
  "temperature": 34,
  "status": "ok"
}
--------------------------------------------------------------------------------
{
  "timestamp": "2026-02-22T12:11:13.433928",
  "device": "solar_panel",
  "panel_id": 3,
  "power_watts": 794,
  "temperature": 56,
  "status": "ok"
}
--------------------------------------------------------------------------------
{
  "timestamp": "2026-02-22T12:11:24.435279",
  "device": "solar_panel",
  "panel_id": 1,
  "power_watts": 1000,
  "temperature": 36,
  "status": "ok"
}
--------------------------------------------------------------------------------
{
  "timestamp": "2026-02-22T12:11:25.436291",
  "device": "solar_panel",
  "panel_id": 2,
  "power_watts": 785,
  "temperature": 60,
  "status": "ok"
}
--------------------------------------------------------------------------------
{
  "timestamp": "2026-02-22T12:11:26.437347",
  "device": "solar_panel",
  "panel_id": 3,
  "power_watts": 394,
  "temperature": 48,
  "status": "ok"
}
--------------------------------------------------------------------------------
{
  "timestamp": "2026-02-22T12:11:37.439008",
  "device": "solar_panel",
  "panel_id": 1,
  "power_watts": 848,
  "temperature": 44,
  "status": "ok"
}
--------------------------------------------------------------------------------
{
  "timestamp": "2026-02-22T12:11:38.440419",
  "device": "solar_panel",
  "panel_id": 2,
  "power_watts": 685,
  "temperature": 55,
  "status": "ok"
}
--------------------------------------------------------------------------------
{
  "timestamp": "2026-02-22T12:11:39.442618",
  "device": "solar_panel",
  "panel_id": 3,
  "power_watts": 916,
  "temperature": 45,
  "status": "ok"
}
--------------------------------------------------------------------------------
{
  "timestamp": "2026-02-22T12:11:50.444791",
  "device": "solar_panel",
  "panel_id": 1,
  "power_watts": 450,
  "temperature": 42,
  "status": "ok"
}
--------------------------------------------------------------------------------
{
  "timestamp": "2026-02-22T12:11:51.446163",
  "device": "solar_panel",
  "panel_id": 2,
  "power_watts": 669,
  "temperature": 43,
  "status": "ok"
}
--------------------------------------------------------------------------------
{
  "timestamp": "2026-02-22T12:11:52.447290",
  "device": "solar_panel",
  "panel_id": 3,
  "power_watts": 273,
  "temperature": 40,
  "status": "ok"
}
--------------------------------------------------------------------------------
{
  "timestamp": "2026-02-22T12:12:03.449106",
  "device": "solar_panel",
  "panel_id": 1,
  "power_watts": 899,
  "temperature": 26,
  "status": "ok"
}
--------------------------------------------------------------------------------
{
  "timestamp": "2026-02-22T12:12:04.449785",
  "device": "solar_panel",
  "panel_id": 2,
  "power_watts": 792,
  "temperature": 51,
  "status": "ok"
}
--------------------------------------------------------------------------------
{
  "timestamp": "2026-02-22T12:12:05.450604",
  "device": "solar_panel",
  "panel_id": 3,
  "power_watts": 482,
  "temperature": 35,
  "status": "ok"
}
--------------------------------------------------------------------------------
{
  "timestamp": "2026-02-22T12:12:16.451745",
  "device": "solar_panel",
  "panel_id": 1,
  "power_watts": 144,
  "temperature": 29,
  "status": "ok"
}
--------------------------------------------------------------------------------
{
  "timestamp": "2026-02-22T12:12:17.452739",
  "device": "solar_panel",
  "panel_id": 2,
  "power_watts": 136,
  "temperature": 33,
  "status": "ok"
}
--------------------------------------------------------------------------------
{
  "timestamp": "2026-02-22T12:12:18.453927",
  "device": "solar_panel",
  "panel_id": 3,
  "power_watts": 541,
  "temperature": 48,
  "status": "ok"
}
--------------------------------------------------------------------------------
{
  "timestamp": "2026-02-22T12:12:29.455355",
  "device": "solar_panel",
  "panel_id": 1,
  "power_watts": 515,
  "temperature": 29,
  "status": "ok"
}
--------------------------------------------------------------------------------
{
  "timestamp": "2026-02-22T12:12:30.456709",
  "device": "solar_panel",
  "panel_id": 2,
  "power_watts": 503,
  "temperature": 44,
  "status": "ok"
}
--------------------------------------------------------------------------------
{
  "timestamp": "2026-02-22T12:12:31.457858",
  "device": "solar_panel",
  "panel_id": 3,
  "power_watts": 939,
  "temperature": 51,
  "status": "ok"
}
--------------------------------------------------------------------------------
{
  "timestamp": "2026-02-22T12:12:42.458979",
  "device": "solar_panel",
  "panel_id": 1,
  "power_watts": 57,
  "temperature": 54,
  "status": "low_power"
}
--------------------------------------------------------------------------------
{
  "timestamp": "2026-02-22T12:12:43.459964",
  "device": "solar_panel",
  "panel_id": 2,
  "power_watts": 360,
  "temperature": 52,
  "status": "ok"
}
--------------------------------------------------------------------------------
{
  "timestamp": "2026-02-22T12:12:44.461676",
  "device": "solar_panel",
  "panel_id": 3,
  "power_watts": 916,
  "temperature": 54,
  "status": "ok"
}
--------------------------------------------------------------------------------
{
  "timestamp": "2026-02-22T12:12:55.499443",
  "device": "solar_panel",
  "panel_id": 1,
  "power_watts": 383,
  "temperature": 30,
  "status": "ok"
}
--------------------------------------------------------------------------------
{
  "timestamp": "2026-02-22T12:12:56.501502",
  "device": "solar_panel",
  "panel_id": 2,
  "power_watts": 482,
  "temperature": 42,
  "status": "ok"
}
--------------------------------------------------------------------------------
{
  "timestamp": "2026-02-22T12:12:57.502973",
  "device": "solar_panel",
  "panel_id": 3,
  "power_watts": 787,
  "temperature": 35,
  "status": "ok"
}
--------------------------------------------------------------------------------
{
  "timestamp": "2026-02-22T12:13:08.504848",
  "device": "solar_panel",
  "panel_id": 1,
  "power_watts": 859,
  "temperature": 35,
  "status": "ok"
}
--------------------------------------------------------------------------------
{
  "timestamp": "2026-02-22T12:13:09.506452",
  "device": "solar_panel",
  "panel_id": 2,
  "power_watts": 144,
  "temperature": 37,
  "status": "ok"
}
--------------------------------------------------------------------------------
{
  "timestamp": "2026-02-22T12:13:10.507365",
  "device": "solar_panel",
  "panel_id": 3,
  "power_watts": 256,
  "temperature": 25,
  "status": "ok"
}
--------------------------------------------------------------------------------
{
  "timestamp": "2026-02-22T12:13:21.508853",
  "device": "solar_panel",
  "panel_id": 1,
  "power_watts": 587,
  "temperature": 60,
  "status": "ok"
}
--------------------------------------------------------------------------------
{
  "timestamp": "2026-02-22T12:13:22.509748",
  "device": "solar_panel",
  "panel_id": 2,
  "power_watts": 600,
  "temperature": 32,
  "status": "ok"
}
--------------------------------------------------------------------------------
{
  "timestamp": "2026-02-22T12:13:23.510697",
  "device": "solar_panel",
  "panel_id": 3,
  "power_watts": 358,
  "temperature": 38,
  "status": "ok"
}
--------------------------------------------------------------------------------
{
  "timestamp": "2026-02-22T12:13:34.511752",
  "device": "solar_panel",
  "panel_id": 1,
  "power_watts": 357,
  "temperature": 55,
  "status": "ok"
}
--------------------------------------------------------------------------------
{
  "timestamp": "2026-02-22T12:13:35.513002",
  "device": "solar_panel",
  "panel_id": 2,
  "power_watts": 982,
  "temperature": 53,
  "status": "ok"
}
--------------------------------------------------------------------------------
{
  "timestamp": "2026-02-22T12:13:36.514059",
  "device": "solar_panel",
  "panel_id": 3,
  "power_watts": 332,
  "temperature": 40,
  "status": "ok"
}
--------------------------------------------------------------------------------
{
  "timestamp": "2026-02-22T12:13:47.515695",
  "device": "solar_panel",
  "panel_id": 1,
  "power_watts": 449,
  "temperature": 46,
  "status": "ok"
}
--------------------------------------------------------------------------------
{
  "timestamp": "2026-02-22T12:13:48.516911",
  "device": "solar_panel",
  "panel_id": 2,
  "power_watts": 578,
  "temperature": 31,
  "status": "ok"
}
--------------------------------------------------------------------------------
{
  "timestamp": "2026-02-22T12:13:49.517929",
  "device": "solar_panel",
  "panel_id": 3,
  "power_watts": 234,
  "temperature": 50,
  "status": "ok"
}
--------------------------------------------------------------------------------
{
  "timestamp": "2026-02-22T12:14:00.519332",
  "device": "solar_panel",
  "panel_id": 1,
  "power_watts": 903,
  "temperature": 49,
  "status": "ok"
}
--------------------------------------------------------------------------------
{
  "timestamp": "2026-02-22T12:14:01.520511",
  "device": "solar_panel",
  "panel_id": 2,
  "power_watts": 810,
  "temperature": 52,
  "status": "ok"
}
--------------------------------------------------------------------------------
{
  "timestamp": "2026-02-22T12:14:02.521852",
  "device": "solar_panel",
  "panel_id": 3,
  "power_watts": 695,
  "temperature": 52,
  "status": "ok"
}
--------------------------------------------------------------------------------
{
  "timestamp": "2026-02-22T12:14:13.523317",
  "device": "solar_panel",
  "panel_id": 1,
  "power_watts": 356,
  "temperature": 42,
  "status": "ok"
}
--------------------------------------------------------------------------------
{
  "timestamp": "2026-02-22T12:14:14.524619",
  "device": "solar_panel",
  "panel_id": 2,
  "power_watts": 925,
  "temperature": 35,
  "status": "ok"
}
--------------------------------------------------------------------------------
{
  "timestamp": "2026-02-22T12:14:15.525585",
  "device": "solar_panel",
  "panel_id": 3,
  "power_watts": 379,
  "temperature": 57,
  "status": "ok"
}
--------------------------------------------------------------------------------
{
  "timestamp": "2026-02-22T12:14:26.527244",
  "device": "solar_panel",
  "panel_id": 1,
  "power_watts": 496,
  "temperature": 46,
  "status": "ok"
}
--------------------------------------------------------------------------------
{
  "timestamp": "2026-02-22T12:14:27.528185",
  "device": "solar_panel",
  "panel_id": 2,
  "power_watts": 641,
  "temperature": 53,
  "status": "ok"
}
--------------------------------------------------------------------------------
{
  "timestamp": "2026-02-22T12:14:28.529449",
  "device": "solar_panel",
  "panel_id": 3,
  "power_watts": 442,
  "temperature": 50,
  "status": "ok"
}
--------------------------------------------------------------------------------
{
  "timestamp": "2026-02-22T12:14:39.530478",
  "device": "solar_panel",
  "panel_id": 1,
  "power_watts": 162,
  "temperature": 54,
  "status": "ok"
}
--------------------------------------------------------------------------------
{
  "timestamp": "2026-02-22T12:14:40.531572",
  "device": "solar_panel",
  "panel_id": 2,
  "power_watts": 151,
  "temperature": 25,
  "status": "ok"
}
--------------------------------------------------------------------------------
{
  "timestamp": "2026-02-22T12:14:41.532402",
  "device": "solar_panel",
  "panel_id": 3,
  "power_watts": 211,
  "temperature": 39,
  "status": "ok"
}
--------------------------------------------------------------------------------
{
  "timestamp": "2026-02-22T12:14:52.534038",
  "device": "solar_panel",
  "panel_id": 1,
  "power_watts": 840,
  "temperature": 44,
  "status": "ok"
}
--------------------------------------------------------------------------------
{
  "timestamp": "2026-02-22T12:14:53.535043",
  "device": "solar_panel",
  "panel_id": 2,
  "power_watts": 736,
  "temperature": 27,
  "status": "ok"
}
--------------------------------------------------------------------------------
{
  "timestamp": "2026-02-22T12:14:54.536332",
  "device": "solar_panel",
  "panel_id": 3,
  "power_watts": 143,
  "temperature": 27,
  "status": "ok"
}
--------------------------------------------------------------------------------
{
  "timestamp": "2026-02-22T12:15:05.538185",
  "device": "solar_panel",
  "panel_id": 1,
  "power_watts": 368,
  "temperature": 44,
  "status": "ok"
}
--------------------------------------------------------------------------------
{
  "timestamp": "2026-02-22T12:15:06.539076",
  "device": "solar_panel",
  "panel_id": 2,
  "power_watts": 828,
  "temperature": 60,
  "status": "ok"
}
--------------------------------------------------------------------------------
{
  "timestamp": "2026-02-22T12:15:07.540564",
  "device": "solar_panel",
  "panel_id": 3,
  "power_watts": 587,
  "temperature": 31,
  "status": "ok"
}
--------------------------------------------------------------------------------
{
  "timestamp": "2026-02-22T12:15:18.542511",
  "device": "solar_panel",
  "panel_id": 1,
  "power_watts": 393,
  "temperature": 57,
  "status": "ok"
}
--------------------------------------------------------------------------------
{
  "timestamp": "2026-02-22T12:15:19.543714",
  "device": "solar_panel",
  "panel_id": 2,
  "power_watts": 965,
  "temperature": 37,
  "status": "ok"
}
--------------------------------------------------------------------------------
{
  "timestamp": "2026-02-22T12:15:20.544933",
  "device": "solar_panel",
  "panel_id": 3,
  "power_watts": 844,
  "temperature": 42,
  "status": "ok"
}
--------------------------------------------------------------------------------
{
  "timestamp": "2026-02-22T14:29:43.506258",
  "device": "solar_panel",
  "panel_id": 1,
  "power_watts": 812,
  "temperature": 28,
  "status": "ok"
}
--------------------------------------------------------------------------------
{
  "timestamp": "2026-02-22T14:29:44.506919",
  "device": "solar_panel",
  "panel_id": 2,
  "power_watts": 152,
  "temperature": 56,
  "status": "ok"
}
--------------------------------------------------------------------------------
{
  "timestamp": "2026-02-22T14:29:45.507697",
  "device": "solar_panel",
  "panel_id": 3,
  "power_watts": 637,
  "temperature": 59,
  "status": "ok"
}
--------------------------------------------------------------------------------
{
  "timestamp": "2026-02-22T14:29:56.508852",
  "device": "solar_panel",
  "panel_id": 1,
  "power_watts": 318,
  "temperature": 36,
  "status": "ok"
}
--------------------------------------------------------------------------------
{
  "timestamp": "2026-02-22T14:29:57.509873",
  "device": "solar_panel",
  "panel_id": 2,
  "power_watts": 373,
  "temperature": 44,
  "status": "ok"
}
--------------------------------------------------------------------------------
{
  "timestamp": "2026-02-22T14:29:58.510677",
  "device": "solar_panel",
  "panel_id": 3,
  "power_watts": 251,
  "temperature": 56,
  "status": "ok"
}
--------------------------------------------------------------------------------
{
  "timestamp": "2026-02-22T14:30:09.511936",
  "device": "solar_panel",
  "panel_id": 1,
  "power_watts": 586,
  "temperature": 57,
  "status": "ok"
}
--------------------------------------------------------------------------------
{
  "timestamp": "2026-02-22T14:30:10.512759",
  "device": "solar_panel",
  "panel_id": 2,
  "power_watts": 197,
  "temperature": 51,
  "status": "ok"
}
--------------------------------------------------------------------------------
{
  "timestamp": "2026-02-22T14:30:11.513610",
  "device": "solar_panel",
  "panel_id": 3,
  "power_watts": 595,
  "temperature": 51,
  "status": "ok"
}
--------------------------------------------------------------------------------
{
  "timestamp": "2026-02-22T14:30:22.515174",
  "device": "solar_panel",
  "panel_id": 1,
  "power_watts": 978,
  "temperature": 40,
  "status": "ok"
}
--------------------------------------------------------------------------------
{
  "timestamp": "2026-02-22T14:30:23.516383",
  "device": "solar_panel",
  "panel_id": 2,
  "power_watts": 748,
  "temperature": 28,
  "status": "ok"
}
--------------------------------------------------------------------------------
{
  "timestamp": "2026-02-22T14:30:24.517499",
  "device": "solar_panel",
  "panel_id": 3,
  "power_watts": 79,
  "temperature": 36,
  "status": "low_power"
}
--------------------------------------------------------------------------------
{
  "timestamp": "2026-02-22T14:30:35.518431",
  "device": "solar_panel",
  "panel_id": 1,
  "power_watts": 468,
  "temperature": 32,
  "status": "ok"
}
--------------------------------------------------------------------------------
{
  "timestamp": "2026-02-22T14:30:36.519388",
  "device": "solar_panel",
  "panel_id": 2,
  "power_watts": 154,
  "temperature": 36,
  "status": "ok"
}
--------------------------------------------------------------------------------
{
  "timestamp": "2026-02-22T14:30:37.520679",
  "device": "solar_panel",
  "panel_id": 3,
  "power_watts": 330,
  "temperature": 25,
  "status": "ok"
}
--------------------------------------------------------------------------------
{
  "timestamp": "2026-02-22T14:30:48.522577",
  "device": "solar_panel",
  "panel_id": 1,
  "power_watts": 424,
  "temperature": 45,
  "status": "ok"
}
--------------------------------------------------------------------------------
{
  "timestamp": "2026-02-22T14:30:49.523792",
  "device": "solar_panel",
  "panel_id": 2,
  "power_watts": 961,
  "temperature": 57,
  "status": "ok"
}
--------------------------------------------------------------------------------
{
  "timestamp": "2026-02-22T14:30:50.524714",
  "device": "solar_panel",
  "panel_id": 3,
  "power_watts": 379,
  "temperature": 49,
  "status": "ok"
}
--------------------------------------------------------------------------------
{
  "timestamp": "2026-02-22T14:31:01.526420",
  "device": "solar_panel",
  "panel_id": 1,
  "power_watts": 340,
  "temperature": 47,
  "status": "ok"
}
--------------------------------------------------------------------------------
{
  "timestamp": "2026-02-22T14:31:02.527839",
  "device": "solar_panel",
  "panel_id": 2,
  "power_watts": 836,
  "temperature": 26,
  "status": "ok"
}
--------------------------------------------------------------------------------
{
  "timestamp": "2026-02-22T14:31:03.528647",
  "device": "solar_panel",
  "panel_id": 3,
  "power_watts": 942,
  "temperature": 34,
  "status": "ok"
}
--------------------------------------------------------------------------------
{
  "timestamp": "2026-02-22T14:31:14.530248",
  "device": "solar_panel",
  "panel_id": 1,
  "power_watts": 868,
  "temperature": 45,
  "status": "ok"
}
--------------------------------------------------------------------------------
{
  "timestamp": "2026-02-22T14:31:15.531022",
  "device": "solar_panel",
  "panel_id": 2,
  "power_watts": 637,
  "temperature": 48,
  "status": "ok"
}
--------------------------------------------------------------------------------
{
  "timestamp": "2026-02-22T14:31:16.531835",
  "device": "solar_panel",
  "panel_id": 3,
  "power_watts": 249,
  "temperature": 32,
  "status": "ok"
}
--------------------------------------------------------------------------------
{
  "timestamp": "2026-02-22T14:31:27.533266",
  "device": "solar_panel",
  "panel_id": 1,
  "power_watts": 241,
  "temperature": 35,
  "status": "ok"
}
--------------------------------------------------------------------------------
{
  "timestamp": "2026-02-22T14:31:28.534271",
  "device": "solar_panel",
  "panel_id": 2,
  "power_watts": 714,
  "temperature": 25,
  "status": "ok"
}
--------------------------------------------------------------------------------
{
  "timestamp": "2026-02-22T14:31:29.535522",
  "device": "solar_panel",
  "panel_id": 3,
  "power_watts": 673,
  "temperature": 26,
  "status": "ok"
}
--------------------------------------------------------------------------------
{
  "timestamp": "2026-02-22T14:31:40.536707",
  "device": "solar_panel",
  "panel_id": 1,
  "power_watts": 335,
  "temperature": 29,
  "status": "ok"
}
--------------------------------------------------------------------------------
{
  "timestamp": "2026-02-22T14:31:41.537873",
  "device": "solar_panel",
  "panel_id": 2,
  "power_watts": 144,
  "temperature": 33,
  "status": "ok"
}
--------------------------------------------------------------------------------
{
  "timestamp": "2026-02-22T14:31:42.539049",
  "device": "solar_panel",
  "panel_id": 3,
  "power_watts": 267,
  "temperature": 52,
  "status": "ok"
}
--------------------------------------------------------------------------------
{
  "timestamp": "2026-02-22T14:31:53.540352",
  "device": "solar_panel",
  "panel_id": 1,
  "power_watts": 424,
  "temperature": 57,
  "status": "ok"
}
--------------------------------------------------------------------------------
{
  "timestamp": "2026-02-22T14:31:54.541601",
  "device": "solar_panel",
  "panel_id": 2,
  "power_watts": 626,
  "temperature": 49,
  "status": "ok"
}
--------------------------------------------------------------------------------
{
  "timestamp": "2026-02-22T14:31:55.542682",
  "device": "solar_panel",
  "panel_id": 3,
  "power_watts": 193,
  "temperature": 54,
  "status": "ok"
}
--------------------------------------------------------------------------------
{
  "timestamp": "2026-02-22T14:32:06.544528",
  "device": "solar_panel",
  "panel_id": 1,
  "power_watts": 219,
  "temperature": 38,
  "status": "ok"
}
--------------------------------------------------------------------------------
{
  "timestamp": "2026-02-22T14:32:07.545577",
  "device": "solar_panel",
  "panel_id": 2,
  "power_watts": 100,
  "temperature": 43,
  "status": "low_power"
}
--------------------------------------------------------------------------------
{
  "timestamp": "2026-02-22T14:32:08.546436",
  "device": "solar_panel",
  "panel_id": 3,
  "power_watts": 313,
  "temperature": 29,
  "status": "ok"
}
--------------------------------------------------------------------------------
{
  "timestamp": "2026-02-22T14:32:19.547930",
  "device": "solar_panel",
  "panel_id": 1,
  "power_watts": 909,
  "temperature": 37,
  "status": "ok"
}
--------------------------------------------------------------------------------
{
  "timestamp": "2026-02-22T14:32:20.549200",
  "device": "solar_panel",
  "panel_id": 2,
  "power_watts": 185,
  "temperature": 27,
  "status": "ok"
}
--------------------------------------------------------------------------------
{
  "timestamp": "2026-02-22T14:32:21.550385",
  "device": "solar_panel",
  "panel_id": 3,
  "power_watts": 280,
  "temperature": 53,
  "status": "ok"
}
--------------------------------------------------------------------------------
{
  "timestamp": "2026-02-22T14:32:32.551725",
  "device": "solar_panel",
  "panel_id": 1,
  "power_watts": 638,
  "temperature": 36,
  "status": "ok"
}
--------------------------------------------------------------------------------
{
  "timestamp": "2026-02-22T14:32:33.552680",
  "device": "solar_panel",
  "panel_id": 2,
  "power_watts": 937,
  "temperature": 34,
  "status": "ok"
}
--------------------------------------------------------------------------------
{
  "timestamp": "2026-02-22T14:32:34.553728",
  "device": "solar_panel",
  "panel_id": 3,
  "power_watts": 960,
  "temperature": 39,
  "status": "ok"
}
--------------------------------------------------------------------------------
{
  "timestamp": "2026-02-22T14:32:45.555551",
  "device": "solar_panel",
  "panel_id": 1,
  "power_watts": 578,
  "temperature": 31,
  "status": "ok"
}
--------------------------------------------------------------------------------
{
  "timestamp": "2026-02-22T14:32:46.556860",
  "device": "solar_panel",
  "panel_id": 2,
  "power_watts": 998,
  "temperature": 41,
  "status": "ok"
}
--------------------------------------------------------------------------------
{
  "timestamp": "2026-02-22T14:32:47.558005",
  "device": "solar_panel",
  "panel_id": 3,
  "power_watts": 773,
  "temperature": 58,
  "status": "ok"
}
--------------------------------------------------------------------------------
{
  "timestamp": "2026-02-22T14:32:58.559616",
  "device": "solar_panel",
  "panel_id": 1,
  "power_watts": 816,
  "temperature": 47,
  "status": "ok"
}
--------------------------------------------------------------------------------
{
  "timestamp": "2026-02-22T14:32:59.561098",
  "device": "solar_panel",
  "panel_id": 2,
  "power_watts": 626,
  "temperature": 58,
  "status": "ok"
}
--------------------------------------------------------------------------------
{
  "timestamp": "2026-02-22T14:33:00.562104",
  "device": "solar_panel",
  "panel_id": 3,
  "power_watts": 698,
  "temperature": 44,
  "status": "ok"
}
--------------------------------------------------------------------------------
{
  "timestamp": "2026-02-22T14:33:11.563762",
  "device": "solar_panel",
  "panel_id": 1,
  "power_watts": 672,
  "temperature": 47,
  "status": "ok"
}
--------------------------------------------------------------------------------
{
  "timestamp": "2026-02-22T14:33:12.564683",
  "device": "solar_panel",
  "panel_id": 2,
  "power_watts": 879,
  "temperature": 31,
  "status": "ok"
}
--------------------------------------------------------------------------------
{
  "timestamp": "2026-02-22T14:33:13.565691",
  "device": "solar_panel",
  "panel_id": 3,
  "power_watts": 973,
  "temperature": 33,
  "status": "ok"
}
--------------------------------------------------------------------------------
{
  "timestamp": "2026-02-22T14:33:24.567215",
  "device": "solar_panel",
  "panel_id": 1,
  "power_watts": 864,
  "temperature": 40,
  "status": "ok"
}
--------------------------------------------------------------------------------
{
  "timestamp": "2026-02-22T14:33:25.568471",
  "device": "solar_panel",
  "panel_id": 2,
  "power_watts": 243,
  "temperature": 28,
  "status": "ok"
}
--------------------------------------------------------------------------------
{
  "timestamp": "2026-02-22T14:33:26.569356",
  "device": "solar_panel",
  "panel_id": 3,
  "power_watts": 52,
  "temperature": 59,
  "status": "low_power"
}
--------------------------------------------------------------------------------
{
  "timestamp": "2026-02-22T14:33:37.570738",
  "device": "solar_panel",
  "panel_id": 1,
  "power_watts": 626,
  "temperature": 49,
  "status": "ok"
}
--------------------------------------------------------------------------------
{
  "timestamp": "2026-02-22T14:33:38.572105",
  "device": "solar_panel",
  "panel_id": 2,
  "power_watts": 546,
  "temperature": 56,
  "status": "ok"
}
--------------------------------------------------------------------------------
{
  "timestamp": "2026-02-22T14:33:39.572842",
  "device": "solar_panel",
  "panel_id": 3,
  "power_watts": 450,
  "temperature": 49,
  "status": "ok"
}
--------------------------------------------------------------------------------
{
  "timestamp": "2026-02-22T14:33:50.574048",
  "device": "solar_panel",
  "panel_id": 1,
  "power_watts": 570,
  "temperature": 30,
  "status": "ok"
}
--------------------------------------------------------------------------------
{
  "timestamp": "2026-02-22T14:33:51.575274",
  "device": "solar_panel",
  "panel_id": 2,
  "power_watts": 485,
  "temperature": 29,
  "status": "ok"
}
--------------------------------------------------------------------------------
{
  "timestamp": "2026-02-22T14:33:52.577195",
  "device": "solar_panel",
  "panel_id": 3,
  "power_watts": 833,
  "temperature": 55,
  "status": "ok"
}
--------------------------------------------------------------------------------
{
  "timestamp": "2026-02-22T14:34:03.580510",
  "device": "solar_panel",
  "panel_id": 1,
  "power_watts": 652,
  "temperature": 55,
  "status": "ok"
}
--------------------------------------------------------------------------------
{
  "timestamp": "2026-02-22T14:34:04.581392",
  "device": "solar_panel",
  "panel_id": 2,
  "power_watts": 525,
  "temperature": 57,
  "status": "ok"
}
--------------------------------------------------------------------------------
{
  "timestamp": "2026-02-22T14:34:05.582769",
  "device": "solar_panel",
  "panel_id": 3,
  "power_watts": 640,
  "temperature": 29,
  "status": "ok"
}
--------------------------------------------------------------------------------
{
  "timestamp": "2026-02-22T14:34:16.584589",
  "device": "solar_panel",
  "panel_id": 1,
  "power_watts": 565,
  "temperature": 59,
  "status": "ok"
}
--------------------------------------------------------------------------------
{
  "timestamp": "2026-02-22T14:34:17.585607",
  "device": "solar_panel",
  "panel_id": 2,
  "power_watts": 389,
  "temperature": 50,
  "status": "ok"
}
--------------------------------------------------------------------------------
{
  "timestamp": "2026-02-22T14:34:18.586347",
  "device": "solar_panel",
  "panel_id": 3,
  "power_watts": 124,
  "temperature": 25,
  "status": "ok"
}
--------------------------------------------------------------------------------
{
  "timestamp": "2026-02-22T14:34:29.587963",
  "device": "solar_panel",
  "panel_id": 1,
  "power_watts": 135,
  "temperature": 35,
  "status": "ok"
}
--------------------------------------------------------------------------------
{
  "timestamp": "2026-02-22T14:34:30.588945",
  "device": "solar_panel",
  "panel_id": 2,
  "power_watts": 348,
  "temperature": 33,
  "status": "ok"
}
--------------------------------------------------------------------------------
{
  "timestamp": "2026-02-22T14:34:31.589684",
  "device": "solar_panel",
  "panel_id": 3,
  "power_watts": 436,
  "temperature": 51,
  "status": "ok"
}
--------------------------------------------------------------------------------
{
  "timestamp": "2026-02-22T14:34:42.591106",
  "device": "solar_panel",
  "panel_id": 1,
  "power_watts": 222,
  "temperature": 29,
  "status": "ok"
}
--------------------------------------------------------------------------------
{
  "timestamp": "2026-02-22T14:34:43.591802",
  "device": "solar_panel",
  "panel_id": 2,
  "power_watts": 396,
  "temperature": 30,
  "status": "ok"
}
--------------------------------------------------------------------------------
{
  "timestamp": "2026-02-22T14:34:44.592875",
  "device": "solar_panel",
  "panel_id": 3,
  "power_watts": 780,
  "temperature": 44,
  "status": "ok"
}
--------------------------------------------------------------------------------
{
  "timestamp": "2026-02-22T14:34:55.593958",
  "device": "solar_panel",
  "panel_id": 1,
  "power_watts": 618,
  "temperature": 37,
  "status": "ok"
}
--------------------------------------------------------------------------------
{
  "timestamp": "2026-02-22T14:34:56.595086",
  "device": "solar_panel",
  "panel_id": 2,
  "power_watts": 81,
  "temperature": 50,
  "status": "low_power"
}
--------------------------------------------------------------------------------
{
  "timestamp": "2026-02-22T14:34:57.615558",
  "device": "solar_panel",
  "panel_id": 3,
  "power_watts": 237,
  "temperature": 33,
  "status": "ok"
}
--------------------------------------------------------------------------------
{
  "timestamp": "2026-02-22T14:35:08.619419",
  "device": "solar_panel",
  "panel_id": 1,
  "power_watts": 351,
  "temperature": 49,
  "status": "ok"
}
--------------------------------------------------------------------------------
{
  "timestamp": "2026-02-22T14:35:09.620623",
  "device": "solar_panel",
  "panel_id": 2,
  "power_watts": 72,
  "temperature": 57,
  "status": "low_power"
}
--------------------------------------------------------------------------------
{
  "timestamp": "2026-02-22T14:35:10.621619",
  "device": "solar_panel",
  "panel_id": 3,
  "power_watts": 155,
  "temperature": 31,
  "status": "ok"
}
--------------------------------------------------------------------------------
{
  "timestamp": "2026-02-22T14:35:21.622973",
  "device": "solar_panel",
  "panel_id": 1,
  "power_watts": 88,
  "temperature": 36,
  "status": "low_power"
}
--------------------------------------------------------------------------------
{
  "timestamp": "2026-02-22T14:35:22.623813",
  "device": "solar_panel",
  "panel_id": 2,
  "power_watts": 954,
  "temperature": 33,
  "status": "ok"
}
--------------------------------------------------------------------------------
{
  "timestamp": "2026-02-22T14:35:23.624698",
  "device": "solar_panel",
  "panel_id": 3,
  "power_watts": 250,
  "temperature": 46,
  "status": "ok"
}
--------------------------------------------------------------------------------
{
  "timestamp": "2026-02-22T14:35:34.630504",
  "device": "solar_panel",
  "panel_id": 1,
  "power_watts": 474,
  "temperature": 56,
  "status": "ok"
}
--------------------------------------------------------------------------------
{
  "timestamp": "2026-02-22T14:35:35.631459",
  "device": "solar_panel",
  "panel_id": 2,
  "power_watts": 473,
  "temperature": 27,
  "status": "ok"
}
--------------------------------------------------------------------------------
{
  "timestamp": "2026-02-22T14:35:36.632206",
  "device": "solar_panel",
  "panel_id": 3,
  "power_watts": 841,
  "temperature": 41,
  "status": "ok"
}
--------------------------------------------------------------------------------
{
  "timestamp": "2026-02-22T14:35:47.633611",
  "device": "solar_panel",
  "panel_id": 1,
  "power_watts": 556,
  "temperature": 29,
  "status": "ok"
}
--------------------------------------------------------------------------------
{
  "timestamp": "2026-02-22T14:35:48.634756",
  "device": "solar_panel",
  "panel_id": 2,
  "power_watts": 201,
  "temperature": 33,
  "status": "ok"
}
--------------------------------------------------------------------------------
{
  "timestamp": "2026-02-22T14:35:49.635481",
  "device": "solar_panel",
  "panel_id": 3,
  "power_watts": 1000,
  "temperature": 46,
  "status": "ok"
}
--------------------------------------------------------------------------------
{
  "timestamp": "2026-02-22T14:36:00.636629",
  "device": "solar_panel",
  "panel_id": 1,
  "power_watts": 244,
  "temperature": 52,
  "status": "ok"
}
--------------------------------------------------------------------------------
{
  "timestamp": "2026-02-22T14:36:01.637261",
  "device": "solar_panel",
  "panel_id": 2,
  "power_watts": 969,
  "temperature": 29,
  "status": "ok"
}
--------------------------------------------------------------------------------
{
  "timestamp": "2026-02-22T14:36:02.638001",
  "device": "solar_panel",
  "panel_id": 3,
  "power_watts": 70,
  "temperature": 25,
  "status": "low_power"
}
--------------------------------------------------------------------------------
{
  "timestamp": "2026-02-22T14:36:13.639403",
  "device": "solar_panel",
  "panel_id": 1,
  "power_watts": 269,
  "temperature": 49,
  "status": "ok"
}
--------------------------------------------------------------------------------
{
  "timestamp": "2026-02-22T14:36:14.640173",
  "device": "solar_panel",
  "panel_id": 2,
  "power_watts": 555,
  "temperature": 42,
  "status": "ok"
}
--------------------------------------------------------------------------------
{
  "timestamp": "2026-02-22T14:36:15.641289",
  "device": "solar_panel",
  "panel_id": 3,
  "power_watts": 995,
  "temperature": 49,
  "status": "ok"
}
--------------------------------------------------------------------------------
{
  "timestamp": "2026-02-22T14:36:26.643545",
  "device": "solar_panel",
  "panel_id": 1,
  "power_watts": 327,
  "temperature": 53,
  "status": "ok"
}
--------------------------------------------------------------------------------
{
  "timestamp": "2026-02-22T14:36:27.645647",
  "device": "solar_panel",
  "panel_id": 2,
  "power_watts": 849,
  "temperature": 58,
  "status": "ok"
}
--------------------------------------------------------------------------------
{
  "timestamp": "2026-02-22T14:36:28.648970",
  "device": "solar_panel",
  "panel_id": 3,
  "power_watts": 327,
  "temperature": 27,
  "status": "ok"
}
--------------------------------------------------------------------------------
{
  "timestamp": "2026-02-22T14:36:39.650942",
  "device": "solar_panel",
  "panel_id": 1,
  "power_watts": 916,
  "temperature": 33,
  "status": "ok"
}
--------------------------------------------------------------------------------
{
  "timestamp": "2026-02-22T14:36:40.652148",
  "device": "solar_panel",
  "panel_id": 2,
  "power_watts": 703,
  "temperature": 35,
  "status": "ok"
}
--------------------------------------------------------------------------------
{
  "timestamp": "2026-02-22T14:36:41.653339",
  "device": "solar_panel",
  "panel_id": 3,
  "power_watts": 814,
  "temperature": 58,
  "status": "ok"
}
--------------------------------------------------------------------------------
{
  "timestamp": "2026-02-22T14:36:52.654753",
  "device": "solar_panel",
  "panel_id": 1,
  "power_watts": 133,
  "temperature": 42,
  "status": "ok"
}
--------------------------------------------------------------------------------
{
  "timestamp": "2026-02-22T14:36:53.656019",
  "device": "solar_panel",
  "panel_id": 2,
  "power_watts": 140,
  "temperature": 49,
  "status": "ok"
}
--------------------------------------------------------------------------------
{
  "timestamp": "2026-02-22T14:36:54.657479",
  "device": "solar_panel",
  "panel_id": 3,
  "power_watts": 380,
  "temperature": 45,
  "status": "ok"
}
--------------------------------------------------------------------------------
{
  "timestamp": "2026-02-22T14:37:05.659068",
  "device": "solar_panel",
  "panel_id": 1,
  "power_watts": 962,
  "temperature": 43,
  "status": "ok"
}
--------------------------------------------------------------------------------
{
  "timestamp": "2026-02-22T14:37:06.659971",
  "device": "solar_panel",
  "panel_id": 2,
  "power_watts": 807,
  "temperature": 26,
  "status": "ok"
}
--------------------------------------------------------------------------------
{
  "timestamp": "2026-02-22T14:37:07.661084",
  "device": "solar_panel",
  "panel_id": 3,
  "power_watts": 997,
  "temperature": 33,
  "status": "ok"
}
--------------------------------------------------------------------------------
{
  "timestamp": "2026-02-22T14:37:18.662284",
  "device": "solar_panel",
  "panel_id": 1,
  "power_watts": 104,
  "temperature": 41,
  "status": "ok"
}
--------------------------------------------------------------------------------
{
  "timestamp": "2026-02-22T14:37:19.663673",
  "device": "solar_panel",
  "panel_id": 2,
  "power_watts": 729,
  "temperature": 32,
  "status": "ok"
}
--------------------------------------------------------------------------------
{
  "timestamp": "2026-02-22T14:37:20.664984",
  "device": "solar_panel",
  "panel_id": 3,
  "power_watts": 282,
  "temperature": 38,
  "status": "ok"
}
--------------------------------------------------------------------------------
{
  "timestamp": "2026-02-22T14:37:31.666449",
  "device": "solar_panel",
  "panel_id": 1,
  "power_watts": 171,
  "temperature": 35,
  "status": "ok"
}
--------------------------------------------------------------------------------
{
  "timestamp": "2026-02-22T14:37:32.667881",
  "device": "solar_panel",
  "panel_id": 2,
  "power_watts": 684,
  "temperature": 28,
  "status": "ok"
}
--------------------------------------------------------------------------------
{
  "timestamp": "2026-02-22T14:37:33.668649",
  "device": "solar_panel",
  "panel_id": 3,
  "power_watts": 423,
  "temperature": 43,
  "status": "ok"
}
--------------------------------------------------------------------------------
{
  "timestamp": "2026-02-22T14:37:44.670176",
  "device": "solar_panel",
  "panel_id": 1,
  "power_watts": 206,
  "temperature": 40,
  "status": "ok"
}
--------------------------------------------------------------------------------
{
  "timestamp": "2026-02-22T14:37:45.671002",
  "device": "solar_panel",
  "panel_id": 2,
  "power_watts": 953,
  "temperature": 35,
  "status": "ok"
}
--------------------------------------------------------------------------------
{
  "timestamp": "2026-02-22T14:37:46.672190",
  "device": "solar_panel",
  "panel_id": 3,
  "power_watts": 822,
  "temperature": 54,
  "status": "ok"
}
--------------------------------------------------------------------------------
{
  "timestamp": "2026-02-22T14:37:57.673432",
  "device": "solar_panel",
  "panel_id": 1,
  "power_watts": 359,
  "temperature": 55,
  "status": "ok"
}
--------------------------------------------------------------------------------
{
  "timestamp": "2026-02-22T14:37:58.674451",
  "device": "solar_panel",
  "panel_id": 2,
  "power_watts": 171,
  "temperature": 29,
  "status": "ok"
}
--------------------------------------------------------------------------------
{
  "timestamp": "2026-02-22T14:37:59.675652",
  "device": "solar_panel",
  "panel_id": 3,
  "power_watts": 873,
  "temperature": 25,
  "status": "ok"
}
--------------------------------------------------------------------------------
{
  "timestamp": "2026-02-22T14:38:10.678090",
  "device": "solar_panel",
  "panel_id": 1,
  "power_watts": 620,
  "temperature": 53,
  "status": "ok"
}
--------------------------------------------------------------------------------
{
  "timestamp": "2026-02-22T14:38:11.679070",
  "device": "solar_panel",
  "panel_id": 2,
  "power_watts": 515,
  "temperature": 45,
  "status": "ok"
}
--------------------------------------------------------------------------------
{
  "timestamp": "2026-02-22T14:38:12.679969",
  "device": "solar_panel",
  "panel_id": 3,
  "power_watts": 461,
  "temperature": 47,
  "status": "ok"
}
--------------------------------------------------------------------------------
{
  "timestamp": "2026-02-22T14:38:23.681857",
  "device": "solar_panel",
  "panel_id": 1,
  "power_watts": 390,
  "temperature": 42,
  "status": "ok"
}
--------------------------------------------------------------------------------
{
  "timestamp": "2026-02-22T14:38:24.682933",
  "device": "solar_panel",
  "panel_id": 2,
  "power_watts": 151,
  "temperature": 37,
  "status": "ok"
}
--------------------------------------------------------------------------------
{
  "timestamp": "2026-02-22T14:38:25.683977",
  "device": "solar_panel",
  "panel_id": 3,
  "power_watts": 642,
  "temperature": 53,
  "status": "ok"
}
--------------------------------------------------------------------------------
{
  "timestamp": "2026-02-22T14:38:36.685346",
  "device": "solar_panel",
  "panel_id": 1,
  "power_watts": 290,
  "temperature": 60,
  "status": "ok"
}
--------------------------------------------------------------------------------
{
  "timestamp": "2026-02-22T14:38:37.686480",
  "device": "solar_panel",
  "panel_id": 2,
  "power_watts": 501,
  "temperature": 26,
  "status": "ok"
}
--------------------------------------------------------------------------------
{
  "timestamp": "2026-02-22T14:38:38.687801",
  "device": "solar_panel",
  "panel_id": 3,
  "power_watts": 785,
  "temperature": 37,
  "status": "ok"
}
--------------------------------------------------------------------------------
{
  "timestamp": "2026-02-22T14:38:49.689586",
  "device": "solar_panel",
  "panel_id": 1,
  "power_watts": 453,
  "temperature": 47,
  "status": "ok"
}
--------------------------------------------------------------------------------
{
  "timestamp": "2026-02-22T14:38:50.691821",
  "device": "solar_panel",
  "panel_id": 2,
  "power_watts": 669,
  "temperature": 57,
  "status": "ok"
}
--------------------------------------------------------------------------------
{
  "timestamp": "2026-02-22T14:38:51.694029",
  "device": "solar_panel",
  "panel_id": 3,
  "power_watts": 417,
  "temperature": 59,
  "status": "ok"
}
--------------------------------------------------------------------------------
{
  "timestamp": "2026-02-22T14:39:02.696488",
  "device": "solar_panel",
  "panel_id": 1,
  "power_watts": 432,
  "temperature": 43,
  "status": "ok"
}
--------------------------------------------------------------------------------
{
  "timestamp": "2026-02-22T14:39:03.697340",
  "device": "solar_panel",
  "panel_id": 2,
  "power_watts": 816,
  "temperature": 38,
  "status": "ok"
}
--------------------------------------------------------------------------------
{
  "timestamp": "2026-02-22T14:39:04.698583",
  "device": "solar_panel",
  "panel_id": 3,
  "power_watts": 959,
  "temperature": 27,
  "status": "ok"
}
--------------------------------------------------------------------------------
{
  "timestamp": "2026-02-22T14:39:15.699848",
  "device": "solar_panel",
  "panel_id": 1,
  "power_watts": 73,
  "temperature": 38,
  "status": "low_power"
}
--------------------------------------------------------------------------------
{
  "timestamp": "2026-02-22T14:39:16.700577",
  "device": "solar_panel",
  "panel_id": 2,
  "power_watts": 884,
  "temperature": 37,
  "status": "ok"
}
--------------------------------------------------------------------------------
{
  "timestamp": "2026-02-22T14:39:17.701331",
  "device": "solar_panel",
  "panel_id": 3,
  "power_watts": 236,
  "temperature": 29,
  "status": "ok"
}
--------------------------------------------------------------------------------
{
  "timestamp": "2026-02-22T14:39:28.702457",
  "device": "solar_panel",
  "panel_id": 1,
  "power_watts": 441,
  "temperature": 59,
  "status": "ok"
}
--------------------------------------------------------------------------------
{
  "timestamp": "2026-02-22T14:39:29.703661",
  "device": "solar_panel",
  "panel_id": 2,
  "power_watts": 60,
  "temperature": 32,
  "status": "low_power"
}
--------------------------------------------------------------------------------
{
  "timestamp": "2026-02-22T14:39:30.705035",
  "device": "solar_panel",
  "panel_id": 3,
  "power_watts": 398,
  "temperature": 49,
  "status": "ok"
}
--------------------------------------------------------------------------------
{
  "timestamp": "2026-02-22T14:39:41.706601",
  "device": "solar_panel",
  "panel_id": 1,
  "power_watts": 363,
  "temperature": 26,
  "status": "ok"
}
--------------------------------------------------------------------------------
{
  "timestamp": "2026-02-22T14:39:42.707797",
  "device": "solar_panel",
  "panel_id": 2,
  "power_watts": 87,
  "temperature": 50,
  "status": "low_power"
}
--------------------------------------------------------------------------------
{
  "timestamp": "2026-02-22T14:39:43.709162",
  "device": "solar_panel",
  "panel_id": 3,
  "power_watts": 722,
  "temperature": 41,
  "status": "ok"
}
--------------------------------------------------------------------------------
{
  "timestamp": "2026-02-22T14:39:54.711332",
  "device": "solar_panel",
  "panel_id": 1,
  "power_watts": 430,
  "temperature": 44,
  "status": "ok"
}
--------------------------------------------------------------------------------
{
  "timestamp": "2026-02-22T14:39:55.712159",
  "device": "solar_panel",
  "panel_id": 2,
  "power_watts": 467,
  "temperature": 37,
  "status": "ok"
}
--------------------------------------------------------------------------------
{
  "timestamp": "2026-02-22T14:39:56.713536",
  "device": "solar_panel",
  "panel_id": 3,
  "power_watts": 577,
  "temperature": 59,
  "status": "ok"
}
--------------------------------------------------------------------------------
{
  "timestamp": "2026-02-22T14:40:07.715180",
  "device": "solar_panel",
  "panel_id": 1,
  "power_watts": 511,
  "temperature": 46,
  "status": "ok"
}
--------------------------------------------------------------------------------
{
  "timestamp": "2026-02-22T14:40:08.716256",
  "device": "solar_panel",
  "panel_id": 2,
  "power_watts": 667,
  "temperature": 38,
  "status": "ok"
}
--------------------------------------------------------------------------------
{
  "timestamp": "2026-02-22T14:40:09.717203",
  "device": "solar_panel",
  "panel_id": 3,
  "power_watts": 674,
  "temperature": 31,
  "status": "ok"
}
--------------------------------------------------------------------------------
{
  "timestamp": "2026-02-22T14:40:20.718175",
  "device": "solar_panel",
  "panel_id": 1,
  "power_watts": 558,
  "temperature": 27,
  "status": "ok"
}
--------------------------------------------------------------------------------
{
  "timestamp": "2026-02-22T14:40:21.718747",
  "device": "solar_panel",
  "panel_id": 2,
  "power_watts": 411,
  "temperature": 43,
  "status": "ok"
}
--------------------------------------------------------------------------------
{
  "timestamp": "2026-02-22T14:40:22.719998",
  "device": "solar_panel",
  "panel_id": 3,
  "power_watts": 95,
  "temperature": 44,
  "status": "low_power"
}
--------------------------------------------------------------------------------
{
  "timestamp": "2026-02-22T14:40:33.721688",
  "device": "solar_panel",
  "panel_id": 1,
  "power_watts": 361,
  "temperature": 31,
  "status": "ok"
}
--------------------------------------------------------------------------------
{
  "timestamp": "2026-02-22T14:40:34.723888",
  "device": "solar_panel",
  "panel_id": 2,
  "power_watts": 716,
  "temperature": 26,
  "status": "ok"
}
--------------------------------------------------------------------------------
{
  "timestamp": "2026-02-22T14:40:35.727562",
  "device": "solar_panel",
  "panel_id": 3,
  "power_watts": 777,
  "temperature": 52,
  "status": "ok"
}
--------------------------------------------------------------------------------
{
  "timestamp": "2026-02-22T14:40:46.728759",
  "device": "solar_panel",
  "panel_id": 1,
  "power_watts": 898,
  "temperature": 58,
  "status": "ok"
}
--------------------------------------------------------------------------------
{
  "timestamp": "2026-02-22T14:40:47.730051",
  "device": "solar_panel",
  "panel_id": 2,
  "power_watts": 495,
  "temperature": 59,
  "status": "ok"
}
--------------------------------------------------------------------------------
{
  "timestamp": "2026-02-22T14:40:48.731045",
  "device": "solar_panel",
  "panel_id": 3,
  "power_watts": 123,
  "temperature": 31,
  "status": "ok"
}
--------------------------------------------------------------------------------
{
  "timestamp": "2026-02-22T14:40:59.732264",
  "device": "solar_panel",
  "panel_id": 1,
  "power_watts": 391,
  "temperature": 54,
  "status": "ok"
}
--------------------------------------------------------------------------------
{
  "timestamp": "2026-02-22T14:41:00.733209",
  "device": "solar_panel",
  "panel_id": 2,
  "power_watts": 677,
  "temperature": 54,
  "status": "ok"
}
--------------------------------------------------------------------------------
{
  "timestamp": "2026-02-22T14:41:01.733933",
  "device": "solar_panel",
  "panel_id": 3,
  "power_watts": 697,
  "temperature": 48,
  "status": "ok"
}
--------------------------------------------------------------------------------
{
  "timestamp": "2026-02-22T14:41:12.735102",
  "device": "solar_panel",
  "panel_id": 1,
  "power_watts": 136,
  "temperature": 53,
  "status": "ok"
}
--------------------------------------------------------------------------------
{
  "timestamp": "2026-02-22T14:41:13.737835",
  "device": "solar_panel",
  "panel_id": 2,
  "power_watts": 989,
  "temperature": 28,
  "status": "ok"
}
--------------------------------------------------------------------------------
{
  "timestamp": "2026-02-22T14:41:14.746969",
  "device": "solar_panel",
  "panel_id": 3,
  "power_watts": 986,
  "temperature": 60,
  "status": "ok"
}
--------------------------------------------------------------------------------
{
  "timestamp": "2026-02-22T14:41:25.760967",
  "device": "solar_panel",
  "panel_id": 1,
  "power_watts": 278,
  "temperature": 36,
  "status": "ok"
}
--------------------------------------------------------------------------------
{
  "timestamp": "2026-02-22T14:41:26.762127",
  "device": "solar_panel",
  "panel_id": 2,
  "power_watts": 579,
  "temperature": 44,
  "status": "ok"
}
--------------------------------------------------------------------------------
{
  "timestamp": "2026-02-22T14:41:27.763043",
  "device": "solar_panel",
  "panel_id": 3,
  "power_watts": 448,
  "temperature": 46,
  "status": "ok"
}
--------------------------------------------------------------------------------
{
  "timestamp": "2026-02-22T14:41:38.764259",
  "device": "solar_panel",
  "panel_id": 1,
  "power_watts": 536,
  "temperature": 28,
  "status": "ok"
}
--------------------------------------------------------------------------------
{
  "timestamp": "2026-02-22T14:41:39.764893",
  "device": "solar_panel",
  "panel_id": 2,
  "power_watts": 596,
  "temperature": 29,
  "status": "ok"
}
--------------------------------------------------------------------------------
{
  "timestamp": "2026-02-22T14:41:40.766144",
  "device": "solar_panel",
  "panel_id": 3,
  "power_watts": 752,
  "temperature": 58,
  "status": "ok"
}
--------------------------------------------------------------------------------
{
  "timestamp": "2026-02-22T14:41:51.767422",
  "device": "solar_panel",
  "panel_id": 1,
  "power_watts": 595,
  "temperature": 44,
  "status": "ok"
}
--------------------------------------------------------------------------------
{
  "timestamp": "2026-02-22T14:41:52.768672",
  "device": "solar_panel",
  "panel_id": 2,
  "power_watts": 312,
  "temperature": 54,
  "status": "ok"
}
--------------------------------------------------------------------------------
{
  "timestamp": "2026-02-22T14:41:53.769882",
  "device": "solar_panel",
  "panel_id": 3,
  "power_watts": 323,
  "temperature": 60,
  "status": "ok"
}
--------------------------------------------------------------------------------
{
  "timestamp": "2026-02-22T14:42:04.773357",
  "device": "solar_panel",
  "panel_id": 1,
  "power_watts": 929,
  "temperature": 28,
  "status": "ok"
}
--------------------------------------------------------------------------------
{
  "timestamp": "2026-02-22T14:42:05.774876",
  "device": "solar_panel",
  "panel_id": 2,
  "power_watts": 161,
  "temperature": 47,
  "status": "ok"
}
--------------------------------------------------------------------------------
{
  "timestamp": "2026-02-22T14:42:06.776039",
  "device": "solar_panel",
  "panel_id": 3,
  "power_watts": 890,
  "temperature": 37,
  "status": "ok"
}
--------------------------------------------------------------------------------
{
  "timestamp": "2026-02-22T14:42:17.777310",
  "device": "solar_panel",
  "panel_id": 1,
  "power_watts": 221,
  "temperature": 35,
  "status": "ok"
}
--------------------------------------------------------------------------------
{
  "timestamp": "2026-02-22T14:42:18.778002",
  "device": "solar_panel",
  "panel_id": 2,
  "power_watts": 413,
  "temperature": 38,
  "status": "ok"
}
--------------------------------------------------------------------------------
{
  "timestamp": "2026-02-22T14:42:19.778942",
  "device": "solar_panel",
  "panel_id": 3,
  "power_watts": 919,
  "temperature": 59,
  "status": "ok"
}
--------------------------------------------------------------------------------
{
  "timestamp": "2026-02-22T14:42:30.780458",
  "device": "solar_panel",
  "panel_id": 1,
  "power_watts": 975,
  "temperature": 45,
  "status": "ok"
}
--------------------------------------------------------------------------------
{
  "timestamp": "2026-02-22T14:42:31.781972",
  "device": "solar_panel",
  "panel_id": 2,
  "power_watts": 150,
  "temperature": 43,
  "status": "ok"
}
--------------------------------------------------------------------------------
{
  "timestamp": "2026-02-22T14:42:32.782824",
  "device": "solar_panel",
  "panel_id": 3,
  "power_watts": 757,
  "temperature": 33,
  "status": "ok"
}
--------------------------------------------------------------------------------
{
  "timestamp": "2026-02-22T14:42:43.784649",
  "device": "solar_panel",
  "panel_id": 1,
  "power_watts": 628,
  "temperature": 29,
  "status": "ok"
}
--------------------------------------------------------------------------------
{
  "timestamp": "2026-02-22T14:42:44.785844",
  "device": "solar_panel",
  "panel_id": 2,
  "power_watts": 363,
  "temperature": 50,
  "status": "ok"
}
--------------------------------------------------------------------------------
{
  "timestamp": "2026-02-22T14:42:45.787075",
  "device": "solar_panel",
  "panel_id": 3,
  "power_watts": 914,
  "temperature": 33,
  "status": "ok"
}
--------------------------------------------------------------------------------
{
  "timestamp": "2026-02-22T14:42:56.788852",
  "device": "solar_panel",
  "panel_id": 1,
  "power_watts": 604,
  "temperature": 58,
  "status": "ok"
}
--------------------------------------------------------------------------------
{
  "timestamp": "2026-02-22T14:42:57.791082",
  "device": "solar_panel",
  "panel_id": 2,
  "power_watts": 447,
  "temperature": 40,
  "status": "ok"
}
--------------------------------------------------------------------------------
{
  "timestamp": "2026-02-22T14:42:58.794722",
  "device": "solar_panel",
  "panel_id": 3,
  "power_watts": 576,
  "temperature": 54,
  "status": "ok"
}
--------------------------------------------------------------------------------
{
  "timestamp": "2026-02-22T14:43:09.796683",
  "device": "solar_panel",
  "panel_id": 1,
  "power_watts": 637,
  "temperature": 42,
  "status": "ok"
}
--------------------------------------------------------------------------------
{
  "timestamp": "2026-02-22T14:43:10.797871",
  "device": "solar_panel",
  "panel_id": 2,
  "power_watts": 115,
  "temperature": 58,
  "status": "ok"
}
--------------------------------------------------------------------------------
{
  "timestamp": "2026-02-22T14:43:11.800288",
  "device": "solar_panel",
  "panel_id": 3,
  "power_watts": 970,
  "temperature": 44,
  "status": "ok"
}
--------------------------------------------------------------------------------
{
  "timestamp": "2026-02-22T14:43:22.801409",
  "device": "solar_panel",
  "panel_id": 1,
  "power_watts": 613,
  "temperature": 40,
  "status": "ok"
}
--------------------------------------------------------------------------------
{
  "timestamp": "2026-02-22T14:43:23.802406",
  "device": "solar_panel",
  "panel_id": 2,
  "power_watts": 718,
  "temperature": 43,
  "status": "ok"
}
--------------------------------------------------------------------------------
{
  "timestamp": "2026-02-22T14:43:24.803415",
  "device": "solar_panel",
  "panel_id": 3,
  "power_watts": 408,
  "temperature": 50,
  "status": "ok"
}
--------------------------------------------------------------------------------
{
  "timestamp": "2026-02-22T14:43:35.805209",
  "device": "solar_panel",
  "panel_id": 1,
  "power_watts": 138,
  "temperature": 30,
  "status": "ok"
}
--------------------------------------------------------------------------------
{
  "timestamp": "2026-02-22T14:43:36.806052",
  "device": "solar_panel",
  "panel_id": 2,
  "power_watts": 111,
  "temperature": 49,
  "status": "ok"
}
--------------------------------------------------------------------------------
{
  "timestamp": "2026-02-22T14:43:37.807533",
  "device": "solar_panel",
  "panel_id": 3,
  "power_watts": 338,
  "temperature": 58,
  "status": "ok"
}
--------------------------------------------------------------------------------
{
  "timestamp": "2026-02-22T14:43:48.809078",
  "device": "solar_panel",
  "panel_id": 1,
  "power_watts": 744,
  "temperature": 59,
  "status": "ok"
}
--------------------------------------------------------------------------------
{
  "timestamp": "2026-02-22T14:43:49.809989",
  "device": "solar_panel",
  "panel_id": 2,
  "power_watts": 673,
  "temperature": 57,
  "status": "ok"
}
--------------------------------------------------------------------------------
{
  "timestamp": "2026-02-22T14:43:50.811698",
  "device": "solar_panel",
  "panel_id": 3,
  "power_watts": 667,
  "temperature": 56,
  "status": "ok"
}
--------------------------------------------------------------------------------
{
  "timestamp": "2026-02-22T14:44:01.813334",
  "device": "solar_panel",
  "panel_id": 1,
  "power_watts": 718,
  "temperature": 28,
  "status": "ok"
}
--------------------------------------------------------------------------------
{
  "timestamp": "2026-02-22T14:44:02.814427",
  "device": "solar_panel",
  "panel_id": 2,
  "power_watts": 912,
  "temperature": 39,
  "status": "ok"
}
--------------------------------------------------------------------------------
{
  "timestamp": "2026-02-22T14:44:03.815355",
  "device": "solar_panel",
  "panel_id": 3,
  "power_watts": 415,
  "temperature": 58,
  "status": "ok"
}
--------------------------------------------------------------------------------
{
  "timestamp": "2026-02-22T14:44:14.817121",
  "device": "solar_panel",
  "panel_id": 1,
  "power_watts": 931,
  "temperature": 26,
  "status": "ok"
}
--------------------------------------------------------------------------------
{
  "timestamp": "2026-02-22T14:44:15.818121",
  "device": "solar_panel",
  "panel_id": 2,
  "power_watts": 682,
  "temperature": 56,
  "status": "ok"
}
--------------------------------------------------------------------------------
{
  "timestamp": "2026-02-22T14:44:16.819196",
  "device": "solar_panel",
  "panel_id": 3,
  "power_watts": 133,
  "temperature": 52,
  "status": "ok"
}
--------------------------------------------------------------------------------
{
  "timestamp": "2026-02-22T14:44:27.820975",
  "device": "solar_panel",
  "panel_id": 1,
  "power_watts": 851,
  "temperature": 44,
  "status": "ok"
}
--------------------------------------------------------------------------------
{
  "timestamp": "2026-02-22T14:44:28.822126",
  "device": "solar_panel",
  "panel_id": 2,
  "power_watts": 926,
  "temperature": 26,
  "status": "ok"
}
--------------------------------------------------------------------------------
{
  "timestamp": "2026-02-22T14:44:29.822860",
  "device": "solar_panel",
  "panel_id": 3,
  "power_watts": 881,
  "temperature": 53,
  "status": "ok"
}
--------------------------------------------------------------------------------
{
  "timestamp": "2026-02-22T14:44:40.824612",
  "device": "solar_panel",
  "panel_id": 1,
  "power_watts": 571,
  "temperature": 36,
  "status": "ok"
}
--------------------------------------------------------------------------------
{
  "timestamp": "2026-02-22T14:44:41.825810",
  "device": "solar_panel",
  "panel_id": 2,
  "power_watts": 132,
  "temperature": 29,
  "status": "ok"
}
--------------------------------------------------------------------------------
{
  "timestamp": "2026-02-22T14:44:42.826812",
  "device": "solar_panel",
  "panel_id": 3,
  "power_watts": 657,
  "temperature": 58,
  "status": "ok"
}
--------------------------------------------------------------------------------
{
  "timestamp": "2026-02-22T14:44:53.828060",
  "device": "solar_panel",
  "panel_id": 1,
  "power_watts": 808,
  "temperature": 32,
  "status": "ok"
}
--------------------------------------------------------------------------------
{
  "timestamp": "2026-02-22T14:44:54.829060",
  "device": "solar_panel",
  "panel_id": 2,
  "power_watts": 547,
  "temperature": 45,
  "status": "ok"
}
--------------------------------------------------------------------------------
{
  "timestamp": "2026-02-22T14:44:55.829928",
  "device": "solar_panel",
  "panel_id": 3,
  "power_watts": 217,
  "temperature": 50,
  "status": "ok"
}
--------------------------------------------------------------------------------
{
  "timestamp": "2026-02-22T14:45:06.831381",
  "device": "solar_panel",
  "panel_id": 1,
  "power_watts": 829,
  "temperature": 41,
  "status": "ok"
}
--------------------------------------------------------------------------------
{
  "timestamp": "2026-02-22T14:45:07.832423",
  "device": "solar_panel",
  "panel_id": 2,
  "power_watts": 161,
  "temperature": 52,
  "status": "ok"
}
--------------------------------------------------------------------------------
{
  "timestamp": "2026-02-22T14:45:08.833435",
  "device": "solar_panel",
  "panel_id": 3,
  "power_watts": 703,
  "temperature": 30,
  "status": "ok"
}
--------------------------------------------------------------------------------
{
  "timestamp": "2026-02-22T14:45:19.834688",
  "device": "solar_panel",
  "panel_id": 1,
  "power_watts": 837,
  "temperature": 49,
  "status": "ok"
}
--------------------------------------------------------------------------------
{
  "timestamp": "2026-02-22T14:45:20.835733",
  "device": "solar_panel",
  "panel_id": 2,
  "power_watts": 117,
  "temperature": 51,
  "status": "ok"
}
--------------------------------------------------------------------------------
{
  "timestamp": "2026-02-22T14:45:21.836894",
  "device": "solar_panel",
  "panel_id": 3,
  "power_watts": 495,
  "temperature": 56,
  "status": "ok"
}
--------------------------------------------------------------------------------
{
  "timestamp": "2026-02-22T14:45:32.838647",
  "device": "solar_panel",
  "panel_id": 1,
  "power_watts": 628,
  "temperature": 31,
  "status": "ok"
}
--------------------------------------------------------------------------------
{
  "timestamp": "2026-02-22T14:45:33.839679",
  "device": "solar_panel",
  "panel_id": 2,
  "power_watts": 712,
  "temperature": 41,
  "status": "ok"
}
--------------------------------------------------------------------------------
{
  "timestamp": "2026-02-22T14:45:34.840981",
  "device": "solar_panel",
  "panel_id": 3,
  "power_watts": 531,
  "temperature": 39,
  "status": "ok"
}
--------------------------------------------------------------------------------
{
  "timestamp": "2026-02-22T14:45:45.842750",
  "device": "solar_panel",
  "panel_id": 1,
  "power_watts": 224,
  "temperature": 57,
  "status": "ok"
}
--------------------------------------------------------------------------------
{
  "timestamp": "2026-02-22T14:45:46.844085",
  "device": "solar_panel",
  "panel_id": 2,
  "power_watts": 545,
  "temperature": 51,
  "status": "ok"
}
--------------------------------------------------------------------------------
{
  "timestamp": "2026-02-22T14:45:47.845227",
  "device": "solar_panel",
  "panel_id": 3,
  "power_watts": 125,
  "temperature": 28,
  "status": "ok"
}
--------------------------------------------------------------------------------
{
  "timestamp": "2026-02-22T14:45:58.846907",
  "device": "solar_panel",
  "panel_id": 1,
  "power_watts": 557,
  "temperature": 46,
  "status": "ok"
}
--------------------------------------------------------------------------------
{
  "timestamp": "2026-02-22T14:45:59.847707",
  "device": "solar_panel",
  "panel_id": 2,
  "power_watts": 493,
  "temperature": 55,
  "status": "ok"
}
--------------------------------------------------------------------------------
{
  "timestamp": "2026-02-22T14:46:00.849061",
  "device": "solar_panel",
  "panel_id": 3,
  "power_watts": 456,
  "temperature": 31,
  "status": "ok"
}
--------------------------------------------------------------------------------
{
  "timestamp": "2026-02-22T14:46:11.850573",
  "device": "solar_panel",
  "panel_id": 1,
  "power_watts": 477,
  "temperature": 25,
  "status": "ok"
}
--------------------------------------------------------------------------------
{
  "timestamp": "2026-02-22T14:46:12.851686",
  "device": "solar_panel",
  "panel_id": 2,
  "power_watts": 57,
  "temperature": 47,
  "status": "low_power"
}
--------------------------------------------------------------------------------
{
  "timestamp": "2026-02-22T14:46:13.852838",
  "device": "solar_panel",
  "panel_id": 3,
  "power_watts": 184,
  "temperature": 25,
  "status": "ok"
}
--------------------------------------------------------------------------------
{
  "timestamp": "2026-02-22T14:46:24.854494",
  "device": "solar_panel",
  "panel_id": 1,
  "power_watts": 285,
  "temperature": 38,
  "status": "ok"
}
--------------------------------------------------------------------------------
{
  "timestamp": "2026-02-22T14:46:25.855644",
  "device": "solar_panel",
  "panel_id": 2,
  "power_watts": 558,
  "temperature": 34,
  "status": "ok"
}
--------------------------------------------------------------------------------
{
  "timestamp": "2026-02-22T14:46:26.857165",
  "device": "solar_panel",
  "panel_id": 3,
  "power_watts": 383,
  "temperature": 29,
  "status": "ok"
}
--------------------------------------------------------------------------------
{
  "timestamp": "2026-02-22T14:46:37.859001",
  "device": "solar_panel",
  "panel_id": 1,
  "power_watts": 621,
  "temperature": 52,
  "status": "ok"
}
--------------------------------------------------------------------------------
{
  "timestamp": "2026-02-22T14:46:38.860536",
  "device": "solar_panel",
  "panel_id": 2,
  "power_watts": 128,
  "temperature": 54,
  "status": "ok"
}
--------------------------------------------------------------------------------
{
  "timestamp": "2026-02-22T14:46:39.861590",
  "device": "solar_panel",
  "panel_id": 3,
  "power_watts": 634,
  "temperature": 31,
  "status": "ok"
}
--------------------------------------------------------------------------------
{
  "timestamp": "2026-02-22T14:46:50.863018",
  "device": "solar_panel",
  "panel_id": 1,
  "power_watts": 356,
  "temperature": 46,
  "status": "ok"
}
--------------------------------------------------------------------------------
{
  "timestamp": "2026-02-22T14:46:51.864249",
  "device": "solar_panel",
  "panel_id": 2,
  "power_watts": 260,
  "temperature": 42,
  "status": "ok"
}
--------------------------------------------------------------------------------
{
  "timestamp": "2026-02-22T14:46:52.865656",
  "device": "solar_panel",
  "panel_id": 3,
  "power_watts": 729,
  "temperature": 60,
  "status": "ok"
}
--------------------------------------------------------------------------------
{
  "timestamp": "2026-02-22T14:47:03.867078",
  "device": "solar_panel",
  "panel_id": 1,
  "power_watts": 797,
  "temperature": 36,
  "status": "ok"
}
--------------------------------------------------------------------------------
{
  "timestamp": "2026-02-22T14:47:04.868256",
  "device": "solar_panel",
  "panel_id": 2,
  "power_watts": 346,
  "temperature": 53,
  "status": "ok"
}
--------------------------------------------------------------------------------
{
  "timestamp": "2026-02-22T14:47:05.869210",
  "device": "solar_panel",
  "panel_id": 3,
  "power_watts": 954,
  "temperature": 51,
  "status": "ok"
}
--------------------------------------------------------------------------------
{
  "timestamp": "2026-02-22T14:47:16.871261",
  "device": "solar_panel",
  "panel_id": 1,
  "power_watts": 500,
  "temperature": 30,
  "status": "ok"
}
--------------------------------------------------------------------------------
{
  "timestamp": "2026-02-22T14:47:17.872650",
  "device": "solar_panel",
  "panel_id": 2,
  "power_watts": 394,
  "temperature": 59,
  "status": "ok"
}
--------------------------------------------------------------------------------
{
  "timestamp": "2026-02-22T14:47:18.873841",
  "device": "solar_panel",
  "panel_id": 3,
  "power_watts": 697,
  "temperature": 26,
  "status": "ok"
}
--------------------------------------------------------------------------------
{
  "timestamp": "2026-02-22T14:47:29.875186",
  "device": "solar_panel",
  "panel_id": 1,
  "power_watts": 107,
  "temperature": 38,
  "status": "ok"
}
--------------------------------------------------------------------------------
{
  "timestamp": "2026-02-22T14:47:30.875975",
  "device": "solar_panel",
  "panel_id": 2,
  "power_watts": 995,
  "temperature": 38,
  "status": "ok"
}
--------------------------------------------------------------------------------
{
  "timestamp": "2026-02-22T14:47:31.877144",
  "device": "solar_panel",
  "panel_id": 3,
  "power_watts": 395,
  "temperature": 29,
  "status": "ok"
}
--------------------------------------------------------------------------------
{
  "timestamp": "2026-02-22T14:47:42.878477",
  "device": "solar_panel",
  "panel_id": 1,
  "power_watts": 731,
  "temperature": 53,
  "status": "ok"
}
--------------------------------------------------------------------------------
{
  "timestamp": "2026-02-22T14:47:43.879435",
  "device": "solar_panel",
  "panel_id": 2,
  "power_watts": 597,
  "temperature": 27,
  "status": "ok"
}
--------------------------------------------------------------------------------
{
  "timestamp": "2026-02-22T14:47:44.880494",
  "device": "solar_panel",
  "panel_id": 3,
  "power_watts": 436,
  "temperature": 29,
  "status": "ok"
}
--------------------------------------------------------------------------------
{
  "timestamp": "2026-02-22T14:47:55.882928",
  "device": "solar_panel",
  "panel_id": 1,
  "power_watts": 130,
  "temperature": 40,
  "status": "ok"
}
--------------------------------------------------------------------------------
{
  "timestamp": "2026-02-22T14:47:56.884333",
  "device": "solar_panel",
  "panel_id": 2,
  "power_watts": 334,
  "temperature": 59,
  "status": "ok"
}
--------------------------------------------------------------------------------
{
  "timestamp": "2026-02-22T14:47:57.885451",
  "device": "solar_panel",
  "panel_id": 3,
  "power_watts": 531,
  "temperature": 26,
  "status": "ok"
}
--------------------------------------------------------------------------------
{
  "timestamp": "2026-02-22T14:48:08.886801",
  "device": "solar_panel",
  "panel_id": 1,
  "power_watts": 189,
  "temperature": 34,
  "status": "ok"
}
--------------------------------------------------------------------------------
{
  "timestamp": "2026-02-22T14:48:09.887695",
  "device": "solar_panel",
  "panel_id": 2,
  "power_watts": 99,
  "temperature": 31,
  "status": "low_power"
}
--------------------------------------------------------------------------------
{
  "timestamp": "2026-02-22T14:48:10.888955",
  "device": "solar_panel",
  "panel_id": 3,
  "power_watts": 795,
  "temperature": 54,
  "status": "ok"
}
--------------------------------------------------------------------------------
{
  "timestamp": "2026-02-22T14:48:21.890628",
  "device": "solar_panel",
  "panel_id": 1,
  "power_watts": 538,
  "temperature": 40,
  "status": "ok"
}
--------------------------------------------------------------------------------
{
  "timestamp": "2026-02-22T14:48:22.891375",
  "device": "solar_panel",
  "panel_id": 2,
  "power_watts": 347,
  "temperature": 50,
  "status": "ok"
}
--------------------------------------------------------------------------------
{
  "timestamp": "2026-02-22T14:48:23.892242",
  "device": "solar_panel",
  "panel_id": 3,
  "power_watts": 581,
  "temperature": 35,
  "status": "ok"
}
--------------------------------------------------------------------------------
{
  "timestamp": "2026-02-22T14:48:34.893580",
  "device": "solar_panel",
  "panel_id": 1,
  "power_watts": 738,
  "temperature": 43,
  "status": "ok"
}
--------------------------------------------------------------------------------
{
  "timestamp": "2026-02-22T14:48:35.894917",
  "device": "solar_panel",
  "panel_id": 2,
  "power_watts": 367,
  "temperature": 52,
  "status": "ok"
}
--------------------------------------------------------------------------------
{
  "timestamp": "2026-02-22T14:48:36.895887",
  "device": "solar_panel",
  "panel_id": 3,
  "power_watts": 343,
  "temperature": 41,
  "status": "ok"
}
--------------------------------------------------------------------------------
{
  "timestamp": "2026-02-22T14:48:47.897241",
  "device": "solar_panel",
  "panel_id": 1,
  "power_watts": 186,
  "temperature": 47,
  "status": "ok"
}
--------------------------------------------------------------------------------
{
  "timestamp": "2026-02-22T14:48:48.898368",
  "device": "solar_panel",
  "panel_id": 2,
  "power_watts": 319,
  "temperature": 54,
  "status": "ok"
}
--------------------------------------------------------------------------------
{
  "timestamp": "2026-02-22T14:48:49.899673",
  "device": "solar_panel",
  "panel_id": 3,
  "power_watts": 871,
  "temperature": 44,
  "status": "ok"
}
--------------------------------------------------------------------------------
{
  "timestamp": "2026-02-22T14:49:00.901196",
  "device": "solar_panel",
  "panel_id": 1,
  "power_watts": 457,
  "temperature": 41,
  "status": "ok"
}
--------------------------------------------------------------------------------
{
  "timestamp": "2026-02-22T14:49:01.902137",
  "device": "solar_panel",
  "panel_id": 2,
  "power_watts": 814,
  "temperature": 45,
  "status": "ok"
}
--------------------------------------------------------------------------------
{
  "timestamp": "2026-02-22T14:49:02.903689",
  "device": "solar_panel",
  "panel_id": 3,
  "power_watts": 341,
  "temperature": 51,
  "status": "ok"
}
--------------------------------------------------------------------------------
{
  "timestamp": "2026-02-22T14:49:13.904976",
  "device": "solar_panel",
  "panel_id": 1,
  "power_watts": 774,
  "temperature": 34,
  "status": "ok"
}
--------------------------------------------------------------------------------
{
  "timestamp": "2026-02-22T14:49:14.906024",
  "device": "solar_panel",
  "panel_id": 2,
  "power_watts": 322,
  "temperature": 44,
  "status": "ok"
}
--------------------------------------------------------------------------------
{
  "timestamp": "2026-02-22T14:49:15.906937",
  "device": "solar_panel",
  "panel_id": 3,
  "power_watts": 174,
  "temperature": 29,
  "status": "ok"
}
--------------------------------------------------------------------------------
{
  "timestamp": "2026-02-22T14:49:26.908884",
  "device": "solar_panel",
  "panel_id": 1,
  "power_watts": 970,
  "temperature": 56,
  "status": "ok"
}
--------------------------------------------------------------------------------
{
  "timestamp": "2026-02-22T14:49:27.910343",
  "device": "solar_panel",
  "panel_id": 2,
  "power_watts": 402,
  "temperature": 42,
  "status": "ok"
}
--------------------------------------------------------------------------------
{
  "timestamp": "2026-02-22T14:49:28.911592",
  "device": "solar_panel",
  "panel_id": 3,
  "power_watts": 152,
  "temperature": 37,
  "status": "ok"
}
--------------------------------------------------------------------------------
{
  "timestamp": "2026-02-22T14:49:39.912961",
  "device": "solar_panel",
  "panel_id": 1,
  "power_watts": 368,
  "temperature": 25,
  "status": "ok"
}
--------------------------------------------------------------------------------
{
  "timestamp": "2026-02-22T14:49:40.914050",
  "device": "solar_panel",
  "panel_id": 2,
  "power_watts": 871,
  "temperature": 35,
  "status": "ok"
}
--------------------------------------------------------------------------------
{
  "timestamp": "2026-02-22T14:49:41.914892",
  "device": "solar_panel",
  "panel_id": 3,
  "power_watts": 91,
  "temperature": 51,
  "status": "low_power"
}
--------------------------------------------------------------------------------
{
  "timestamp": "2026-02-22T14:49:52.916254",
  "device": "solar_panel",
  "panel_id": 1,
  "power_watts": 577,
  "temperature": 30,
  "status": "ok"
}
--------------------------------------------------------------------------------
{
  "timestamp": "2026-02-22T14:49:53.917854",
  "device": "solar_panel",
  "panel_id": 2,
  "power_watts": 807,
  "temperature": 34,
  "status": "ok"
}
--------------------------------------------------------------------------------
{
  "timestamp": "2026-02-22T14:49:54.918683",
  "device": "solar_panel",
  "panel_id": 3,
  "power_watts": 532,
  "temperature": 50,
  "status": "ok"
}
--------------------------------------------------------------------------------
{
  "timestamp": "2026-02-22T14:50:05.920141",
  "device": "solar_panel",
  "panel_id": 1,
  "power_watts": 73,
  "temperature": 40,
  "status": "low_power"
}
--------------------------------------------------------------------------------
{
  "timestamp": "2026-02-22T14:50:06.920834",
  "device": "solar_panel",
  "panel_id": 2,
  "power_watts": 384,
  "temperature": 49,
  "status": "ok"
}
--------------------------------------------------------------------------------
{
  "timestamp": "2026-02-22T14:50:07.922011",
  "device": "solar_panel",
  "panel_id": 3,
  "power_watts": 957,
  "temperature": 43,
  "status": "ok"
}
--------------------------------------------------------------------------------
{
  "timestamp": "2026-02-22T14:50:18.923378",
  "device": "solar_panel",
  "panel_id": 1,
  "power_watts": 769,
  "temperature": 60,
  "status": "ok"
}
--------------------------------------------------------------------------------
{
  "timestamp": "2026-02-22T14:50:19.924392",
  "device": "solar_panel",
  "panel_id": 2,
  "power_watts": 555,
  "temperature": 41,
  "status": "ok"
}
--------------------------------------------------------------------------------
{
  "timestamp": "2026-02-22T14:50:20.925389",
  "device": "solar_panel",
  "panel_id": 3,
  "power_watts": 61,
  "temperature": 38,
  "status": "low_power"
}
--------------------------------------------------------------------------------
{
  "timestamp": "2026-02-22T14:50:31.927206",
  "device": "solar_panel",
  "panel_id": 1,
  "power_watts": 230,
  "temperature": 54,
  "status": "ok"
}
--------------------------------------------------------------------------------
{
  "timestamp": "2026-02-22T14:50:32.928896",
  "device": "solar_panel",
  "panel_id": 2,
  "power_watts": 236,
  "temperature": 50,
  "status": "ok"
}
--------------------------------------------------------------------------------
{
  "timestamp": "2026-02-22T14:50:33.929924",
  "device": "solar_panel",
  "panel_id": 3,
  "power_watts": 872,
  "temperature": 44,
  "status": "ok"
}
--------------------------------------------------------------------------------
{
  "timestamp": "2026-02-22T14:50:44.931302",
  "device": "solar_panel",
  "panel_id": 1,
  "power_watts": 830,
  "temperature": 49,
  "status": "ok"
}
--------------------------------------------------------------------------------
{
  "timestamp": "2026-02-22T14:50:45.932558",
  "device": "solar_panel",
  "panel_id": 2,
  "power_watts": 549,
  "temperature": 32,
  "status": "ok"
}
--------------------------------------------------------------------------------
{
  "timestamp": "2026-02-22T14:50:46.933792",
  "device": "solar_panel",
  "panel_id": 3,
  "power_watts": 560,
  "temperature": 60,
  "status": "ok"
}
--------------------------------------------------------------------------------
{
  "timestamp": "2026-02-22T14:50:57.935435",
  "device": "solar_panel",
  "panel_id": 1,
  "power_watts": 520,
  "temperature": 57,
  "status": "ok"
}
--------------------------------------------------------------------------------
{
  "timestamp": "2026-02-22T14:50:58.936275",
  "device": "solar_panel",
  "panel_id": 2,
  "power_watts": 143,
  "temperature": 35,
  "status": "ok"
}
--------------------------------------------------------------------------------
{
  "timestamp": "2026-02-22T14:50:59.937690",
  "device": "solar_panel",
  "panel_id": 3,
  "power_watts": 417,
  "temperature": 32,
  "status": "ok"
}
--------------------------------------------------------------------------------
{
  "timestamp": "2026-02-22T14:51:10.939419",
  "device": "solar_panel",
  "panel_id": 1,
  "power_watts": 451,
  "temperature": 57,
  "status": "ok"
}
--------------------------------------------------------------------------------
{
  "timestamp": "2026-02-22T14:51:11.940828",
  "device": "solar_panel",
  "panel_id": 2,
  "power_watts": 696,
  "temperature": 59,
  "status": "ok"
}
--------------------------------------------------------------------------------
{
  "timestamp": "2026-02-22T14:51:12.941701",
  "device": "solar_panel",
  "panel_id": 3,
  "power_watts": 115,
  "temperature": 50,
  "status": "ok"
}
--------------------------------------------------------------------------------
{
  "timestamp": "2026-02-22T14:51:23.942875",
  "device": "solar_panel",
  "panel_id": 1,
  "power_watts": 565,
  "temperature": 47,
  "status": "ok"
}
--------------------------------------------------------------------------------
{
  "timestamp": "2026-02-22T14:51:24.943843",
  "device": "solar_panel",
  "panel_id": 2,
  "power_watts": 381,
  "temperature": 53,
  "status": "ok"
}
--------------------------------------------------------------------------------
{
  "timestamp": "2026-02-22T14:51:25.944956",
  "device": "solar_panel",
  "panel_id": 3,
  "power_watts": 979,
  "temperature": 28,
  "status": "ok"
}
--------------------------------------------------------------------------------
{
  "timestamp": "2026-02-22T14:51:36.946554",
  "device": "solar_panel",
  "panel_id": 1,
  "power_watts": 137,
  "temperature": 42,
  "status": "ok"
}
--------------------------------------------------------------------------------
{
  "timestamp": "2026-02-22T14:51:37.947496",
  "device": "solar_panel",
  "panel_id": 2,
  "power_watts": 548,
  "temperature": 37,
  "status": "ok"
}
--------------------------------------------------------------------------------
{
  "timestamp": "2026-02-22T14:51:38.948252",
  "device": "solar_panel",
  "panel_id": 3,
  "power_watts": 536,
  "temperature": 26,
  "status": "ok"
}
--------------------------------------------------------------------------------
{
  "timestamp": "2026-02-22T14:51:49.949654",
  "device": "solar_panel",
  "panel_id": 1,
  "power_watts": 926,
  "temperature": 27,
  "status": "ok"
}
--------------------------------------------------------------------------------
{
  "timestamp": "2026-02-22T14:51:50.951184",
  "device": "solar_panel",
  "panel_id": 2,
  "power_watts": 772,
  "temperature": 45,
  "status": "ok"
}
--------------------------------------------------------------------------------
{
  "timestamp": "2026-02-22T14:51:51.952283",
  "device": "solar_panel",
  "panel_id": 3,
  "power_watts": 358,
  "temperature": 46,
  "status": "ok"
}
--------------------------------------------------------------------------------
{
  "timestamp": "2026-02-22T14:52:02.953765",
  "device": "solar_panel",
  "panel_id": 1,
  "power_watts": 849,
  "temperature": 41,
  "status": "ok"
}
--------------------------------------------------------------------------------
{
  "timestamp": "2026-02-22T14:52:03.954837",
  "device": "solar_panel",
  "panel_id": 2,
  "power_watts": 246,
  "temperature": 43,
  "status": "ok"
}
--------------------------------------------------------------------------------
{
  "timestamp": "2026-02-22T14:52:04.956160",
  "device": "solar_panel",
  "panel_id": 3,
  "power_watts": 573,
  "temperature": 46,
  "status": "ok"
}
--------------------------------------------------------------------------------
{
  "timestamp": "2026-02-22T14:52:15.957825",
  "device": "solar_panel",
  "panel_id": 1,
  "power_watts": 870,
  "temperature": 35,
  "status": "ok"
}
--------------------------------------------------------------------------------
{
  "timestamp": "2026-02-22T14:52:16.958936",
  "device": "solar_panel",
  "panel_id": 2,
  "power_watts": 800,
  "temperature": 56,
  "status": "ok"
}
--------------------------------------------------------------------------------
{
  "timestamp": "2026-02-22T14:52:17.960472",
  "device": "solar_panel",
  "panel_id": 3,
  "power_watts": 851,
  "temperature": 57,
  "status": "ok"
}
--------------------------------------------------------------------------------
{
  "timestamp": "2026-02-22T14:52:28.962416",
  "device": "solar_panel",
  "panel_id": 1,
  "power_watts": 932,
  "temperature": 60,
  "status": "ok"
}
--------------------------------------------------------------------------------
{
  "timestamp": "2026-02-22T14:52:29.963637",
  "device": "solar_panel",
  "panel_id": 2,
  "power_watts": 763,
  "temperature": 60,
  "status": "ok"
}
--------------------------------------------------------------------------------
{
  "timestamp": "2026-02-22T14:52:30.964689",
  "device": "solar_panel",
  "panel_id": 3,
  "power_watts": 224,
  "temperature": 25,
  "status": "ok"
}
--------------------------------------------------------------------------------
{
  "timestamp": "2026-02-22T14:52:41.966145",
  "device": "solar_panel",
  "panel_id": 1,
  "power_watts": 399,
  "temperature": 31,
  "status": "ok"
}
--------------------------------------------------------------------------------
{
  "timestamp": "2026-02-22T14:52:42.967235",
  "device": "solar_panel",
  "panel_id": 2,
  "power_watts": 902,
  "temperature": 36,
  "status": "ok"
}
--------------------------------------------------------------------------------
{
  "timestamp": "2026-02-22T14:52:43.968520",
  "device": "solar_panel",
  "panel_id": 3,
  "power_watts": 323,
  "temperature": 57,
  "status": "ok"
}
--------------------------------------------------------------------------------
{
  "timestamp": "2026-02-22T14:52:54.970266",
  "device": "solar_panel",
  "panel_id": 1,
  "power_watts": 146,
  "temperature": 30,
  "status": "ok"
}
--------------------------------------------------------------------------------
{
  "timestamp": "2026-02-22T14:52:55.971161",
  "device": "solar_panel",
  "panel_id": 2,
  "power_watts": 311,
  "temperature": 36,
  "status": "ok"
}
--------------------------------------------------------------------------------
{
  "timestamp": "2026-02-22T14:52:56.972206",
  "device": "solar_panel",
  "panel_id": 3,
  "power_watts": 101,
  "temperature": 30,
  "status": "ok"
}
--------------------------------------------------------------------------------
{
  "timestamp": "2026-02-22T14:53:07.973420",
  "device": "solar_panel",
  "panel_id": 1,
  "power_watts": 386,
  "temperature": 29,
  "status": "ok"
}
--------------------------------------------------------------------------------
{
  "timestamp": "2026-02-22T14:53:08.974526",
  "device": "solar_panel",
  "panel_id": 2,
  "power_watts": 476,
  "temperature": 53,
  "status": "ok"
}
--------------------------------------------------------------------------------
{
  "timestamp": "2026-02-22T14:53:09.975542",
  "device": "solar_panel",
  "panel_id": 3,
  "power_watts": 272,
  "temperature": 26,
  "status": "ok"
}
--------------------------------------------------------------------------------
{
  "timestamp": "2026-02-22T14:53:20.977515",
  "device": "solar_panel",
  "panel_id": 1,
  "power_watts": 693,
  "temperature": 44,
  "status": "ok"
}
--------------------------------------------------------------------------------
{
  "timestamp": "2026-02-22T14:53:21.978905",
  "device": "solar_panel",
  "panel_id": 2,
  "power_watts": 283,
  "temperature": 49,
  "status": "ok"
}
--------------------------------------------------------------------------------
{
  "timestamp": "2026-02-22T14:53:22.979635",
  "device": "solar_panel",
  "panel_id": 3,
  "power_watts": 151,
  "temperature": 44,
  "status": "ok"
}
--------------------------------------------------------------------------------
{
  "timestamp": "2026-02-22T14:53:33.981055",
  "device": "solar_panel",
  "panel_id": 1,
  "power_watts": 231,
  "temperature": 28,
  "status": "ok"
}
--------------------------------------------------------------------------------
{
  "timestamp": "2026-02-22T14:53:34.982346",
  "device": "solar_panel",
  "panel_id": 2,
  "power_watts": 675,
  "temperature": 54,
  "status": "ok"
}
--------------------------------------------------------------------------------
{
  "timestamp": "2026-02-22T14:53:35.983515",
  "device": "solar_panel",
  "panel_id": 3,
  "power_watts": 248,
  "temperature": 33,
  "status": "ok"
}
--------------------------------------------------------------------------------
{
  "timestamp": "2026-02-22T14:53:46.985252",
  "device": "solar_panel",
  "panel_id": 1,
  "power_watts": 896,
  "temperature": 31,
  "status": "ok"
}
--------------------------------------------------------------------------------
{
  "timestamp": "2026-02-22T14:53:47.986771",
  "device": "solar_panel",
  "panel_id": 2,
  "power_watts": 65,
  "temperature": 31,
  "status": "low_power"
}
--------------------------------------------------------------------------------
{
  "timestamp": "2026-02-22T14:53:48.988199",
  "device": "solar_panel",
  "panel_id": 3,
  "power_watts": 861,
  "temperature": 25,
  "status": "ok"
}
--------------------------------------------------------------------------------
{
  "timestamp": "2026-02-22T14:53:59.989454",
  "device": "solar_panel",
  "panel_id": 1,
  "power_watts": 945,
  "temperature": 25,
  "status": "ok"
}
--------------------------------------------------------------------------------
{
  "timestamp": "2026-02-22T14:54:00.990340",
  "device": "solar_panel",
  "panel_id": 2,
  "power_watts": 243,
  "temperature": 52,
  "status": "ok"
}
--------------------------------------------------------------------------------
{
  "timestamp": "2026-02-22T14:54:01.991505",
  "device": "solar_panel",
  "panel_id": 3,
  "power_watts": 788,
  "temperature": 46,
  "status": "ok"
}
--------------------------------------------------------------------------------
{
  "timestamp": "2026-02-22T14:54:12.992946",
  "device": "solar_panel",
  "panel_id": 1,
  "power_watts": 785,
  "temperature": 30,
  "status": "ok"
}
--------------------------------------------------------------------------------
{
  "timestamp": "2026-02-22T14:54:13.993754",
  "device": "solar_panel",
  "panel_id": 2,
  "power_watts": 892,
  "temperature": 48,
  "status": "ok"
}
--------------------------------------------------------------------------------
{
  "timestamp": "2026-02-22T14:54:14.995079",
  "device": "solar_panel",
  "panel_id": 3,
  "power_watts": 446,
  "temperature": 60,
  "status": "ok"
}
--------------------------------------------------------------------------------
{
  "timestamp": "2026-02-22T14:54:25.996313",
  "device": "solar_panel",
  "panel_id": 1,
  "power_watts": 530,
  "temperature": 30,
  "status": "ok"
}
--------------------------------------------------------------------------------
{
  "timestamp": "2026-02-22T14:54:26.997047",
  "device": "solar_panel",
  "panel_id": 2,
  "power_watts": 966,
  "temperature": 37,
  "status": "ok"
}
--------------------------------------------------------------------------------
{
  "timestamp": "2026-02-22T14:54:27.997958",
  "device": "solar_panel",
  "panel_id": 3,
  "power_watts": 512,
  "temperature": 57,
  "status": "ok"
}
--------------------------------------------------------------------------------
{
  "timestamp": "2026-02-22T14:54:38.999368",
  "device": "solar_panel",
  "panel_id": 1,
  "power_watts": 915,
  "temperature": 53,
  "status": "ok"
}
--------------------------------------------------------------------------------
{
  "timestamp": "2026-02-22T14:54:40.000641",
  "device": "solar_panel",
  "panel_id": 2,
  "power_watts": 176,
  "temperature": 59,
  "status": "ok"
}
--------------------------------------------------------------------------------
{
  "timestamp": "2026-02-22T14:54:41.001795",
  "device": "solar_panel",
  "panel_id": 3,
  "power_watts": 991,
  "temperature": 29,
  "status": "ok"
}
--------------------------------------------------------------------------------
{
  "timestamp": "2026-02-22T14:54:52.003555",
  "device": "solar_panel",
  "panel_id": 1,
  "power_watts": 86,
  "temperature": 50,
  "status": "low_power"
}
--------------------------------------------------------------------------------
{
  "timestamp": "2026-02-22T14:54:53.004776",
  "device": "solar_panel",
  "panel_id": 2,
  "power_watts": 180,
  "temperature": 59,
  "status": "ok"
}
--------------------------------------------------------------------------------
{
  "timestamp": "2026-02-22T14:54:54.006041",
  "device": "solar_panel",
  "panel_id": 3,
  "power_watts": 188,
  "temperature": 52,
  "status": "ok"
}
--------------------------------------------------------------------------------
{
  "timestamp": "2026-02-22T14:55:05.007676",
  "device": "solar_panel",
  "panel_id": 1,
  "power_watts": 111,
  "temperature": 39,
  "status": "ok"
}
--------------------------------------------------------------------------------
{
  "timestamp": "2026-02-22T14:55:06.008719",
  "device": "solar_panel",
  "panel_id": 2,
  "power_watts": 674,
  "temperature": 41,
  "status": "ok"
}
--------------------------------------------------------------------------------
{
  "timestamp": "2026-02-22T14:55:07.009698",
  "device": "solar_panel",
  "panel_id": 3,
  "power_watts": 481,
  "temperature": 31,
  "status": "ok"
}
--------------------------------------------------------------------------------
{
  "timestamp": "2026-02-22T14:55:18.011020",
  "device": "solar_panel",
  "panel_id": 1,
  "power_watts": 749,
  "temperature": 38,
  "status": "ok"
}
--------------------------------------------------------------------------------
{
  "timestamp": "2026-02-22T14:55:19.011873",
  "device": "solar_panel",
  "panel_id": 2,
  "power_watts": 856,
  "temperature": 59,
  "status": "ok"
}
--------------------------------------------------------------------------------
{
  "timestamp": "2026-02-22T14:55:20.013144",
  "device": "solar_panel",
  "panel_id": 3,
  "power_watts": 651,
  "temperature": 50,
  "status": "ok"
}
--------------------------------------------------------------------------------
{
  "timestamp": "2026-02-22T14:55:31.014365",
  "device": "solar_panel",
  "panel_id": 1,
  "power_watts": 348,
  "temperature": 51,
  "status": "ok"
}
--------------------------------------------------------------------------------
{
  "timestamp": "2026-02-22T14:55:32.015412",
  "device": "solar_panel",
  "panel_id": 2,
  "power_watts": 373,
  "temperature": 25,
  "status": "ok"
}
--------------------------------------------------------------------------------
{
  "timestamp": "2026-02-22T14:55:33.017200",
  "device": "solar_panel",
  "panel_id": 3,
  "power_watts": 641,
  "temperature": 44,
  "status": "ok"
}
--------------------------------------------------------------------------------
{
  "timestamp": "2026-02-22T14:55:44.018637",
  "device": "solar_panel",
  "panel_id": 1,
  "power_watts": 679,
  "temperature": 59,
  "status": "ok"
}
--------------------------------------------------------------------------------
{
  "timestamp": "2026-02-22T14:55:45.019602",
  "device": "solar_panel",
  "panel_id": 2,
  "power_watts": 440,
  "temperature": 31,
  "status": "ok"
}
--------------------------------------------------------------------------------
{
  "timestamp": "2026-02-22T14:55:46.020607",
  "device": "solar_panel",
  "panel_id": 3,
  "power_watts": 252,
  "temperature": 32,
  "status": "ok"
}
--------------------------------------------------------------------------------
{
  "timestamp": "2026-02-22T14:55:57.022395",
  "device": "solar_panel",
  "panel_id": 1,
  "power_watts": 233,
  "temperature": 56,
  "status": "ok"
}
--------------------------------------------------------------------------------
{
  "timestamp": "2026-02-22T14:55:58.023453",
  "device": "solar_panel",
  "panel_id": 2,
  "power_watts": 439,
  "temperature": 33,
  "status": "ok"
}
--------------------------------------------------------------------------------
{
  "timestamp": "2026-02-22T14:55:59.024927",
  "device": "solar_panel",
  "panel_id": 3,
  "power_watts": 838,
  "temperature": 27,
  "status": "ok"
}
--------------------------------------------------------------------------------
{
  "timestamp": "2026-02-22T14:56:10.026140",
  "device": "solar_panel",
  "panel_id": 1,
  "power_watts": 799,
  "temperature": 43,
  "status": "ok"
}
--------------------------------------------------------------------------------
{
  "timestamp": "2026-02-22T14:56:11.027302",
  "device": "solar_panel",
  "panel_id": 2,
  "power_watts": 841,
  "temperature": 51,
  "status": "ok"
}
--------------------------------------------------------------------------------
{
  "timestamp": "2026-02-22T14:56:12.029315",
  "device": "solar_panel",
  "panel_id": 3,
  "power_watts": 291,
  "temperature": 31,
  "status": "ok"
}
--------------------------------------------------------------------------------
{
  "timestamp": "2026-02-22T14:56:23.030437",
  "device": "solar_panel",
  "panel_id": 1,
  "power_watts": 915,
  "temperature": 46,
  "status": "ok"
}
--------------------------------------------------------------------------------
{
  "timestamp": "2026-02-22T14:56:24.031237",
  "device": "solar_panel",
  "panel_id": 2,
  "power_watts": 430,
  "temperature": 57,
  "status": "ok"
}
--------------------------------------------------------------------------------
{
  "timestamp": "2026-02-22T14:56:25.032408",
  "device": "solar_panel",
  "panel_id": 3,
  "power_watts": 494,
  "temperature": 34,
  "status": "ok"
}
--------------------------------------------------------------------------------
{
  "timestamp": "2026-02-22T14:56:36.034344",
  "device": "solar_panel",
  "panel_id": 1,
  "power_watts": 933,
  "temperature": 42,
  "status": "ok"
}
--------------------------------------------------------------------------------
{
  "timestamp": "2026-02-22T14:56:37.035403",
  "device": "solar_panel",
  "panel_id": 2,
  "power_watts": 276,
  "temperature": 58,
  "status": "ok"
}
--------------------------------------------------------------------------------
{
  "timestamp": "2026-02-22T14:56:38.036585",
  "device": "solar_panel",
  "panel_id": 3,
  "power_watts": 862,
  "temperature": 37,
  "status": "ok"
}
--------------------------------------------------------------------------------
{
  "timestamp": "2026-02-22T14:56:49.037743",
  "device": "solar_panel",
  "panel_id": 1,
  "power_watts": 774,
  "temperature": 47,
  "status": "ok"
}
--------------------------------------------------------------------------------
{
  "timestamp": "2026-02-22T14:56:50.038622",
  "device": "solar_panel",
  "panel_id": 2,
  "power_watts": 71,
  "temperature": 27,
  "status": "low_power"
}
--------------------------------------------------------------------------------
{
  "timestamp": "2026-02-22T14:56:51.039805",
  "device": "solar_panel",
  "panel_id": 3,
  "power_watts": 75,
  "temperature": 53,
  "status": "low_power"
}
--------------------------------------------------------------------------------
{
  "timestamp": "2026-02-22T14:57:02.041328",
  "device": "solar_panel",
  "panel_id": 1,
  "power_watts": 708,
  "temperature": 42,
  "status": "ok"
}
--------------------------------------------------------------------------------
{
  "timestamp": "2026-02-22T14:57:03.042501",
  "device": "solar_panel",
  "panel_id": 2,
  "power_watts": 63,
  "temperature": 32,
  "status": "low_power"
}
--------------------------------------------------------------------------------
{
  "timestamp": "2026-02-22T14:57:04.043280",
  "device": "solar_panel",
  "panel_id": 3,
  "power_watts": 342,
  "temperature": 25,
  "status": "ok"
}
--------------------------------------------------------------------------------
{
  "timestamp": "2026-02-22T14:57:15.044488",
  "device": "solar_panel",
  "panel_id": 1,
  "power_watts": 952,
  "temperature": 57,
  "status": "ok"
}
--------------------------------------------------------------------------------
{
  "timestamp": "2026-02-22T14:57:16.045537",
  "device": "solar_panel",
  "panel_id": 2,
  "power_watts": 242,
  "temperature": 54,
  "status": "ok"
}
--------------------------------------------------------------------------------
{
  "timestamp": "2026-02-22T14:57:17.046557",
  "device": "solar_panel",
  "panel_id": 3,
  "power_watts": 124,
  "temperature": 31,
  "status": "ok"
}
--------------------------------------------------------------------------------
{
  "timestamp": "2026-02-22T14:57:28.048238",
  "device": "solar_panel",
  "panel_id": 1,
  "power_watts": 233,
  "temperature": 38,
  "status": "ok"
}
--------------------------------------------------------------------------------
{
  "timestamp": "2026-02-22T14:57:29.048866",
  "device": "solar_panel",
  "panel_id": 2,
  "power_watts": 362,
  "temperature": 33,
  "status": "ok"
}
--------------------------------------------------------------------------------
{
  "timestamp": "2026-02-22T14:57:30.049963",
  "device": "solar_panel",
  "panel_id": 3,
  "power_watts": 439,
  "temperature": 31,
  "status": "ok"
}
--------------------------------------------------------------------------------
{
  "timestamp": "2026-02-22T14:57:41.051163",
  "device": "solar_panel",
  "panel_id": 1,
  "power_watts": 272,
  "temperature": 51,
  "status": "ok"
}
--------------------------------------------------------------------------------
{
  "timestamp": "2026-02-22T14:57:42.052625",
  "device": "solar_panel",
  "panel_id": 2,
  "power_watts": 142,
  "temperature": 55,
  "status": "ok"
}
--------------------------------------------------------------------------------
{
  "timestamp": "2026-02-22T14:57:43.053554",
  "device": "solar_panel",
  "panel_id": 3,
  "power_watts": 750,
  "temperature": 59,
  "status": "ok"
}
--------------------------------------------------------------------------------
{
  "timestamp": "2026-02-22T14:57:54.054766",
  "device": "solar_panel",
  "panel_id": 1,
  "power_watts": 313,
  "temperature": 35,
  "status": "ok"
}
--------------------------------------------------------------------------------
{
  "timestamp": "2026-02-22T14:57:55.056281",
  "device": "solar_panel",
  "panel_id": 2,
  "power_watts": 391,
  "temperature": 59,
  "status": "ok"
}
--------------------------------------------------------------------------------
{
  "timestamp": "2026-02-22T14:57:56.057514",
  "device": "solar_panel",
  "panel_id": 3,
  "power_watts": 698,
  "temperature": 43,
  "status": "ok"
}
--------------------------------------------------------------------------------
{
  "timestamp": "2026-02-22T14:58:07.059263",
  "device": "solar_panel",
  "panel_id": 1,
  "power_watts": 92,
  "temperature": 44,
  "status": "low_power"
}
--------------------------------------------------------------------------------
{
  "timestamp": "2026-02-22T14:58:08.060051",
  "device": "solar_panel",
  "panel_id": 2,
  "power_watts": 956,
  "temperature": 48,
  "status": "ok"
}
--------------------------------------------------------------------------------
{
  "timestamp": "2026-02-22T14:58:09.061335",
  "device": "solar_panel",
  "panel_id": 3,
  "power_watts": 991,
  "temperature": 39,
  "status": "ok"
}
--------------------------------------------------------------------------------
{
  "timestamp": "2026-02-22T14:58:20.063082",
  "device": "solar_panel",
  "panel_id": 1,
  "power_watts": 678,
  "temperature": 59,
  "status": "ok"
}
--------------------------------------------------------------------------------
{
  "timestamp": "2026-02-22T14:58:21.064759",
  "device": "solar_panel",
  "panel_id": 2,
  "power_watts": 200,
  "temperature": 30,
  "status": "ok"
}
--------------------------------------------------------------------------------
{
  "timestamp": "2026-02-22T14:58:22.065746",
  "device": "solar_panel",
  "panel_id": 3,
  "power_watts": 604,
  "temperature": 57,
  "status": "ok"
}
--------------------------------------------------------------------------------
{
  "timestamp": "2026-02-22T14:58:33.067103",
  "device": "solar_panel",
  "panel_id": 1,
  "power_watts": 322,
  "temperature": 58,
  "status": "ok"
}
--------------------------------------------------------------------------------
{
  "timestamp": "2026-02-22T14:58:34.068107",
  "device": "solar_panel",
  "panel_id": 2,
  "power_watts": 96,
  "temperature": 52,
  "status": "low_power"
}
--------------------------------------------------------------------------------
{
  "timestamp": "2026-02-22T14:58:35.069178",
  "device": "solar_panel",
  "panel_id": 3,
  "power_watts": 888,
  "temperature": 50,
  "status": "ok"
}
--------------------------------------------------------------------------------
{
  "timestamp": "2026-02-22T14:58:46.070842",
  "device": "solar_panel",
  "panel_id": 1,
  "power_watts": 750,
  "temperature": 54,
  "status": "ok"
}
--------------------------------------------------------------------------------
{
  "timestamp": "2026-02-22T14:58:47.071864",
  "device": "solar_panel",
  "panel_id": 2,
  "power_watts": 626,
  "temperature": 36,
  "status": "ok"
}
--------------------------------------------------------------------------------
{
  "timestamp": "2026-02-22T14:58:48.073401",
  "device": "solar_panel",
  "panel_id": 3,
  "power_watts": 543,
  "temperature": 42,
  "status": "ok"
}
--------------------------------------------------------------------------------
{
  "timestamp": "2026-02-22T14:58:59.074717",
  "device": "solar_panel",
  "panel_id": 1,
  "power_watts": 805,
  "temperature": 40,
  "status": "ok"
}
--------------------------------------------------------------------------------
{
  "timestamp": "2026-02-22T14:59:00.075399",
  "device": "solar_panel",
  "panel_id": 2,
  "power_watts": 796,
  "temperature": 48,
  "status": "ok"
}
--------------------------------------------------------------------------------
{
  "timestamp": "2026-02-22T14:59:01.076146",
  "device": "solar_panel",
  "panel_id": 3,
  "power_watts": 204,
  "temperature": 40,
  "status": "ok"
}
--------------------------------------------------------------------------------
{
  "timestamp": "2026-02-22T14:59:12.077689",
  "device": "solar_panel",
  "panel_id": 1,
  "power_watts": 745,
  "temperature": 57,
  "status": "ok"
}
--------------------------------------------------------------------------------
{
  "timestamp": "2026-02-22T14:59:13.078338",
  "device": "solar_panel",
  "panel_id": 2,
  "power_watts": 779,
  "temperature": 35,
  "status": "ok"
}
--------------------------------------------------------------------------------
{
  "timestamp": "2026-02-22T14:59:14.079148",
  "device": "solar_panel",
  "panel_id": 3,
  "power_watts": 412,
  "temperature": 43,
  "status": "ok"
}
--------------------------------------------------------------------------------
{
  "timestamp": "2026-02-22T14:59:25.080599",
  "device": "solar_panel",
  "panel_id": 1,
  "power_watts": 718,
  "temperature": 46,
  "status": "ok"
}
--------------------------------------------------------------------------------
{
  "timestamp": "2026-02-22T14:59:26.081606",
  "device": "solar_panel",
  "panel_id": 2,
  "power_watts": 148,
  "temperature": 35,
  "status": "ok"
}
--------------------------------------------------------------------------------
{
  "timestamp": "2026-02-22T14:59:27.082810",
  "device": "solar_panel",
  "panel_id": 3,
  "power_watts": 159,
  "temperature": 56,
  "status": "ok"
}
--------------------------------------------------------------------------------
{
  "timestamp": "2026-02-22T14:59:38.084269",
  "device": "solar_panel",
  "panel_id": 1,
  "power_watts": 936,
  "temperature": 54,
  "status": "ok"
}
--------------------------------------------------------------------------------
{
  "timestamp": "2026-02-22T14:59:39.085394",
  "device": "solar_panel",
  "panel_id": 2,
  "power_watts": 320,
  "temperature": 51,
  "status": "ok"
}
--------------------------------------------------------------------------------
{
  "timestamp": "2026-02-22T14:59:40.086689",
  "device": "solar_panel",
  "panel_id": 3,
  "power_watts": 490,
  "temperature": 46,
  "status": "ok"
}
--------------------------------------------------------------------------------
{
  "timestamp": "2026-02-22T14:59:51.088252",
  "device": "solar_panel",
  "panel_id": 1,
  "power_watts": 685,
  "temperature": 25,
  "status": "ok"
}
--------------------------------------------------------------------------------
{
  "timestamp": "2026-02-22T14:59:52.089389",
  "device": "solar_panel",
  "panel_id": 2,
  "power_watts": 390,
  "temperature": 43,
  "status": "ok"
}
--------------------------------------------------------------------------------
{
  "timestamp": "2026-02-22T14:59:53.090437",
  "device": "solar_panel",
  "panel_id": 3,
  "power_watts": 876,
  "temperature": 25,
  "status": "ok"
}
--------------------------------------------------------------------------------
{
  "timestamp": "2026-02-22T15:00:04.091905",
  "device": "solar_panel",
  "panel_id": 1,
  "power_watts": 374,
  "temperature": 26,
  "status": "ok"
}
--------------------------------------------------------------------------------
{
  "timestamp": "2026-02-22T15:00:05.093050",
  "device": "solar_panel",
  "panel_id": 2,
  "power_watts": 944,
  "temperature": 47,
  "status": "ok"
}
--------------------------------------------------------------------------------
{
  "timestamp": "2026-02-22T15:00:06.094174",
  "device": "solar_panel",
  "panel_id": 3,
  "power_watts": 508,
  "temperature": 43,
  "status": "ok"
}
--------------------------------------------------------------------------------
{
  "timestamp": "2026-02-22T15:00:17.095659",
  "device": "solar_panel",
  "panel_id": 1,
  "power_watts": 255,
  "temperature": 53,
  "status": "ok"
}
--------------------------------------------------------------------------------
{
  "timestamp": "2026-02-22T15:00:18.096819",
  "device": "solar_panel",
  "panel_id": 2,
  "power_watts": 849,
  "temperature": 28,
  "status": "ok"
}
--------------------------------------------------------------------------------
{
  "timestamp": "2026-02-22T15:00:19.098100",
  "device": "solar_panel",
  "panel_id": 3,
  "power_watts": 882,
  "temperature": 40,
  "status": "ok"
}
--------------------------------------------------------------------------------
{
  "timestamp": "2026-02-22T15:00:30.099860",
  "device": "solar_panel",
  "panel_id": 1,
  "power_watts": 689,
  "temperature": 50,
  "status": "ok"
}
--------------------------------------------------------------------------------
{
  "timestamp": "2026-02-22T15:00:31.101270",
  "device": "solar_panel",
  "panel_id": 2,
  "power_watts": 524,
  "temperature": 27,
  "status": "ok"
}
--------------------------------------------------------------------------------
{
  "timestamp": "2026-02-22T15:00:32.102337",
  "device": "solar_panel",
  "panel_id": 3,
  "power_watts": 935,
  "temperature": 43,
  "status": "ok"
}
--------------------------------------------------------------------------------
{
  "timestamp": "2026-02-22T15:00:43.103543",
  "device": "solar_panel",
  "panel_id": 1,
  "power_watts": 465,
  "temperature": 44,
  "status": "ok"
}
--------------------------------------------------------------------------------
{
  "timestamp": "2026-02-22T15:00:44.104667",
  "device": "solar_panel",
  "panel_id": 2,
  "power_watts": 952,
  "temperature": 58,
  "status": "ok"
}
--------------------------------------------------------------------------------
{
  "timestamp": "2026-02-22T15:00:45.105653",
  "device": "solar_panel",
  "panel_id": 3,
  "power_watts": 359,
  "temperature": 58,
  "status": "ok"
}
--------------------------------------------------------------------------------
{
  "timestamp": "2026-02-22T15:00:56.107094",
  "device": "solar_panel",
  "panel_id": 1,
  "power_watts": 189,
  "temperature": 47,
  "status": "ok"
}
--------------------------------------------------------------------------------
{
  "timestamp": "2026-02-22T15:00:57.108098",
  "device": "solar_panel",
  "panel_id": 2,
  "power_watts": 455,
  "temperature": 44,
  "status": "ok"
}
--------------------------------------------------------------------------------
{
  "timestamp": "2026-02-22T15:00:58.109043",
  "device": "solar_panel",
  "panel_id": 3,
  "power_watts": 964,
  "temperature": 33,
  "status": "ok"
}
--------------------------------------------------------------------------------
{
  "timestamp": "2026-02-22T15:01:09.110318",
  "device": "solar_panel",
  "panel_id": 1,
  "power_watts": 805,
  "temperature": 55,
  "status": "ok"
}
--------------------------------------------------------------------------------
{
  "timestamp": "2026-02-22T15:01:10.111665",
  "device": "solar_panel",
  "panel_id": 2,
  "power_watts": 978,
  "temperature": 35,
  "status": "ok"
}
--------------------------------------------------------------------------------
{
  "timestamp": "2026-02-22T15:01:11.112758",
  "device": "solar_panel",
  "panel_id": 3,
  "power_watts": 251,
  "temperature": 53,
  "status": "ok"
}
--------------------------------------------------------------------------------
{
  "timestamp": "2026-02-22T15:01:22.114453",
  "device": "solar_panel",
  "panel_id": 1,
  "power_watts": 583,
  "temperature": 42,
  "status": "ok"
}
--------------------------------------------------------------------------------
{
  "timestamp": "2026-02-22T15:01:23.115485",
  "device": "solar_panel",
  "panel_id": 2,
  "power_watts": 533,
  "temperature": 31,
  "status": "ok"
}
--------------------------------------------------------------------------------
{
  "timestamp": "2026-02-22T15:01:24.116610",
  "device": "solar_panel",
  "panel_id": 3,
  "power_watts": 699,
  "temperature": 32,
  "status": "ok"
}
--------------------------------------------------------------------------------
{
  "timestamp": "2026-02-22T15:01:35.118133",
  "device": "solar_panel",
  "panel_id": 1,
  "power_watts": 923,
  "temperature": 30,
  "status": "ok"
}
--------------------------------------------------------------------------------
{
  "timestamp": "2026-02-22T15:01:36.119520",
  "device": "solar_panel",
  "panel_id": 2,
  "power_watts": 939,
  "temperature": 30,
  "status": "ok"
}
--------------------------------------------------------------------------------
{
  "timestamp": "2026-02-22T15:01:37.120899",
  "device": "solar_panel",
  "panel_id": 3,
  "power_watts": 532,
  "temperature": 56,
  "status": "ok"
}
--------------------------------------------------------------------------------
{
  "timestamp": "2026-02-22T15:01:48.122688",
  "device": "solar_panel",
  "panel_id": 1,
  "power_watts": 108,
  "temperature": 51,
  "status": "ok"
}
--------------------------------------------------------------------------------
{
  "timestamp": "2026-02-22T15:01:49.123823",
  "device": "solar_panel",
  "panel_id": 2,
  "power_watts": 364,
  "temperature": 59,
  "status": "ok"
}
--------------------------------------------------------------------------------
{
  "timestamp": "2026-02-22T15:01:50.125071",
  "device": "solar_panel",
  "panel_id": 3,
  "power_watts": 672,
  "temperature": 47,
  "status": "ok"
}
--------------------------------------------------------------------------------
{
  "timestamp": "2026-02-22T15:02:01.126635",
  "device": "solar_panel",
  "panel_id": 1,
  "power_watts": 490,
  "temperature": 35,
  "status": "ok"
}
--------------------------------------------------------------------------------
{
  "timestamp": "2026-02-22T15:02:02.127621",
  "device": "solar_panel",
  "panel_id": 2,
  "power_watts": 418,
  "temperature": 53,
  "status": "ok"
}
--------------------------------------------------------------------------------
{
  "timestamp": "2026-02-22T15:02:03.128814",
  "device": "solar_panel",
  "panel_id": 3,
  "power_watts": 811,
  "temperature": 49,
  "status": "ok"
}
--------------------------------------------------------------------------------
{
  "timestamp": "2026-02-22T15:02:14.130104",
  "device": "solar_panel",
  "panel_id": 1,
  "power_watts": 694,
  "temperature": 60,
  "status": "ok"
}
--------------------------------------------------------------------------------
{
  "timestamp": "2026-02-22T15:02:15.131188",
  "device": "solar_panel",
  "panel_id": 2,
  "power_watts": 187,
  "temperature": 58,
  "status": "ok"
}
--------------------------------------------------------------------------------
{
  "timestamp": "2026-02-22T15:02:16.132374",
  "device": "solar_panel",
  "panel_id": 3,
  "power_watts": 901,
  "temperature": 59,
  "status": "ok"
}
--------------------------------------------------------------------------------
{
  "timestamp": "2026-02-22T15:02:27.133862",
  "device": "solar_panel",
  "panel_id": 1,
  "power_watts": 462,
  "temperature": 32,
  "status": "ok"
}
--------------------------------------------------------------------------------
{
  "timestamp": "2026-02-22T15:02:28.134797",
  "device": "solar_panel",
  "panel_id": 2,
  "power_watts": 62,
  "temperature": 29,
  "status": "low_power"
}
--------------------------------------------------------------------------------
{
  "timestamp": "2026-02-22T15:02:29.136223",
  "device": "solar_panel",
  "panel_id": 3,
  "power_watts": 850,
  "temperature": 51,
  "status": "ok"
}
--------------------------------------------------------------------------------
{
  "timestamp": "2026-02-22T15:02:40.137767",
  "device": "solar_panel",
  "panel_id": 1,
  "power_watts": 359,
  "temperature": 29,
  "status": "ok"
}
--------------------------------------------------------------------------------
{
  "timestamp": "2026-02-22T15:02:41.138532",
  "device": "solar_panel",
  "panel_id": 2,
  "power_watts": 86,
  "temperature": 49,
  "status": "low_power"
}
--------------------------------------------------------------------------------
{
  "timestamp": "2026-02-22T15:02:42.139417",
  "device": "solar_panel",
  "panel_id": 3,
  "power_watts": 860,
  "temperature": 43,
  "status": "ok"
}
--------------------------------------------------------------------------------
{
  "timestamp": "2026-02-22T15:02:53.140914",
  "device": "solar_panel",
  "panel_id": 1,
  "power_watts": 208,
  "temperature": 39,
  "status": "ok"
}
--------------------------------------------------------------------------------
{
  "timestamp": "2026-02-22T15:02:54.142140",
  "device": "solar_panel",
  "panel_id": 2,
  "power_watts": 83,
  "temperature": 27,
  "status": "low_power"
}
--------------------------------------------------------------------------------
{
  "timestamp": "2026-02-22T15:02:55.143125",
  "device": "solar_panel",
  "panel_id": 3,
  "power_watts": 648,
  "temperature": 38,
  "status": "ok"
}
--------------------------------------------------------------------------------
{
  "timestamp": "2026-02-22T15:03:06.145219",
  "device": "solar_panel",
  "panel_id": 1,
  "power_watts": 544,
  "temperature": 49,
  "status": "ok"
}
--------------------------------------------------------------------------------
{
  "timestamp": "2026-02-22T15:03:07.146438",
  "device": "solar_panel",
  "panel_id": 2,
  "power_watts": 153,
  "temperature": 30,
  "status": "ok"
}
--------------------------------------------------------------------------------
{
  "timestamp": "2026-02-22T15:03:08.147660",
  "device": "solar_panel",
  "panel_id": 3,
  "power_watts": 442,
  "temperature": 43,
  "status": "ok"
}
--------------------------------------------------------------------------------
{
  "timestamp": "2026-02-22T15:03:19.148693",
  "device": "solar_panel",
  "panel_id": 1,
  "power_watts": 351,
  "temperature": 39,
  "status": "ok"
}
--------------------------------------------------------------------------------
{
  "timestamp": "2026-02-22T15:03:20.149762",
  "device": "solar_panel",
  "panel_id": 2,
  "power_watts": 516,
  "temperature": 35,
  "status": "ok"
}
--------------------------------------------------------------------------------
{
  "timestamp": "2026-02-22T15:03:21.150930",
  "device": "solar_panel",
  "panel_id": 3,
  "power_watts": 889,
  "temperature": 55,
  "status": "ok"
}
--------------------------------------------------------------------------------
{
  "timestamp": "2026-02-22T15:03:32.152193",
  "device": "solar_panel",
  "panel_id": 1,
  "power_watts": 838,
  "temperature": 48,
  "status": "ok"
}
--------------------------------------------------------------------------------
{
  "timestamp": "2026-02-22T15:03:33.153454",
  "device": "solar_panel",
  "panel_id": 2,
  "power_watts": 684,
  "temperature": 35,
  "status": "ok"
}
--------------------------------------------------------------------------------
{
  "timestamp": "2026-02-22T15:03:34.154394",
  "device": "solar_panel",
  "panel_id": 3,
  "power_watts": 291,
  "temperature": 47,
  "status": "ok"
}
--------------------------------------------------------------------------------
{
  "timestamp": "2026-02-22T15:03:45.156072",
  "device": "solar_panel",
  "panel_id": 1,
  "power_watts": 975,
  "temperature": 43,
  "status": "ok"
}
--------------------------------------------------------------------------------
{
  "timestamp": "2026-02-22T15:03:46.157675",
  "device": "solar_panel",
  "panel_id": 2,
  "power_watts": 291,
  "temperature": 34,
  "status": "ok"
}
--------------------------------------------------------------------------------
{
  "timestamp": "2026-02-22T15:03:47.158753",
  "device": "solar_panel",
  "panel_id": 3,
  "power_watts": 610,
  "temperature": 46,
  "status": "ok"
}
--------------------------------------------------------------------------------
{
  "timestamp": "2026-02-22T15:03:58.160248",
  "device": "solar_panel",
  "panel_id": 1,
  "power_watts": 634,
  "temperature": 58,
  "status": "ok"
}
--------------------------------------------------------------------------------
{
  "timestamp": "2026-02-22T15:03:59.161240",
  "device": "solar_panel",
  "panel_id": 2,
  "power_watts": 977,
  "temperature": 32,
  "status": "ok"
}
--------------------------------------------------------------------------------
{
  "timestamp": "2026-02-22T15:04:00.162353",
  "device": "solar_panel",
  "panel_id": 3,
  "power_watts": 110,
  "temperature": 41,
  "status": "ok"
}
--------------------------------------------------------------------------------
{
  "timestamp": "2026-02-22T15:04:11.164036",
  "device": "solar_panel",
  "panel_id": 1,
  "power_watts": 103,
  "temperature": 43,
  "status": "ok"
}
--------------------------------------------------------------------------------
{
  "timestamp": "2026-02-22T15:04:12.165386",
  "device": "solar_panel",
  "panel_id": 2,
  "power_watts": 169,
  "temperature": 28,
  "status": "ok"
}
--------------------------------------------------------------------------------
{
  "timestamp": "2026-02-22T15:04:13.166452",
  "device": "solar_panel",
  "panel_id": 3,
  "power_watts": 973,
  "temperature": 27,
  "status": "ok"
}
--------------------------------------------------------------------------------
{
  "timestamp": "2026-02-22T15:04:24.168286",
  "device": "solar_panel",
  "panel_id": 1,
  "power_watts": 747,
  "temperature": 37,
  "status": "ok"
}
--------------------------------------------------------------------------------
{
  "timestamp": "2026-02-22T15:04:25.169042",
  "device": "solar_panel",
  "panel_id": 2,
  "power_watts": 257,
  "temperature": 25,
  "status": "ok"
}
--------------------------------------------------------------------------------
{
  "timestamp": "2026-02-22T15:04:26.170309",
  "device": "solar_panel",
  "panel_id": 3,
  "power_watts": 134,
  "temperature": 36,
  "status": "ok"
}
--------------------------------------------------------------------------------
{
  "timestamp": "2026-02-22T15:04:37.171398",
  "device": "solar_panel",
  "panel_id": 1,
  "power_watts": 774,
  "temperature": 26,
  "status": "ok"
}
--------------------------------------------------------------------------------
{
  "timestamp": "2026-02-22T15:04:38.172899",
  "device": "solar_panel",
  "panel_id": 2,
  "power_watts": 432,
  "temperature": 47,
  "status": "ok"
}
--------------------------------------------------------------------------------
{
  "timestamp": "2026-02-22T15:04:39.174191",
  "device": "solar_panel",
  "panel_id": 3,
  "power_watts": 653,
  "temperature": 43,
  "status": "ok"
}
--------------------------------------------------------------------------------
{
  "timestamp": "2026-02-22T15:04:50.175306",
  "device": "solar_panel",
  "panel_id": 1,
  "power_watts": 856,
  "temperature": 54,
  "status": "ok"
}
--------------------------------------------------------------------------------
{
  "timestamp": "2026-02-22T15:04:51.176739",
  "device": "solar_panel",
  "panel_id": 2,
  "power_watts": 365,
  "temperature": 33,
  "status": "ok"
}
--------------------------------------------------------------------------------
{
  "timestamp": "2026-02-22T15:04:52.177644",
  "device": "solar_panel",
  "panel_id": 3,
  "power_watts": 869,
  "temperature": 49,
  "status": "ok"
}
--------------------------------------------------------------------------------
{
  "timestamp": "2026-02-22T15:05:03.178840",
  "device": "solar_panel",
  "panel_id": 1,
  "power_watts": 757,
  "temperature": 52,
  "status": "ok"
}
--------------------------------------------------------------------------------
{
  "timestamp": "2026-02-22T15:05:04.179786",
  "device": "solar_panel",
  "panel_id": 2,
  "power_watts": 862,
  "temperature": 29,
  "status": "ok"
}
--------------------------------------------------------------------------------
{
  "timestamp": "2026-02-22T15:05:05.180811",
  "device": "solar_panel",
  "panel_id": 3,
  "power_watts": 260,
  "temperature": 58,
  "status": "ok"
}
--------------------------------------------------------------------------------
{
  "timestamp": "2026-02-22T15:05:16.182022",
  "device": "solar_panel",
  "panel_id": 1,
  "power_watts": 721,
  "temperature": 47,
  "status": "ok"
}
--------------------------------------------------------------------------------
{
  "timestamp": "2026-02-22T15:05:17.182941",
  "device": "solar_panel",
  "panel_id": 2,
  "power_watts": 789,
  "temperature": 48,
  "status": "ok"
}
--------------------------------------------------------------------------------
{
  "timestamp": "2026-02-22T15:05:18.183791",
  "device": "solar_panel",
  "panel_id": 3,
  "power_watts": 304,
  "temperature": 33,
  "status": "ok"
}
--------------------------------------------------------------------------------
{
  "timestamp": "2026-02-22T15:05:29.185032",
  "device": "solar_panel",
  "panel_id": 1,
  "power_watts": 945,
  "temperature": 46,
  "status": "ok"
}
--------------------------------------------------------------------------------
{
  "timestamp": "2026-02-22T15:05:30.186236",
  "device": "solar_panel",
  "panel_id": 2,
  "power_watts": 915,
  "temperature": 25,
  "status": "ok"
}
--------------------------------------------------------------------------------
{
  "timestamp": "2026-02-22T15:05:31.186863",
  "device": "solar_panel",
  "panel_id": 3,
  "power_watts": 923,
  "temperature": 29,
  "status": "ok"
}
--------------------------------------------------------------------------------
{
  "timestamp": "2026-02-22T15:05:42.188309",
  "device": "solar_panel",
  "panel_id": 1,
  "power_watts": 472,
  "temperature": 48,
  "status": "ok"
}
--------------------------------------------------------------------------------
{
  "timestamp": "2026-02-22T15:05:43.189045",
  "device": "solar_panel",
  "panel_id": 2,
  "power_watts": 87,
  "temperature": 58,
  "status": "low_power"
}
--------------------------------------------------------------------------------
{
  "timestamp": "2026-02-22T15:05:44.190071",
  "device": "solar_panel",
  "panel_id": 3,
  "power_watts": 372,
  "temperature": 37,
  "status": "ok"
}
--------------------------------------------------------------------------------
{
  "timestamp": "2026-02-22T15:05:55.191507",
  "device": "solar_panel",
  "panel_id": 1,
  "power_watts": 384,
  "temperature": 59,
  "status": "ok"
}
--------------------------------------------------------------------------------
{
  "timestamp": "2026-02-22T15:05:56.192592",
  "device": "solar_panel",
  "panel_id": 2,
  "power_watts": 507,
  "temperature": 30,
  "status": "ok"
}
--------------------------------------------------------------------------------
{
  "timestamp": "2026-02-22T15:05:57.193914",
  "device": "solar_panel",
  "panel_id": 3,
  "power_watts": 421,
  "temperature": 43,
  "status": "ok"
}
--------------------------------------------------------------------------------
{
  "timestamp": "2026-02-22T15:06:08.195636",
  "device": "solar_panel",
  "panel_id": 1,
  "power_watts": 609,
  "temperature": 43,
  "status": "ok"
}
--------------------------------------------------------------------------------
{
  "timestamp": "2026-02-22T15:06:09.196696",
  "device": "solar_panel",
  "panel_id": 2,
  "power_watts": 56,
  "temperature": 49,
  "status": "low_power"
}
--------------------------------------------------------------------------------
{
  "timestamp": "2026-02-22T15:06:10.197598",
  "device": "solar_panel",
  "panel_id": 3,
  "power_watts": 136,
  "temperature": 46,
  "status": "ok"
}
--------------------------------------------------------------------------------
{
  "timestamp": "2026-02-22T15:06:21.198857",
  "device": "solar_panel",
  "panel_id": 1,
  "power_watts": 736,
  "temperature": 53,
  "status": "ok"
}
--------------------------------------------------------------------------------
{
  "timestamp": "2026-02-22T15:06:22.200195",
  "device": "solar_panel",
  "panel_id": 2,
  "power_watts": 345,
  "temperature": 37,
  "status": "ok"
}
--------------------------------------------------------------------------------
{
  "timestamp": "2026-02-22T15:06:23.201312",
  "device": "solar_panel",
  "panel_id": 3,
  "power_watts": 398,
  "temperature": 38,
  "status": "ok"
}
--------------------------------------------------------------------------------
{
  "timestamp": "2026-02-22T15:06:34.203061",
  "device": "solar_panel",
  "panel_id": 1,
  "power_watts": 787,
  "temperature": 41,
  "status": "ok"
}
--------------------------------------------------------------------------------
{
  "timestamp": "2026-02-22T15:06:35.203876",
  "device": "solar_panel",
  "panel_id": 2,
  "power_watts": 922,
  "temperature": 35,
  "status": "ok"
}
--------------------------------------------------------------------------------
{
  "timestamp": "2026-02-22T15:06:36.205118",
  "device": "solar_panel",
  "panel_id": 3,
  "power_watts": 671,
  "temperature": 37,
  "status": "ok"
}
--------------------------------------------------------------------------------
{
  "timestamp": "2026-02-22T15:06:47.206433",
  "device": "solar_panel",
  "panel_id": 1,
  "power_watts": 521,
  "temperature": 25,
  "status": "ok"
}
--------------------------------------------------------------------------------
{
  "timestamp": "2026-02-22T15:06:48.207541",
  "device": "solar_panel",
  "panel_id": 2,
  "power_watts": 389,
  "temperature": 50,
  "status": "ok"
}
--------------------------------------------------------------------------------
{
  "timestamp": "2026-02-22T15:06:49.208921",
  "device": "solar_panel",
  "panel_id": 3,
  "power_watts": 431,
  "temperature": 50,
  "status": "ok"
}
--------------------------------------------------------------------------------
{
  "timestamp": "2026-02-22T15:07:00.210292",
  "device": "solar_panel",
  "panel_id": 1,
  "power_watts": 516,
  "temperature": 43,
  "status": "ok"
}
--------------------------------------------------------------------------------
{
  "timestamp": "2026-02-22T15:07:01.211084",
  "device": "solar_panel",
  "panel_id": 2,
  "power_watts": 865,
  "temperature": 36,
  "status": "ok"
}
--------------------------------------------------------------------------------
{
  "timestamp": "2026-02-22T15:07:02.211955",
  "device": "solar_panel",
  "panel_id": 3,
  "power_watts": 358,
  "temperature": 33,
  "status": "ok"
}
--------------------------------------------------------------------------------
{
  "timestamp": "2026-02-22T15:07:13.213866",
  "device": "solar_panel",
  "panel_id": 1,
  "power_watts": 680,
  "temperature": 48,
  "status": "ok"
}
--------------------------------------------------------------------------------
{
  "timestamp": "2026-02-22T15:07:14.215035",
  "device": "solar_panel",
  "panel_id": 2,
  "power_watts": 528,
  "temperature": 46,
  "status": "ok"
}
--------------------------------------------------------------------------------
{
  "timestamp": "2026-02-22T15:07:15.216179",
  "device": "solar_panel",
  "panel_id": 3,
  "power_watts": 91,
  "temperature": 32,
  "status": "low_power"
}
--------------------------------------------------------------------------------
{
  "timestamp": "2026-02-22T15:07:26.217508",
  "device": "solar_panel",
  "panel_id": 1,
  "power_watts": 570,
  "temperature": 53,
  "status": "ok"
}
--------------------------------------------------------------------------------
{
  "timestamp": "2026-02-22T15:07:27.218629",
  "device": "solar_panel",
  "panel_id": 2,
  "power_watts": 134,
  "temperature": 45,
  "status": "ok"
}
--------------------------------------------------------------------------------
{
  "timestamp": "2026-02-22T15:07:28.219770",
  "device": "solar_panel",
  "panel_id": 3,
  "power_watts": 901,
  "temperature": 45,
  "status": "ok"
}
--------------------------------------------------------------------------------
{
  "timestamp": "2026-02-22T15:07:39.221297",
  "device": "solar_panel",
  "panel_id": 1,
  "power_watts": 880,
  "temperature": 57,
  "status": "ok"
}
--------------------------------------------------------------------------------
{
  "timestamp": "2026-02-22T15:07:40.222656",
  "device": "solar_panel",
  "panel_id": 2,
  "power_watts": 954,
  "temperature": 40,
  "status": "ok"
}
--------------------------------------------------------------------------------
{
  "timestamp": "2026-02-22T15:07:41.223826",
  "device": "solar_panel",
  "panel_id": 3,
  "power_watts": 932,
  "temperature": 37,
  "status": "ok"
}
--------------------------------------------------------------------------------
{
  "timestamp": "2026-02-22T15:07:52.225247",
  "device": "solar_panel",
  "panel_id": 1,
  "power_watts": 163,
  "temperature": 37,
  "status": "ok"
}
--------------------------------------------------------------------------------
{
  "timestamp": "2026-02-22T15:07:53.226576",
  "device": "solar_panel",
  "panel_id": 2,
  "power_watts": 899,
  "temperature": 56,
  "status": "ok"
}
--------------------------------------------------------------------------------
{
  "timestamp": "2026-02-22T15:07:54.227583",
  "device": "solar_panel",
  "panel_id": 3,
  "power_watts": 597,
  "temperature": 31,
  "status": "ok"
}
--------------------------------------------------------------------------------
{
  "timestamp": "2026-02-22T15:08:05.228867",
  "device": "solar_panel",
  "panel_id": 1,
  "power_watts": 143,
  "temperature": 46,
  "status": "ok"
}
--------------------------------------------------------------------------------
{
  "timestamp": "2026-02-22T15:08:06.229929",
  "device": "solar_panel",
  "panel_id": 2,
  "power_watts": 263,
  "temperature": 50,
  "status": "ok"
}
--------------------------------------------------------------------------------
{
  "timestamp": "2026-02-22T15:08:07.230993",
  "device": "solar_panel",
  "panel_id": 3,
  "power_watts": 434,
  "temperature": 42,
  "status": "ok"
}
--------------------------------------------------------------------------------
{
  "timestamp": "2026-02-22T15:08:18.232239",
  "device": "solar_panel",
  "panel_id": 1,
  "power_watts": 834,
  "temperature": 31,
  "status": "ok"
}
--------------------------------------------------------------------------------
{
  "timestamp": "2026-02-22T15:08:19.233069",
  "device": "solar_panel",
  "panel_id": 2,
  "power_watts": 559,
  "temperature": 32,
  "status": "ok"
}
--------------------------------------------------------------------------------
{
  "timestamp": "2026-02-22T15:08:20.233984",
  "device": "solar_panel",
  "panel_id": 3,
  "power_watts": 647,
  "temperature": 33,
  "status": "ok"
}
--------------------------------------------------------------------------------
{
  "timestamp": "2026-02-22T15:08:31.235699",
  "device": "solar_panel",
  "panel_id": 1,
  "power_watts": 58,
  "temperature": 26,
  "status": "low_power"
}
--------------------------------------------------------------------------------
{
  "timestamp": "2026-02-22T15:08:32.236677",
  "device": "solar_panel",
  "panel_id": 2,
  "power_watts": 256,
  "temperature": 32,
  "status": "ok"
}
--------------------------------------------------------------------------------
{
  "timestamp": "2026-02-22T15:08:33.237649",
  "device": "solar_panel",
  "panel_id": 3,
  "power_watts": 98,
  "temperature": 53,
  "status": "low_power"
}
--------------------------------------------------------------------------------
{
  "timestamp": "2026-02-22T15:08:44.239418",
  "device": "solar_panel",
  "panel_id": 1,
  "power_watts": 307,
  "temperature": 26,
  "status": "ok"
}
--------------------------------------------------------------------------------
{
  "timestamp": "2026-02-22T15:08:45.240574",
  "device": "solar_panel",
  "panel_id": 2,
  "power_watts": 365,
  "temperature": 31,
  "status": "ok"
}
--------------------------------------------------------------------------------
{
  "timestamp": "2026-02-22T15:08:46.241469",
  "device": "solar_panel",
  "panel_id": 3,
  "power_watts": 560,
  "temperature": 57,
  "status": "ok"
}
--------------------------------------------------------------------------------
{
  "timestamp": "2026-02-22T15:08:57.242862",
  "device": "solar_panel",
  "panel_id": 1,
  "power_watts": 345,
  "temperature": 26,
  "status": "ok"
}
--------------------------------------------------------------------------------
{
  "timestamp": "2026-02-22T15:08:58.243829",
  "device": "solar_panel",
  "panel_id": 2,
  "power_watts": 827,
  "temperature": 44,
  "status": "ok"
}
--------------------------------------------------------------------------------
{
  "timestamp": "2026-02-22T15:08:59.244967",
  "device": "solar_panel",
  "panel_id": 3,
  "power_watts": 235,
  "temperature": 56,
  "status": "ok"
}
--------------------------------------------------------------------------------
{
  "timestamp": "2026-02-22T15:09:10.246562",
  "device": "solar_panel",
  "panel_id": 1,
  "power_watts": 616,
  "temperature": 51,
  "status": "ok"
}
--------------------------------------------------------------------------------
{
  "timestamp": "2026-02-22T15:09:11.247443",
  "device": "solar_panel",
  "panel_id": 2,
  "power_watts": 616,
  "temperature": 38,
  "status": "ok"
}
--------------------------------------------------------------------------------
{
  "timestamp": "2026-02-22T15:09:12.248381",
  "device": "solar_panel",
  "panel_id": 3,
  "power_watts": 979,
  "temperature": 30,
  "status": "ok"
}
--------------------------------------------------------------------------------
{
  "timestamp": "2026-02-22T15:09:23.250076",
  "device": "solar_panel",
  "panel_id": 1,
  "power_watts": 225,
  "temperature": 44,
  "status": "ok"
}
--------------------------------------------------------------------------------
{
  "timestamp": "2026-02-22T15:09:24.251354",
  "device": "solar_panel",
  "panel_id": 2,
  "power_watts": 723,
  "temperature": 47,
  "status": "ok"
}
--------------------------------------------------------------------------------
{
  "timestamp": "2026-02-22T15:09:25.252126",
  "device": "solar_panel",
  "panel_id": 3,
  "power_watts": 689,
  "temperature": 38,
  "status": "ok"
}
--------------------------------------------------------------------------------
{
  "timestamp": "2026-02-22T15:09:36.253649",
  "device": "solar_panel",
  "panel_id": 1,
  "power_watts": 819,
  "temperature": 41,
  "status": "ok"
}
--------------------------------------------------------------------------------
{
  "timestamp": "2026-02-22T15:09:37.254412",
  "device": "solar_panel",
  "panel_id": 2,
  "power_watts": 476,
  "temperature": 33,
  "status": "ok"
}
--------------------------------------------------------------------------------
{
  "timestamp": "2026-02-22T15:09:38.255372",
  "device": "solar_panel",
  "panel_id": 3,
  "power_watts": 835,
  "temperature": 34,
  "status": "ok"
}
--------------------------------------------------------------------------------
{
  "timestamp": "2026-02-22T15:09:49.256987",
  "device": "solar_panel",
  "panel_id": 1,
  "power_watts": 996,
  "temperature": 53,
  "status": "ok"
}
--------------------------------------------------------------------------------
{
  "timestamp": "2026-02-22T15:09:50.257969",
  "device": "solar_panel",
  "panel_id": 2,
  "power_watts": 469,
  "temperature": 31,
  "status": "ok"
}
--------------------------------------------------------------------------------
{
  "timestamp": "2026-02-22T15:09:51.259164",
  "device": "solar_panel",
  "panel_id": 3,
  "power_watts": 567,
  "temperature": 26,
  "status": "ok"
}
--------------------------------------------------------------------------------
{
  "timestamp": "2026-02-22T15:10:02.260463",
  "device": "solar_panel",
  "panel_id": 1,
  "power_watts": 129,
  "temperature": 43,
  "status": "ok"
}
--------------------------------------------------------------------------------
{
  "timestamp": "2026-02-22T15:10:03.261690",
  "device": "solar_panel",
  "panel_id": 2,
  "power_watts": 717,
  "temperature": 31,
  "status": "ok"
}
--------------------------------------------------------------------------------
{
  "timestamp": "2026-02-22T15:10:04.262651",
  "device": "solar_panel",
  "panel_id": 3,
  "power_watts": 709,
  "temperature": 49,
  "status": "ok"
}
--------------------------------------------------------------------------------
{
  "timestamp": "2026-02-22T15:10:15.264103",
  "device": "solar_panel",
  "panel_id": 1,
  "power_watts": 398,
  "temperature": 49,
  "status": "ok"
}
--------------------------------------------------------------------------------
{
  "timestamp": "2026-02-22T15:10:16.265462",
  "device": "solar_panel",
  "panel_id": 2,
  "power_watts": 266,
  "temperature": 58,
  "status": "ok"
}
--------------------------------------------------------------------------------
{
  "timestamp": "2026-02-22T15:10:17.266584",
  "device": "solar_panel",
  "panel_id": 3,
  "power_watts": 615,
  "temperature": 42,
  "status": "ok"
}
--------------------------------------------------------------------------------
{
  "timestamp": "2026-02-22T15:10:28.267913",
  "device": "solar_panel",
  "panel_id": 1,
  "power_watts": 662,
  "temperature": 27,
  "status": "ok"
}
--------------------------------------------------------------------------------
{
  "timestamp": "2026-02-22T15:10:29.268602",
  "device": "solar_panel",
  "panel_id": 2,
  "power_watts": 422,
  "temperature": 36,
  "status": "ok"
}
--------------------------------------------------------------------------------
{
  "timestamp": "2026-02-22T15:10:30.269974",
  "device": "solar_panel",
  "panel_id": 3,
  "power_watts": 667,
  "temperature": 41,
  "status": "ok"
}
--------------------------------------------------------------------------------
{
  "timestamp": "2026-02-22T15:10:41.271546",
  "device": "solar_panel",
  "panel_id": 1,
  "power_watts": 537,
  "temperature": 51,
  "status": "ok"
}
--------------------------------------------------------------------------------
{
  "timestamp": "2026-02-22T15:10:42.272464",
  "device": "solar_panel",
  "panel_id": 2,
  "power_watts": 680,
  "temperature": 47,
  "status": "ok"
}
--------------------------------------------------------------------------------
{
  "timestamp": "2026-02-22T15:10:43.273907",
  "device": "solar_panel",
  "panel_id": 3,
  "power_watts": 235,
  "temperature": 54,
  "status": "ok"
}
--------------------------------------------------------------------------------
{
  "timestamp": "2026-02-22T15:10:54.275167",
  "device": "solar_panel",
  "panel_id": 1,
  "power_watts": 177,
  "temperature": 57,
  "status": "ok"
}
--------------------------------------------------------------------------------
{
  "timestamp": "2026-02-22T15:10:55.276491",
  "device": "solar_panel",
  "panel_id": 2,
  "power_watts": 113,
  "temperature": 50,
  "status": "ok"
}
--------------------------------------------------------------------------------
{
  "timestamp": "2026-02-22T15:10:56.277687",
  "device": "solar_panel",
  "panel_id": 3,
  "power_watts": 117,
  "temperature": 58,
  "status": "ok"
}
--------------------------------------------------------------------------------
{
  "timestamp": "2026-02-22T15:11:07.279199",
  "device": "solar_panel",
  "panel_id": 1,
  "power_watts": 503,
  "temperature": 55,
  "status": "ok"
}
--------------------------------------------------------------------------------
{
  "timestamp": "2026-02-22T15:11:08.280301",
  "device": "solar_panel",
  "panel_id": 2,
  "power_watts": 145,
  "temperature": 29,
  "status": "ok"
}
--------------------------------------------------------------------------------
{
  "timestamp": "2026-02-22T15:11:09.281207",
  "device": "solar_panel",
  "panel_id": 3,
  "power_watts": 310,
  "temperature": 53,
  "status": "ok"
}
--------------------------------------------------------------------------------
{
  "timestamp": "2026-02-22T15:11:20.282468",
  "device": "solar_panel",
  "panel_id": 1,
  "power_watts": 122,
  "temperature": 31,
  "status": "ok"
}
--------------------------------------------------------------------------------
{
  "timestamp": "2026-02-22T15:11:21.283987",
  "device": "solar_panel",
  "panel_id": 2,
  "power_watts": 255,
  "temperature": 45,
  "status": "ok"
}
--------------------------------------------------------------------------------
{
  "timestamp": "2026-02-22T15:11:22.285125",
  "device": "solar_panel",
  "panel_id": 3,
  "power_watts": 621,
  "temperature": 32,
  "status": "ok"
}
--------------------------------------------------------------------------------
{
  "timestamp": "2026-02-22T15:11:33.286892",
  "device": "solar_panel",
  "panel_id": 1,
  "power_watts": 265,
  "temperature": 25,
  "status": "ok"
}
--------------------------------------------------------------------------------
{
  "timestamp": "2026-02-22T15:11:34.288152",
  "device": "solar_panel",
  "panel_id": 2,
  "power_watts": 720,
  "temperature": 40,
  "status": "ok"
}
--------------------------------------------------------------------------------
{
  "timestamp": "2026-02-22T15:11:35.289406",
  "device": "solar_panel",
  "panel_id": 3,
  "power_watts": 493,
  "temperature": 27,
  "status": "ok"
}
--------------------------------------------------------------------------------
{
  "timestamp": "2026-02-22T15:11:46.291079",
  "device": "solar_panel",
  "panel_id": 1,
  "power_watts": 462,
  "temperature": 48,
  "status": "ok"
}
--------------------------------------------------------------------------------
{
  "timestamp": "2026-02-22T15:11:47.291632",
  "device": "solar_panel",
  "panel_id": 2,
  "power_watts": 895,
  "temperature": 54,
  "status": "ok"
}
--------------------------------------------------------------------------------
{
  "timestamp": "2026-02-22T15:11:48.292621",
  "device": "solar_panel",
  "panel_id": 3,
  "power_watts": 770,
  "temperature": 43,
  "status": "ok"
}
--------------------------------------------------------------------------------
{
  "timestamp": "2026-02-22T15:11:59.294012",
  "device": "solar_panel",
  "panel_id": 1,
  "power_watts": 535,
  "temperature": 48,
  "status": "ok"
}
--------------------------------------------------------------------------------
{
  "timestamp": "2026-02-22T15:12:00.294798",
  "device": "solar_panel",
  "panel_id": 2,
  "power_watts": 638,
  "temperature": 52,
  "status": "ok"
}
--------------------------------------------------------------------------------
{
  "timestamp": "2026-02-22T15:12:01.295937",
  "device": "solar_panel",
  "panel_id": 3,
  "power_watts": 775,
  "temperature": 29,
  "status": "ok"
}
--------------------------------------------------------------------------------
{
  "timestamp": "2026-02-22T15:12:12.297192",
  "device": "solar_panel",
  "panel_id": 1,
  "power_watts": 588,
  "temperature": 31,
  "status": "ok"
}
--------------------------------------------------------------------------------
{
  "timestamp": "2026-02-22T15:12:13.298152",
  "device": "solar_panel",
  "panel_id": 2,
  "power_watts": 264,
  "temperature": 60,
  "status": "ok"
}
--------------------------------------------------------------------------------
{
  "timestamp": "2026-02-22T15:12:14.299241",
  "device": "solar_panel",
  "panel_id": 3,
  "power_watts": 226,
  "temperature": 42,
  "status": "ok"
}
--------------------------------------------------------------------------------
{
  "timestamp": "2026-02-22T15:12:25.300733",
  "device": "solar_panel",
  "panel_id": 1,
  "power_watts": 478,
  "temperature": 54,
  "status": "ok"
}
--------------------------------------------------------------------------------
{
  "timestamp": "2026-02-22T15:12:26.302002",
  "device": "solar_panel",
  "panel_id": 2,
  "power_watts": 158,
  "temperature": 47,
  "status": "ok"
}
--------------------------------------------------------------------------------
{
  "timestamp": "2026-02-22T15:12:27.302599",
  "device": "solar_panel",
  "panel_id": 3,
  "power_watts": 820,
  "temperature": 45,
  "status": "ok"
}
--------------------------------------------------------------------------------
{
  "timestamp": "2026-02-22T15:12:38.303955",
  "device": "solar_panel",
  "panel_id": 1,
  "power_watts": 402,
  "temperature": 28,
  "status": "ok"
}
--------------------------------------------------------------------------------
{
  "timestamp": "2026-02-22T15:12:39.305501",
  "device": "solar_panel",
  "panel_id": 2,
  "power_watts": 946,
  "temperature": 31,
  "status": "ok"
}
--------------------------------------------------------------------------------
{
  "timestamp": "2026-02-22T15:12:40.306487",
  "device": "solar_panel",
  "panel_id": 3,
  "power_watts": 284,
  "temperature": 57,
  "status": "ok"
}
--------------------------------------------------------------------------------
{
  "timestamp": "2026-02-22T15:12:51.308115",
  "device": "solar_panel",
  "panel_id": 1,
  "power_watts": 223,
  "temperature": 33,
  "status": "ok"
}
--------------------------------------------------------------------------------
{
  "timestamp": "2026-02-22T15:12:52.309455",
  "device": "solar_panel",
  "panel_id": 2,
  "power_watts": 976,
  "temperature": 42,
  "status": "ok"
}
--------------------------------------------------------------------------------
{
  "timestamp": "2026-02-22T15:12:53.310567",
  "device": "solar_panel",
  "panel_id": 3,
  "power_watts": 182,
  "temperature": 30,
  "status": "ok"
}
--------------------------------------------------------------------------------
{
  "timestamp": "2026-02-22T15:13:04.311732",
  "device": "solar_panel",
  "panel_id": 1,
  "power_watts": 80,
  "temperature": 30,
  "status": "low_power"
}
--------------------------------------------------------------------------------
{
  "timestamp": "2026-02-22T15:13:05.312550",
  "device": "solar_panel",
  "panel_id": 2,
  "power_watts": 591,
  "temperature": 56,
  "status": "ok"
}
--------------------------------------------------------------------------------
{
  "timestamp": "2026-02-22T15:13:06.313828",
  "device": "solar_panel",
  "panel_id": 3,
  "power_watts": 654,
  "temperature": 48,
  "status": "ok"
}
--------------------------------------------------------------------------------
{
  "timestamp": "2026-02-22T15:13:17.315163",
  "device": "solar_panel",
  "panel_id": 1,
  "power_watts": 760,
  "temperature": 60,
  "status": "ok"
}
--------------------------------------------------------------------------------
{
  "timestamp": "2026-02-22T15:13:18.316628",
  "device": "solar_panel",
  "panel_id": 2,
  "power_watts": 665,
  "temperature": 48,
  "status": "ok"
}
--------------------------------------------------------------------------------
{
  "timestamp": "2026-02-22T15:13:19.317779",
  "device": "solar_panel",
  "panel_id": 3,
  "power_watts": 509,
  "temperature": 44,
  "status": "ok"
}
--------------------------------------------------------------------------------
{
  "timestamp": "2026-02-22T15:13:30.319347",
  "device": "solar_panel",
  "panel_id": 1,
  "power_watts": 555,
  "temperature": 56,
  "status": "ok"
}
--------------------------------------------------------------------------------
{
  "timestamp": "2026-02-22T15:13:31.320506",
  "device": "solar_panel",
  "panel_id": 2,
  "power_watts": 139,
  "temperature": 42,
  "status": "ok"
}
--------------------------------------------------------------------------------
{
  "timestamp": "2026-02-22T15:13:32.321534",
  "device": "solar_panel",
  "panel_id": 3,
  "power_watts": 281,
  "temperature": 55,
  "status": "ok"
}
--------------------------------------------------------------------------------
{
  "timestamp": "2026-02-22T15:13:43.323335",
  "device": "solar_panel",
  "panel_id": 1,
  "power_watts": 829,
  "temperature": 40,
  "status": "ok"
}
--------------------------------------------------------------------------------
{
  "timestamp": "2026-02-22T15:13:44.324136",
  "device": "solar_panel",
  "panel_id": 2,
  "power_watts": 1000,
  "temperature": 25,
  "status": "ok"
}
--------------------------------------------------------------------------------
{
  "timestamp": "2026-02-22T15:13:45.325361",
  "device": "solar_panel",
  "panel_id": 3,
  "power_watts": 60,
  "temperature": 37,
  "status": "low_power"
}
--------------------------------------------------------------------------------
{
  "timestamp": "2026-02-22T15:13:56.330702",
  "device": "solar_panel",
  "panel_id": 1,
  "power_watts": 942,
  "temperature": 60,
  "status": "ok"
}
--------------------------------------------------------------------------------
{
  "timestamp": "2026-02-22T15:13:57.336694",
  "device": "solar_panel",
  "panel_id": 2,
  "power_watts": 320,
  "temperature": 30,
  "status": "ok"
}
--------------------------------------------------------------------------------
{
  "timestamp": "2026-02-22T15:13:58.337941",
  "device": "solar_panel",
  "panel_id": 3,
  "power_watts": 616,
  "temperature": 47,
  "status": "ok"
}
--------------------------------------------------------------------------------
{
  "timestamp": "2026-02-22T15:14:09.339399",
  "device": "solar_panel",
  "panel_id": 1,
  "power_watts": 546,
  "temperature": 36,
  "status": "ok"
}
--------------------------------------------------------------------------------
{
  "timestamp": "2026-02-22T15:14:10.340131",
  "device": "solar_panel",
  "panel_id": 2,
  "power_watts": 795,
  "temperature": 47,
  "status": "ok"
}
--------------------------------------------------------------------------------
{
  "timestamp": "2026-02-22T15:14:11.341335",
  "device": "solar_panel",
  "panel_id": 3,
  "power_watts": 389,
  "temperature": 53,
  "status": "ok"
}
--------------------------------------------------------------------------------
{
  "timestamp": "2026-02-22T15:14:22.343028",
  "device": "solar_panel",
  "panel_id": 1,
  "power_watts": 503,
  "temperature": 26,
  "status": "ok"
}
--------------------------------------------------------------------------------
{
  "timestamp": "2026-02-22T15:14:23.344441",
  "device": "solar_panel",
  "panel_id": 2,
  "power_watts": 787,
  "temperature": 57,
  "status": "ok"
}
--------------------------------------------------------------------------------
{
  "timestamp": "2026-02-22T15:14:24.345172",
  "device": "solar_panel",
  "panel_id": 3,
  "power_watts": 213,
  "temperature": 49,
  "status": "ok"
}
--------------------------------------------------------------------------------
{
  "timestamp": "2026-02-22T15:14:35.346630",
  "device": "solar_panel",
  "panel_id": 1,
  "power_watts": 972,
  "temperature": 58,
  "status": "ok"
}
--------------------------------------------------------------------------------
{
  "timestamp": "2026-02-22T15:14:36.348055",
  "device": "solar_panel",
  "panel_id": 2,
  "power_watts": 218,
  "temperature": 38,
  "status": "ok"
}
--------------------------------------------------------------------------------
{
  "timestamp": "2026-02-22T15:14:37.361323",
  "device": "solar_panel",
  "panel_id": 3,
  "power_watts": 304,
  "temperature": 31,
  "status": "ok"
}
--------------------------------------------------------------------------------
{
  "timestamp": "2026-02-22T15:14:48.363201",
  "device": "solar_panel",
  "panel_id": 1,
  "power_watts": 259,
  "temperature": 25,
  "status": "ok"
}
--------------------------------------------------------------------------------
{
  "timestamp": "2026-02-22T15:14:49.364164",
  "device": "solar_panel",
  "panel_id": 2,
  "power_watts": 718,
  "temperature": 40,
  "status": "ok"
}
--------------------------------------------------------------------------------
{
  "timestamp": "2026-02-22T15:14:50.365019",
  "device": "solar_panel",
  "panel_id": 3,
  "power_watts": 135,
  "temperature": 33,
  "status": "ok"
}
--------------------------------------------------------------------------------
{
  "timestamp": "2026-02-22T15:15:01.366463",
  "device": "solar_panel",
  "panel_id": 1,
  "power_watts": 449,
  "temperature": 36,
  "status": "ok"
}
--------------------------------------------------------------------------------
{
  "timestamp": "2026-02-22T15:15:02.367610",
  "device": "solar_panel",
  "panel_id": 2,
  "power_watts": 866,
  "temperature": 29,
  "status": "ok"
}
--------------------------------------------------------------------------------
{
  "timestamp": "2026-02-22T15:15:03.368868",
  "device": "solar_panel",
  "panel_id": 3,
  "power_watts": 815,
  "temperature": 27,
  "status": "ok"
}
--------------------------------------------------------------------------------
{
  "timestamp": "2026-02-22T15:15:14.370109",
  "device": "solar_panel",
  "panel_id": 1,
  "power_watts": 792,
  "temperature": 38,
  "status": "ok"
}
--------------------------------------------------------------------------------
{
  "timestamp": "2026-02-22T15:15:15.371348",
  "device": "solar_panel",
  "panel_id": 2,
  "power_watts": 855,
  "temperature": 43,
  "status": "ok"
}
--------------------------------------------------------------------------------
{
  "timestamp": "2026-02-22T15:15:16.372934",
  "device": "solar_panel",
  "panel_id": 3,
  "power_watts": 472,
  "temperature": 41,
  "status": "ok"
}
--------------------------------------------------------------------------------
{
  "timestamp": "2026-02-22T15:15:27.378081",
  "device": "solar_panel",
  "panel_id": 1,
  "power_watts": 110,
  "temperature": 56,
  "status": "ok"
}
--------------------------------------------------------------------------------
{
  "timestamp": "2026-02-22T15:15:28.379109",
  "device": "solar_panel",
  "panel_id": 2,
  "power_watts": 958,
  "temperature": 41,
  "status": "ok"
}
--------------------------------------------------------------------------------
{
  "timestamp": "2026-02-22T15:15:29.380321",
  "device": "solar_panel",
  "panel_id": 3,
  "power_watts": 136,
  "temperature": 59,
  "status": "ok"
}
--------------------------------------------------------------------------------
{
  "timestamp": "2026-02-22T15:15:40.381955",
  "device": "solar_panel",
  "panel_id": 1,
  "power_watts": 920,
  "temperature": 36,
  "status": "ok"
}
--------------------------------------------------------------------------------
{
  "timestamp": "2026-02-22T15:15:41.383467",
  "device": "solar_panel",
  "panel_id": 2,
  "power_watts": 581,
  "temperature": 27,
  "status": "ok"
}
--------------------------------------------------------------------------------
{
  "timestamp": "2026-02-22T15:15:42.384436",
  "device": "solar_panel",
  "panel_id": 3,
  "power_watts": 808,
  "temperature": 43,
  "status": "ok"
}
--------------------------------------------------------------------------------
{
  "timestamp": "2026-02-22T15:15:53.385855",
  "device": "solar_panel",
  "panel_id": 1,
  "power_watts": 127,
  "temperature": 27,
  "status": "ok"
}
--------------------------------------------------------------------------------
{
  "timestamp": "2026-02-22T15:15:54.386928",
  "device": "solar_panel",
  "panel_id": 2,
  "power_watts": 324,
  "temperature": 38,
  "status": "ok"
}
--------------------------------------------------------------------------------
{
  "timestamp": "2026-02-22T15:15:55.387888",
  "device": "solar_panel",
  "panel_id": 3,
  "power_watts": 533,
  "temperature": 41,
  "status": "ok"
}
--------------------------------------------------------------------------------
{
  "timestamp": "2026-02-22T15:16:06.389570",
  "device": "solar_panel",
  "panel_id": 1,
  "power_watts": 495,
  "temperature": 58,
  "status": "ok"
}
--------------------------------------------------------------------------------
{
  "timestamp": "2026-02-22T15:16:07.390682",
  "device": "solar_panel",
  "panel_id": 2,
  "power_watts": 486,
  "temperature": 53,
  "status": "ok"
}
--------------------------------------------------------------------------------
{
  "timestamp": "2026-02-22T15:16:08.391695",
  "device": "solar_panel",
  "panel_id": 3,
  "power_watts": 520,
  "temperature": 56,
  "status": "ok"
}
--------------------------------------------------------------------------------
{
  "timestamp": "2026-02-22T15:16:19.392995",
  "device": "solar_panel",
  "panel_id": 1,
  "power_watts": 146,
  "temperature": 25,
  "status": "ok"
}
--------------------------------------------------------------------------------
{
  "timestamp": "2026-02-22T15:16:20.394230",
  "device": "solar_panel",
  "panel_id": 2,
  "power_watts": 187,
  "temperature": 37,
  "status": "ok"
}
--------------------------------------------------------------------------------
{
  "timestamp": "2026-02-22T15:16:21.395351",
  "device": "solar_panel",
  "panel_id": 3,
  "power_watts": 232,
  "temperature": 43,
  "status": "ok"
}
--------------------------------------------------------------------------------
{
  "timestamp": "2026-02-22T15:16:32.396906",
  "device": "solar_panel",
  "panel_id": 1,
  "power_watts": 519,
  "temperature": 42,
  "status": "ok"
}
--------------------------------------------------------------------------------
{
  "timestamp": "2026-02-22T15:16:33.397848",
  "device": "solar_panel",
  "panel_id": 2,
  "power_watts": 671,
  "temperature": 38,
  "status": "ok"
}
--------------------------------------------------------------------------------
{
  "timestamp": "2026-02-22T15:16:34.399136",
  "device": "solar_panel",
  "panel_id": 3,
  "power_watts": 497,
  "temperature": 56,
  "status": "ok"
}
--------------------------------------------------------------------------------
{
  "timestamp": "2026-02-22T15:16:45.400548",
  "device": "solar_panel",
  "panel_id": 1,
  "power_watts": 579,
  "temperature": 54,
  "status": "ok"
}
--------------------------------------------------------------------------------
{
  "timestamp": "2026-02-22T15:16:46.401905",
  "device": "solar_panel",
  "panel_id": 2,
  "power_watts": 327,
  "temperature": 51,
  "status": "ok"
}
--------------------------------------------------------------------------------
{
  "timestamp": "2026-02-22T15:16:47.404519",
  "device": "solar_panel",
  "panel_id": 3,
  "power_watts": 885,
  "temperature": 27,
  "status": "ok"
}
--------------------------------------------------------------------------------
{
  "timestamp": "2026-02-22T15:16:58.405974",
  "device": "solar_panel",
  "panel_id": 1,
  "power_watts": 672,
  "temperature": 45,
  "status": "ok"
}
--------------------------------------------------------------------------------
{
  "timestamp": "2026-02-22T15:16:59.407004",
  "device": "solar_panel",
  "panel_id": 2,
  "power_watts": 758,
  "temperature": 60,
  "status": "ok"
}
--------------------------------------------------------------------------------
{
  "timestamp": "2026-02-22T15:17:00.407794",
  "device": "solar_panel",
  "panel_id": 3,
  "power_watts": 722,
  "temperature": 44,
  "status": "ok"
}
--------------------------------------------------------------------------------
{
  "timestamp": "2026-02-22T15:17:11.409275",
  "device": "solar_panel",
  "panel_id": 1,
  "power_watts": 365,
  "temperature": 33,
  "status": "ok"
}
--------------------------------------------------------------------------------
{
  "timestamp": "2026-02-22T15:17:12.410720",
  "device": "solar_panel",
  "panel_id": 2,
  "power_watts": 235,
  "temperature": 48,
  "status": "ok"
}
--------------------------------------------------------------------------------
{
  "timestamp": "2026-02-22T15:17:13.412068",
  "device": "solar_panel",
  "panel_id": 3,
  "power_watts": 618,
  "temperature": 26,
  "status": "ok"
}
--------------------------------------------------------------------------------
{
  "timestamp": "2026-02-22T15:17:24.413454",
  "device": "solar_panel",
  "panel_id": 1,
  "power_watts": 64,
  "temperature": 29,
  "status": "low_power"
}
--------------------------------------------------------------------------------
{
  "timestamp": "2026-02-22T15:17:25.414561",
  "device": "solar_panel",
  "panel_id": 2,
  "power_watts": 476,
  "temperature": 27,
  "status": "ok"
}
--------------------------------------------------------------------------------
{
  "timestamp": "2026-02-22T15:17:26.415918",
  "device": "solar_panel",
  "panel_id": 3,
  "power_watts": 890,
  "temperature": 25,
  "status": "ok"
}
--------------------------------------------------------------------------------
{
  "timestamp": "2026-02-22T15:17:37.417195",
  "device": "solar_panel",
  "panel_id": 1,
  "power_watts": 545,
  "temperature": 27,
  "status": "ok"
}
--------------------------------------------------------------------------------
{
  "timestamp": "2026-02-22T15:17:38.418492",
  "device": "solar_panel",
  "panel_id": 2,
  "power_watts": 376,
  "temperature": 31,
  "status": "ok"
}
--------------------------------------------------------------------------------
{
  "timestamp": "2026-02-22T15:17:39.419679",
  "device": "solar_panel",
  "panel_id": 3,
  "power_watts": 668,
  "temperature": 58,
  "status": "ok"
}
--------------------------------------------------------------------------------
{
  "timestamp": "2026-02-22T15:17:50.421172",
  "device": "solar_panel",
  "panel_id": 1,
  "power_watts": 695,
  "temperature": 47,
  "status": "ok"
}
--------------------------------------------------------------------------------
{
  "timestamp": "2026-02-22T15:17:51.422290",
  "device": "solar_panel",
  "panel_id": 2,
  "power_watts": 970,
  "temperature": 60,
  "status": "ok"
}
--------------------------------------------------------------------------------
{
  "timestamp": "2026-02-22T15:17:52.423598",
  "device": "solar_panel",
  "panel_id": 3,
  "power_watts": 472,
  "temperature": 54,
  "status": "ok"
}
--------------------------------------------------------------------------------
{
  "timestamp": "2026-02-22T15:18:03.424989",
  "device": "solar_panel",
  "panel_id": 1,
  "power_watts": 581,
  "temperature": 30,
  "status": "ok"
}
--------------------------------------------------------------------------------
{
  "timestamp": "2026-02-22T15:18:04.426305",
  "device": "solar_panel",
  "panel_id": 2,
  "power_watts": 635,
  "temperature": 38,
  "status": "ok"
}
--------------------------------------------------------------------------------
{
  "timestamp": "2026-02-22T15:18:05.427040",
  "device": "solar_panel",
  "panel_id": 3,
  "power_watts": 328,
  "temperature": 28,
  "status": "ok"
}
--------------------------------------------------------------------------------
{
  "timestamp": "2026-02-22T15:18:16.428675",
  "device": "solar_panel",
  "panel_id": 1,
  "power_watts": 222,
  "temperature": 37,
  "status": "ok"
}
--------------------------------------------------------------------------------
{
  "timestamp": "2026-02-22T15:18:17.429730",
  "device": "solar_panel",
  "panel_id": 2,
  "power_watts": 431,
  "temperature": 50,
  "status": "ok"
}
--------------------------------------------------------------------------------
{
  "timestamp": "2026-02-22T15:18:18.430704",
  "device": "solar_panel",
  "panel_id": 3,
  "power_watts": 79,
  "temperature": 35,
  "status": "low_power"
}
--------------------------------------------------------------------------------
{
  "timestamp": "2026-02-22T15:18:29.432364",
  "device": "solar_panel",
  "panel_id": 1,
  "power_watts": 130,
  "temperature": 37,
  "status": "ok"
}
--------------------------------------------------------------------------------
{
  "timestamp": "2026-02-22T15:18:30.433308",
  "device": "solar_panel",
  "panel_id": 2,
  "power_watts": 512,
  "temperature": 41,
  "status": "ok"
}
--------------------------------------------------------------------------------
{
  "timestamp": "2026-02-22T15:18:31.434053",
  "device": "solar_panel",
  "panel_id": 3,
  "power_watts": 441,
  "temperature": 48,
  "status": "ok"
}
--------------------------------------------------------------------------------
{
  "timestamp": "2026-02-22T15:18:42.435613",
  "device": "solar_panel",
  "panel_id": 1,
  "power_watts": 448,
  "temperature": 35,
  "status": "ok"
}
--------------------------------------------------------------------------------
{
  "timestamp": "2026-02-22T15:18:43.437192",
  "device": "solar_panel",
  "panel_id": 2,
  "power_watts": 238,
  "temperature": 42,
  "status": "ok"
}
--------------------------------------------------------------------------------
{
  "timestamp": "2026-02-22T15:18:44.438131",
  "device": "solar_panel",
  "panel_id": 3,
  "power_watts": 526,
  "temperature": 44,
  "status": "ok"
}
--------------------------------------------------------------------------------
{
  "timestamp": "2026-02-22T15:18:55.439632",
  "device": "solar_panel",
  "panel_id": 1,
  "power_watts": 353,
  "temperature": 45,
  "status": "ok"
}
--------------------------------------------------------------------------------
{
  "timestamp": "2026-02-22T15:18:56.440989",
  "device": "solar_panel",
  "panel_id": 2,
  "power_watts": 339,
  "temperature": 31,
  "status": "ok"
}
--------------------------------------------------------------------------------
{
  "timestamp": "2026-02-22T15:18:57.442098",
  "device": "solar_panel",
  "panel_id": 3,
  "power_watts": 322,
  "temperature": 55,
  "status": "ok"
}
--------------------------------------------------------------------------------
{
  "timestamp": "2026-02-22T15:19:08.443792",
  "device": "solar_panel",
  "panel_id": 1,
  "power_watts": 882,
  "temperature": 34,
  "status": "ok"
}
--------------------------------------------------------------------------------
{
  "timestamp": "2026-02-22T15:19:09.445207",
  "device": "solar_panel",
  "panel_id": 2,
  "power_watts": 910,
  "temperature": 55,
  "status": "ok"
}
--------------------------------------------------------------------------------
{
  "timestamp": "2026-02-22T15:19:10.446439",
  "device": "solar_panel",
  "panel_id": 3,
  "power_watts": 463,
  "temperature": 36,
  "status": "ok"
}
--------------------------------------------------------------------------------
{
  "timestamp": "2026-02-22T15:19:21.448068",
  "device": "solar_panel",
  "panel_id": 1,
  "power_watts": 784,
  "temperature": 47,
  "status": "ok"
}
--------------------------------------------------------------------------------
{
  "timestamp": "2026-02-22T15:19:22.449204",
  "device": "solar_panel",
  "panel_id": 2,
  "power_watts": 578,
  "temperature": 51,
  "status": "ok"
}
--------------------------------------------------------------------------------
{
  "timestamp": "2026-02-22T15:19:23.450088",
  "device": "solar_panel",
  "panel_id": 3,
  "power_watts": 381,
  "temperature": 35,
  "status": "ok"
}
--------------------------------------------------------------------------------
{
  "timestamp": "2026-02-22T15:19:34.451520",
  "device": "solar_panel",
  "panel_id": 1,
  "power_watts": 58,
  "temperature": 26,
  "status": "low_power"
}
--------------------------------------------------------------------------------
{
  "timestamp": "2026-02-22T15:19:35.452665",
  "device": "solar_panel",
  "panel_id": 2,
  "power_watts": 715,
  "temperature": 38,
  "status": "ok"
}
--------------------------------------------------------------------------------
{
  "timestamp": "2026-02-22T15:19:36.453835",
  "device": "solar_panel",
  "panel_id": 3,
  "power_watts": 823,
  "temperature": 33,
  "status": "ok"
}
--------------------------------------------------------------------------------
{
  "timestamp": "2026-02-22T15:19:47.455363",
  "device": "solar_panel",
  "panel_id": 1,
  "power_watts": 873,
  "temperature": 60,
  "status": "ok"
}
--------------------------------------------------------------------------------
{
  "timestamp": "2026-02-22T15:19:48.456630",
  "device": "solar_panel",
  "panel_id": 2,
  "power_watts": 778,
  "temperature": 46,
  "status": "ok"
}
--------------------------------------------------------------------------------
{
  "timestamp": "2026-02-22T15:19:49.457819",
  "device": "solar_panel",
  "panel_id": 3,
  "power_watts": 398,
  "temperature": 56,
  "status": "ok"
}
--------------------------------------------------------------------------------
{
  "timestamp": "2026-02-22T15:20:00.459205",
  "device": "solar_panel",
  "panel_id": 1,
  "power_watts": 529,
  "temperature": 56,
  "status": "ok"
}
--------------------------------------------------------------------------------
{
  "timestamp": "2026-02-22T15:20:01.460299",
  "device": "solar_panel",
  "panel_id": 2,
  "power_watts": 665,
  "temperature": 48,
  "status": "ok"
}
--------------------------------------------------------------------------------
{
  "timestamp": "2026-02-22T15:20:02.461072",
  "device": "solar_panel",
  "panel_id": 3,
  "power_watts": 483,
  "temperature": 53,
  "status": "ok"
}
--------------------------------------------------------------------------------
{
  "timestamp": "2026-02-22T15:20:13.462722",
  "device": "solar_panel",
  "panel_id": 1,
  "power_watts": 154,
  "temperature": 53,
  "status": "ok"
}
--------------------------------------------------------------------------------
{
  "timestamp": "2026-02-22T15:20:14.463819",
  "device": "solar_panel",
  "panel_id": 2,
  "power_watts": 362,
  "temperature": 50,
  "status": "ok"
}
--------------------------------------------------------------------------------
{
  "timestamp": "2026-02-22T15:20:15.465078",
  "device": "solar_panel",
  "panel_id": 3,
  "power_watts": 282,
  "temperature": 45,
  "status": "ok"
}
--------------------------------------------------------------------------------
{
  "timestamp": "2026-02-22T15:20:26.466237",
  "device": "solar_panel",
  "panel_id": 1,
  "power_watts": 904,
  "temperature": 40,
  "status": "ok"
}
--------------------------------------------------------------------------------
{
  "timestamp": "2026-02-22T15:20:27.467511",
  "device": "solar_panel",
  "panel_id": 2,
  "power_watts": 203,
  "temperature": 33,
  "status": "ok"
}
--------------------------------------------------------------------------------
{
  "timestamp": "2026-02-22T15:20:28.468604",
  "device": "solar_panel",
  "panel_id": 3,
  "power_watts": 326,
  "temperature": 38,
  "status": "ok"
}
--------------------------------------------------------------------------------
{
  "timestamp": "2026-02-22T15:20:39.470136",
  "device": "solar_panel",
  "panel_id": 1,
  "power_watts": 916,
  "temperature": 49,
  "status": "ok"
}
--------------------------------------------------------------------------------
{
  "timestamp": "2026-02-22T15:20:40.470813",
  "device": "solar_panel",
  "panel_id": 2,
  "power_watts": 918,
  "temperature": 25,
  "status": "ok"
}
--------------------------------------------------------------------------------
{
  "timestamp": "2026-02-22T15:20:41.472172",
  "device": "solar_panel",
  "panel_id": 3,
  "power_watts": 467,
  "temperature": 51,
  "status": "ok"
}
--------------------------------------------------------------------------------
{
  "timestamp": "2026-02-22T15:20:52.473902",
  "device": "solar_panel",
  "panel_id": 1,
  "power_watts": 458,
  "temperature": 46,
  "status": "ok"
}
--------------------------------------------------------------------------------
{
  "timestamp": "2026-02-22T15:20:53.474926",
  "device": "solar_panel",
  "panel_id": 2,
  "power_watts": 181,
  "temperature": 30,
  "status": "ok"
}
--------------------------------------------------------------------------------
{
  "timestamp": "2026-02-22T15:20:54.476115",
  "device": "solar_panel",
  "panel_id": 3,
  "power_watts": 782,
  "temperature": 60,
  "status": "ok"
}
--------------------------------------------------------------------------------
{
  "timestamp": "2026-02-22T15:21:05.477175",
  "device": "solar_panel",
  "panel_id": 1,
  "power_watts": 411,
  "temperature": 41,
  "status": "ok"
}
--------------------------------------------------------------------------------
{
  "timestamp": "2026-02-22T15:21:06.478493",
  "device": "solar_panel",
  "panel_id": 2,
  "power_watts": 557,
  "temperature": 48,
  "status": "ok"
}
--------------------------------------------------------------------------------
{
  "timestamp": "2026-02-22T15:21:07.479270",
  "device": "solar_panel",
  "panel_id": 3,
  "power_watts": 900,
  "temperature": 52,
  "status": "ok"
}
--------------------------------------------------------------------------------
{
  "timestamp": "2026-02-22T15:21:18.480976",
  "device": "solar_panel",
  "panel_id": 1,
  "power_watts": 318,
  "temperature": 57,
  "status": "ok"
}
--------------------------------------------------------------------------------
{
  "timestamp": "2026-02-22T15:21:19.482096",
  "device": "solar_panel",
  "panel_id": 2,
  "power_watts": 973,
  "temperature": 33,
  "status": "ok"
}
--------------------------------------------------------------------------------
{
  "timestamp": "2026-02-22T15:21:20.483368",
  "device": "solar_panel",
  "panel_id": 3,
  "power_watts": 999,
  "temperature": 56,
  "status": "ok"
}
--------------------------------------------------------------------------------
{
  "timestamp": "2026-02-22T15:21:31.485196",
  "device": "solar_panel",
  "panel_id": 1,
  "power_watts": 470,
  "temperature": 29,
  "status": "ok"
}
--------------------------------------------------------------------------------
{
  "timestamp": "2026-02-22T15:21:32.486604",
  "device": "solar_panel",
  "panel_id": 2,
  "power_watts": 824,
  "temperature": 59,
  "status": "ok"
}
--------------------------------------------------------------------------------
{
  "timestamp": "2026-02-22T15:21:33.487542",
  "device": "solar_panel",
  "panel_id": 3,
  "power_watts": 474,
  "temperature": 43,
  "status": "ok"
}
--------------------------------------------------------------------------------
{
  "timestamp": "2026-02-22T15:21:44.488865",
  "device": "solar_panel",
  "panel_id": 1,
  "power_watts": 913,
  "temperature": 43,
  "status": "ok"
}
--------------------------------------------------------------------------------
{
  "timestamp": "2026-02-22T15:21:45.489827",
  "device": "solar_panel",
  "panel_id": 2,
  "power_watts": 648,
  "temperature": 45,
  "status": "ok"
}
--------------------------------------------------------------------------------
{
  "timestamp": "2026-02-22T15:21:46.490794",
  "device": "solar_panel",
  "panel_id": 3,
  "power_watts": 567,
  "temperature": 32,
  "status": "ok"
}
--------------------------------------------------------------------------------
{
  "timestamp": "2026-02-22T15:21:57.492026",
  "device": "solar_panel",
  "panel_id": 1,
  "power_watts": 796,
  "temperature": 39,
  "status": "ok"
}
--------------------------------------------------------------------------------
{
  "timestamp": "2026-02-22T15:21:58.493300",
  "device": "solar_panel",
  "panel_id": 2,
  "power_watts": 878,
  "temperature": 44,
  "status": "ok"
}
--------------------------------------------------------------------------------
{
  "timestamp": "2026-02-22T15:21:59.494369",
  "device": "solar_panel",
  "panel_id": 3,
  "power_watts": 290,
  "temperature": 45,
  "status": "ok"
}
--------------------------------------------------------------------------------
{
  "timestamp": "2026-02-22T15:22:10.496070",
  "device": "solar_panel",
  "panel_id": 1,
  "power_watts": 593,
  "temperature": 40,
  "status": "ok"
}
--------------------------------------------------------------------------------
{
  "timestamp": "2026-02-22T15:22:11.497048",
  "device": "solar_panel",
  "panel_id": 2,
  "power_watts": 876,
  "temperature": 33,
  "status": "ok"
}
--------------------------------------------------------------------------------
{
  "timestamp": "2026-02-22T15:22:12.498038",
  "device": "solar_panel",
  "panel_id": 3,
  "power_watts": 490,
  "temperature": 59,
  "status": "ok"
}
--------------------------------------------------------------------------------
{
  "timestamp": "2026-02-22T15:22:23.499395",
  "device": "solar_panel",
  "panel_id": 1,
  "power_watts": 622,
  "temperature": 51,
  "status": "ok"
}
--------------------------------------------------------------------------------
{
  "timestamp": "2026-02-22T15:22:24.500548",
  "device": "solar_panel",
  "panel_id": 2,
  "power_watts": 378,
  "temperature": 59,
  "status": "ok"
}
--------------------------------------------------------------------------------
{
  "timestamp": "2026-02-22T15:22:25.501704",
  "device": "solar_panel",
  "panel_id": 3,
  "power_watts": 701,
  "temperature": 58,
  "status": "ok"
}
--------------------------------------------------------------------------------
{
  "timestamp": "2026-02-22T15:22:36.503460",
  "device": "solar_panel",
  "panel_id": 1,
  "power_watts": 882,
  "temperature": 29,
  "status": "ok"
}
--------------------------------------------------------------------------------
{
  "timestamp": "2026-02-22T15:22:37.504282",
  "device": "solar_panel",
  "panel_id": 2,
  "power_watts": 378,
  "temperature": 54,
  "status": "ok"
}
--------------------------------------------------------------------------------
{
  "timestamp": "2026-02-22T15:22:38.505075",
  "device": "solar_panel",
  "panel_id": 3,
  "power_watts": 117,
  "temperature": 34,
  "status": "ok"
}
--------------------------------------------------------------------------------
{
  "timestamp": "2026-02-22T15:22:49.506564",
  "device": "solar_panel",
  "panel_id": 1,
  "power_watts": 400,
  "temperature": 31,
  "status": "ok"
}
--------------------------------------------------------------------------------
{
  "timestamp": "2026-02-22T15:22:50.507874",
  "device": "solar_panel",
  "panel_id": 2,
  "power_watts": 882,
  "temperature": 47,
  "status": "ok"
}
--------------------------------------------------------------------------------
{
  "timestamp": "2026-02-22T15:22:51.508777",
  "device": "solar_panel",
  "panel_id": 3,
  "power_watts": 706,
  "temperature": 40,
  "status": "ok"
}
--------------------------------------------------------------------------------
{
  "timestamp": "2026-02-22T15:23:02.510573",
  "device": "solar_panel",
  "panel_id": 1,
  "power_watts": 900,
  "temperature": 28,
  "status": "ok"
}
--------------------------------------------------------------------------------
{
  "timestamp": "2026-02-22T15:23:03.512032",
  "device": "solar_panel",
  "panel_id": 2,
  "power_watts": 532,
  "temperature": 60,
  "status": "ok"
}
--------------------------------------------------------------------------------
{
  "timestamp": "2026-02-22T15:23:04.513087",
  "device": "solar_panel",
  "panel_id": 3,
  "power_watts": 920,
  "temperature": 57,
  "status": "ok"
}
--------------------------------------------------------------------------------
{
  "timestamp": "2026-02-22T15:23:15.514910",
  "device": "solar_panel",
  "panel_id": 1,
  "power_watts": 688,
  "temperature": 41,
  "status": "ok"
}
--------------------------------------------------------------------------------
{
  "timestamp": "2026-02-22T15:23:16.516051",
  "device": "solar_panel",
  "panel_id": 2,
  "power_watts": 471,
  "temperature": 48,
  "status": "ok"
}
--------------------------------------------------------------------------------
{
  "timestamp": "2026-02-22T15:23:17.517146",
  "device": "solar_panel",
  "panel_id": 3,
  "power_watts": 709,
  "temperature": 34,
  "status": "ok"
}
--------------------------------------------------------------------------------
{
  "timestamp": "2026-02-22T15:23:28.518297",
  "device": "solar_panel",
  "panel_id": 1,
  "power_watts": 694,
  "temperature": 32,
  "status": "ok"
}
--------------------------------------------------------------------------------
{
  "timestamp": "2026-02-22T15:23:29.518979",
  "device": "solar_panel",
  "panel_id": 2,
  "power_watts": 650,
  "temperature": 50,
  "status": "ok"
}
--------------------------------------------------------------------------------
{
  "timestamp": "2026-02-22T15:23:30.519916",
  "device": "solar_panel",
  "panel_id": 3,
  "power_watts": 50,
  "temperature": 51,
  "status": "low_power"
}
--------------------------------------------------------------------------------
{
  "timestamp": "2026-02-22T15:23:41.521650",
  "device": "solar_panel",
  "panel_id": 1,
  "power_watts": 480,
  "temperature": 45,
  "status": "ok"
}
--------------------------------------------------------------------------------
{
  "timestamp": "2026-02-22T15:23:42.522730",
  "device": "solar_panel",
  "panel_id": 2,
  "power_watts": 130,
  "temperature": 42,
  "status": "ok"
}
--------------------------------------------------------------------------------
{
  "timestamp": "2026-02-22T15:23:43.523855",
  "device": "solar_panel",
  "panel_id": 3,
  "power_watts": 207,
  "temperature": 37,
  "status": "ok"
}
--------------------------------------------------------------------------------
{
  "timestamp": "2026-02-22T15:23:54.525492",
  "device": "solar_panel",
  "panel_id": 1,
  "power_watts": 948,
  "temperature": 45,
  "status": "ok"
}
--------------------------------------------------------------------------------
{
  "timestamp": "2026-02-22T15:23:55.527009",
  "device": "solar_panel",
  "panel_id": 2,
  "power_watts": 509,
  "temperature": 56,
  "status": "ok"
}
--------------------------------------------------------------------------------
{
  "timestamp": "2026-02-22T15:23:56.528016",
  "device": "solar_panel",
  "panel_id": 3,
  "power_watts": 543,
  "temperature": 52,
  "status": "ok"
}
--------------------------------------------------------------------------------
{
  "timestamp": "2026-02-22T15:24:07.529568",
  "device": "solar_panel",
  "panel_id": 1,
  "power_watts": 542,
  "temperature": 44,
  "status": "ok"
}
--------------------------------------------------------------------------------
{
  "timestamp": "2026-02-22T15:24:08.530630",
  "device": "solar_panel",
  "panel_id": 2,
  "power_watts": 685,
  "temperature": 31,
  "status": "ok"
}
--------------------------------------------------------------------------------
{
  "timestamp": "2026-02-22T15:24:09.531948",
  "device": "solar_panel",
  "panel_id": 3,
  "power_watts": 810,
  "temperature": 38,
  "status": "ok"
}
--------------------------------------------------------------------------------
{
  "timestamp": "2026-02-22T15:24:20.533306",
  "device": "solar_panel",
  "panel_id": 1,
  "power_watts": 189,
  "temperature": 28,
  "status": "ok"
}
--------------------------------------------------------------------------------
{
  "timestamp": "2026-02-22T15:24:21.534875",
  "device": "solar_panel",
  "panel_id": 2,
  "power_watts": 516,
  "temperature": 35,
  "status": "ok"
}
--------------------------------------------------------------------------------
{
  "timestamp": "2026-02-22T15:24:22.536160",
  "device": "solar_panel",
  "panel_id": 3,
  "power_watts": 145,
  "temperature": 39,
  "status": "ok"
}
--------------------------------------------------------------------------------
{
  "timestamp": "2026-02-22T15:24:33.537143",
  "device": "solar_panel",
  "panel_id": 1,
  "power_watts": 803,
  "temperature": 26,
  "status": "ok"
}
--------------------------------------------------------------------------------
{
  "timestamp": "2026-02-22T15:24:34.538208",
  "device": "solar_panel",
  "panel_id": 2,
  "power_watts": 782,
  "temperature": 29,
  "status": "ok"
}
--------------------------------------------------------------------------------
{
  "timestamp": "2026-02-22T15:24:35.539206",
  "device": "solar_panel",
  "panel_id": 3,
  "power_watts": 896,
  "temperature": 39,
  "status": "ok"
}
--------------------------------------------------------------------------------
{
  "timestamp": "2026-02-22T15:24:46.540757",
  "device": "solar_panel",
  "panel_id": 1,
  "power_watts": 950,
  "temperature": 37,
  "status": "ok"
}
--------------------------------------------------------------------------------
{
  "timestamp": "2026-02-22T15:24:47.542116",
  "device": "solar_panel",
  "panel_id": 2,
  "power_watts": 160,
  "temperature": 50,
  "status": "ok"
}
--------------------------------------------------------------------------------
{
  "timestamp": "2026-02-22T15:24:48.543211",
  "device": "solar_panel",
  "panel_id": 3,
  "power_watts": 75,
  "temperature": 40,
  "status": "low_power"
}
--------------------------------------------------------------------------------
{
  "timestamp": "2026-02-22T15:24:59.545027",
  "device": "solar_panel",
  "panel_id": 1,
  "power_watts": 166,
  "temperature": 40,
  "status": "ok"
}
--------------------------------------------------------------------------------
{
  "timestamp": "2026-02-22T15:25:00.546631",
  "device": "solar_panel",
  "panel_id": 2,
  "power_watts": 207,
  "temperature": 40,
  "status": "ok"
}
--------------------------------------------------------------------------------
{
  "timestamp": "2026-02-22T15:25:01.547684",
  "device": "solar_panel",
  "panel_id": 3,
  "power_watts": 231,
  "temperature": 49,
  "status": "ok"
}
--------------------------------------------------------------------------------
{
  "timestamp": "2026-02-22T15:25:12.549069",
  "device": "solar_panel",
  "panel_id": 1,
  "power_watts": 409,
  "temperature": 57,
  "status": "ok"
}
--------------------------------------------------------------------------------
{
  "timestamp": "2026-02-22T15:25:13.550095",
  "device": "solar_panel",
  "panel_id": 2,
  "power_watts": 270,
  "temperature": 31,
  "status": "ok"
}
--------------------------------------------------------------------------------
{
  "timestamp": "2026-02-22T15:25:14.551358",
  "device": "solar_panel",
  "panel_id": 3,
  "power_watts": 864,
  "temperature": 49,
  "status": "ok"
}
--------------------------------------------------------------------------------
{
  "timestamp": "2026-02-22T15:25:25.553480",
  "device": "solar_panel",
  "panel_id": 1,
  "power_watts": 559,
  "temperature": 57,
  "status": "ok"
}
--------------------------------------------------------------------------------
{
  "timestamp": "2026-02-22T15:25:26.554840",
  "device": "solar_panel",
  "panel_id": 2,
  "power_watts": 984,
  "temperature": 32,
  "status": "ok"
}
--------------------------------------------------------------------------------
{
  "timestamp": "2026-02-22T15:25:27.556048",
  "device": "solar_panel",
  "panel_id": 3,
  "power_watts": 602,
  "temperature": 57,
  "status": "ok"
}
--------------------------------------------------------------------------------
{
  "timestamp": "2026-02-22T15:25:38.557392",
  "device": "solar_panel",
  "panel_id": 1,
  "power_watts": 424,
  "temperature": 26,
  "status": "ok"
}
--------------------------------------------------------------------------------
{
  "timestamp": "2026-02-22T15:25:39.558514",
  "device": "solar_panel",
  "panel_id": 2,
  "power_watts": 51,
  "temperature": 39,
  "status": "low_power"
}
--------------------------------------------------------------------------------
{
  "timestamp": "2026-02-22T15:25:40.559575",
  "device": "solar_panel",
  "panel_id": 3,
  "power_watts": 783,
  "temperature": 26,
  "status": "ok"
}
--------------------------------------------------------------------------------
{
  "timestamp": "2026-02-22T15:25:51.561252",
  "device": "solar_panel",
  "panel_id": 1,
  "power_watts": 767,
  "temperature": 53,
  "status": "ok"
}
--------------------------------------------------------------------------------
{
  "timestamp": "2026-02-22T15:25:52.562429",
  "device": "solar_panel",
  "panel_id": 2,
  "power_watts": 132,
  "temperature": 51,
  "status": "ok"
}
--------------------------------------------------------------------------------
{
  "timestamp": "2026-02-22T15:25:53.563393",
  "device": "solar_panel",
  "panel_id": 3,
  "power_watts": 994,
  "temperature": 40,
  "status": "ok"
}
--------------------------------------------------------------------------------
{
  "timestamp": "2026-02-22T15:26:04.565359",
  "device": "solar_panel",
  "panel_id": 1,
  "power_watts": 113,
  "temperature": 56,
  "status": "ok"
}
--------------------------------------------------------------------------------
{
  "timestamp": "2026-02-22T15:26:05.566478",
  "device": "solar_panel",
  "panel_id": 2,
  "power_watts": 333,
  "temperature": 35,
  "status": "ok"
}
--------------------------------------------------------------------------------
{
  "timestamp": "2026-02-22T15:26:06.567580",
  "device": "solar_panel",
  "panel_id": 3,
  "power_watts": 998,
  "temperature": 26,
  "status": "ok"
}
--------------------------------------------------------------------------------
{
  "timestamp": "2026-02-22T15:26:17.569155",
  "device": "solar_panel",
  "panel_id": 1,
  "power_watts": 872,
  "temperature": 48,
  "status": "ok"
}
--------------------------------------------------------------------------------
{
  "timestamp": "2026-02-22T15:26:18.570676",
  "device": "solar_panel",
  "panel_id": 2,
  "power_watts": 321,
  "temperature": 50,
  "status": "ok"
}
--------------------------------------------------------------------------------
{
  "timestamp": "2026-02-22T15:26:19.571560",
  "device": "solar_panel",
  "panel_id": 3,
  "power_watts": 352,
  "temperature": 49,
  "status": "ok"
}
--------------------------------------------------------------------------------
{
  "timestamp": "2026-02-22T15:26:30.572880",
  "device": "solar_panel",
  "panel_id": 1,
  "power_watts": 831,
  "temperature": 30,
  "status": "ok"
}
--------------------------------------------------------------------------------
{
  "timestamp": "2026-02-22T15:26:31.573765",
  "device": "solar_panel",
  "panel_id": 2,
  "power_watts": 825,
  "temperature": 41,
  "status": "ok"
}
--------------------------------------------------------------------------------
{
  "timestamp": "2026-02-22T15:26:32.574943",
  "device": "solar_panel",
  "panel_id": 3,
  "power_watts": 764,
  "temperature": 33,
  "status": "ok"
}
--------------------------------------------------------------------------------
{
  "timestamp": "2026-02-22T15:26:43.576411",
  "device": "solar_panel",
  "panel_id": 1,
  "power_watts": 462,
  "temperature": 60,
  "status": "ok"
}
--------------------------------------------------------------------------------
{
  "timestamp": "2026-02-22T15:26:44.577956",
  "device": "solar_panel",
  "panel_id": 2,
  "power_watts": 567,
  "temperature": 29,
  "status": "ok"
}
--------------------------------------------------------------------------------
{
  "timestamp": "2026-02-22T15:26:45.578950",
  "device": "solar_panel",
  "panel_id": 3,
  "power_watts": 696,
  "temperature": 42,
  "status": "ok"
}
--------------------------------------------------------------------------------
{
  "timestamp": "2026-02-22T15:26:56.580602",
  "device": "solar_panel",
  "panel_id": 1,
  "power_watts": 284,
  "temperature": 44,
  "status": "ok"
}
--------------------------------------------------------------------------------
{
  "timestamp": "2026-02-22T15:26:57.581796",
  "device": "solar_panel",
  "panel_id": 2,
  "power_watts": 670,
  "temperature": 53,
  "status": "ok"
}
--------------------------------------------------------------------------------
{
  "timestamp": "2026-02-22T15:26:58.583069",
  "device": "solar_panel",
  "panel_id": 3,
  "power_watts": 877,
  "temperature": 37,
  "status": "ok"
}
--------------------------------------------------------------------------------
{
  "timestamp": "2026-02-22T15:27:09.584496",
  "device": "solar_panel",
  "panel_id": 1,
  "power_watts": 984,
  "temperature": 34,
  "status": "ok"
}
--------------------------------------------------------------------------------
{
  "timestamp": "2026-02-22T15:27:10.585646",
  "device": "solar_panel",
  "panel_id": 2,
  "power_watts": 350,
  "temperature": 32,
  "status": "ok"
}
--------------------------------------------------------------------------------
{
  "timestamp": "2026-02-22T15:27:11.586551",
  "device": "solar_panel",
  "panel_id": 3,
  "power_watts": 656,
  "temperature": 28,
  "status": "ok"
}
--------------------------------------------------------------------------------
{
  "timestamp": "2026-02-22T15:27:22.587933",
  "device": "solar_panel",
  "panel_id": 1,
  "power_watts": 729,
  "temperature": 35,
  "status": "ok"
}
--------------------------------------------------------------------------------
{
  "timestamp": "2026-02-22T15:27:23.589557",
  "device": "solar_panel",
  "panel_id": 2,
  "power_watts": 361,
  "temperature": 41,
  "status": "ok"
}
--------------------------------------------------------------------------------
{
  "timestamp": "2026-02-22T15:27:24.590716",
  "device": "solar_panel",
  "panel_id": 3,
  "power_watts": 871,
  "temperature": 52,
  "status": "ok"
}
--------------------------------------------------------------------------------
{
  "timestamp": "2026-02-22T15:27:35.592488",
  "device": "solar_panel",
  "panel_id": 1,
  "power_watts": 284,
  "temperature": 35,
  "status": "ok"
}
--------------------------------------------------------------------------------
{
  "timestamp": "2026-02-22T15:27:36.593688",
  "device": "solar_panel",
  "panel_id": 2,
  "power_watts": 661,
  "temperature": 54,
  "status": "ok"
}
--------------------------------------------------------------------------------
{
  "timestamp": "2026-02-22T15:27:37.594846",
  "device": "solar_panel",
  "panel_id": 3,
  "power_watts": 437,
  "temperature": 47,
  "status": "ok"
}
--------------------------------------------------------------------------------
{
  "timestamp": "2026-02-22T15:27:48.596066",
  "device": "solar_panel",
  "panel_id": 1,
  "power_watts": 258,
  "temperature": 27,
  "status": "ok"
}
--------------------------------------------------------------------------------
{
  "timestamp": "2026-02-22T15:27:49.597043",
  "device": "solar_panel",
  "panel_id": 2,
  "power_watts": 907,
  "temperature": 60,
  "status": "ok"
}
--------------------------------------------------------------------------------
{
  "timestamp": "2026-02-22T15:27:50.597976",
  "device": "solar_panel",
  "panel_id": 3,
  "power_watts": 677,
  "temperature": 60,
  "status": "ok"
}
--------------------------------------------------------------------------------
{
  "timestamp": "2026-02-22T15:28:01.599028",
  "device": "solar_panel",
  "panel_id": 1,
  "power_watts": 337,
  "temperature": 39,
  "status": "ok"
}
--------------------------------------------------------------------------------
{
  "timestamp": "2026-02-22T15:28:02.600194",
  "device": "solar_panel",
  "panel_id": 2,
  "power_watts": 458,
  "temperature": 45,
  "status": "ok"
}
--------------------------------------------------------------------------------
{
  "timestamp": "2026-02-22T15:28:03.601595",
  "device": "solar_panel",
  "panel_id": 3,
  "power_watts": 56,
  "temperature": 53,
  "status": "low_power"
}
--------------------------------------------------------------------------------
{
  "timestamp": "2026-02-22T15:28:14.603061",
  "device": "solar_panel",
  "panel_id": 1,
  "power_watts": 198,
  "temperature": 36,
  "status": "ok"
}
--------------------------------------------------------------------------------
{
  "timestamp": "2026-02-22T15:28:15.604473",
  "device": "solar_panel",
  "panel_id": 2,
  "power_watts": 980,
  "temperature": 58,
  "status": "ok"
}
--------------------------------------------------------------------------------
{
  "timestamp": "2026-02-22T15:28:16.605673",
  "device": "solar_panel",
  "panel_id": 3,
  "power_watts": 928,
  "temperature": 28,
  "status": "ok"
}
--------------------------------------------------------------------------------
{
  "timestamp": "2026-02-22T15:28:27.607649",
  "device": "solar_panel",
  "panel_id": 1,
  "power_watts": 209,
  "temperature": 37,
  "status": "ok"
}
--------------------------------------------------------------------------------
{
  "timestamp": "2026-02-22T15:28:28.609072",
  "device": "solar_panel",
  "panel_id": 2,
  "power_watts": 514,
  "temperature": 46,
  "status": "ok"
}
--------------------------------------------------------------------------------
{
  "timestamp": "2026-02-22T15:28:29.610208",
  "device": "solar_panel",
  "panel_id": 3,
  "power_watts": 750,
  "temperature": 49,
  "status": "ok"
}
--------------------------------------------------------------------------------
{
  "timestamp": "2026-02-22T15:28:40.611539",
  "device": "solar_panel",
  "panel_id": 1,
  "power_watts": 242,
  "temperature": 32,
  "status": "ok"
}
--------------------------------------------------------------------------------
{
  "timestamp": "2026-02-22T15:28:41.612829",
  "device": "solar_panel",
  "panel_id": 2,
  "power_watts": 100,
  "temperature": 40,
  "status": "low_power"
}
--------------------------------------------------------------------------------
{
  "timestamp": "2026-02-22T15:28:42.614190",
  "device": "solar_panel",
  "panel_id": 3,
  "power_watts": 421,
  "temperature": 39,
  "status": "ok"
}
--------------------------------------------------------------------------------
{
  "timestamp": "2026-02-22T15:28:53.615414",
  "device": "solar_panel",
  "panel_id": 1,
  "power_watts": 684,
  "temperature": 52,
  "status": "ok"
}
--------------------------------------------------------------------------------
{
  "timestamp": "2026-02-22T15:28:54.616639",
  "device": "solar_panel",
  "panel_id": 2,
  "power_watts": 162,
  "temperature": 51,
  "status": "ok"
}
--------------------------------------------------------------------------------
{
  "timestamp": "2026-02-22T15:28:55.617826",
  "device": "solar_panel",
  "panel_id": 3,
  "power_watts": 353,
  "temperature": 44,
  "status": "ok"
}
--------------------------------------------------------------------------------
{
  "timestamp": "2026-02-22T15:29:06.619318",
  "device": "solar_panel",
  "panel_id": 1,
  "power_watts": 477,
  "temperature": 59,
  "status": "ok"
}
--------------------------------------------------------------------------------
{
  "timestamp": "2026-02-22T15:29:07.620488",
  "device": "solar_panel",
  "panel_id": 2,
  "power_watts": 255,
  "temperature": 46,
  "status": "ok"
}
--------------------------------------------------------------------------------
{
  "timestamp": "2026-02-22T15:29:08.621642",
  "device": "solar_panel",
  "panel_id": 3,
  "power_watts": 674,
  "temperature": 60,
  "status": "ok"
}
--------------------------------------------------------------------------------
{
  "timestamp": "2026-02-22T15:29:19.623052",
  "device": "solar_panel",
  "panel_id": 1,
  "power_watts": 485,
  "temperature": 55,
  "status": "ok"
}
--------------------------------------------------------------------------------
{
  "timestamp": "2026-02-22T15:29:20.624558",
  "device": "solar_panel",
  "panel_id": 2,
  "power_watts": 767,
  "temperature": 32,
  "status": "ok"
}
--------------------------------------------------------------------------------
{
  "timestamp": "2026-02-22T15:29:21.625502",
  "device": "solar_panel",
  "panel_id": 3,
  "power_watts": 117,
  "temperature": 47,
  "status": "ok"
}
--------------------------------------------------------------------------------
{
  "timestamp": "2026-02-22T15:29:32.626731",
  "device": "solar_panel",
  "panel_id": 1,
  "power_watts": 287,
  "temperature": 37,
  "status": "ok"
}
--------------------------------------------------------------------------------
{
  "timestamp": "2026-02-22T15:29:33.627834",
  "device": "solar_panel",
  "panel_id": 2,
  "power_watts": 803,
  "temperature": 45,
  "status": "ok"
}
--------------------------------------------------------------------------------
{
  "timestamp": "2026-02-22T15:29:34.629368",
  "device": "solar_panel",
  "panel_id": 3,
  "power_watts": 181,
  "temperature": 55,
  "status": "ok"
}
--------------------------------------------------------------------------------
{
  "timestamp": "2026-02-22T15:29:45.630708",
  "device": "solar_panel",
  "panel_id": 1,
  "power_watts": 135,
  "temperature": 45,
  "status": "ok"
}
--------------------------------------------------------------------------------
{
  "timestamp": "2026-02-22T15:29:46.632141",
  "device": "solar_panel",
  "panel_id": 2,
  "power_watts": 274,
  "temperature": 27,
  "status": "ok"
}
--------------------------------------------------------------------------------
{
  "timestamp": "2026-02-22T15:29:47.633337",
  "device": "solar_panel",
  "panel_id": 3,
  "power_watts": 909,
  "temperature": 28,
  "status": "ok"
}
--------------------------------------------------------------------------------
{
  "timestamp": "2026-02-22T15:29:58.634717",
  "device": "solar_panel",
  "panel_id": 1,
  "power_watts": 420,
  "temperature": 30,
  "status": "ok"
}
--------------------------------------------------------------------------------
{
  "timestamp": "2026-02-22T15:29:59.636051",
  "device": "solar_panel",
  "panel_id": 2,
  "power_watts": 897,
  "temperature": 48,
  "status": "ok"
}
--------------------------------------------------------------------------------
{
  "timestamp": "2026-02-22T15:30:00.637065",
  "device": "solar_panel",
  "panel_id": 3,
  "power_watts": 502,
  "temperature": 59,
  "status": "ok"
}
--------------------------------------------------------------------------------
{
  "timestamp": "2026-02-22T15:30:11.638558",
  "device": "solar_panel",
  "panel_id": 1,
  "power_watts": 932,
  "temperature": 27,
  "status": "ok"
}
--------------------------------------------------------------------------------
{
  "timestamp": "2026-02-22T15:30:12.639453",
  "device": "solar_panel",
  "panel_id": 2,
  "power_watts": 873,
  "temperature": 30,
  "status": "ok"
}
--------------------------------------------------------------------------------
{
  "timestamp": "2026-02-22T15:30:13.640409",
  "device": "solar_panel",
  "panel_id": 3,
  "power_watts": 856,
  "temperature": 35,
  "status": "ok"
}
--------------------------------------------------------------------------------
{
  "timestamp": "2026-02-22T15:30:24.641704",
  "device": "solar_panel",
  "panel_id": 1,
  "power_watts": 780,
  "temperature": 39,
  "status": "ok"
}
--------------------------------------------------------------------------------
{
  "timestamp": "2026-02-22T15:30:25.642888",
  "device": "solar_panel",
  "panel_id": 2,
  "power_watts": 319,
  "temperature": 30,
  "status": "ok"
}
--------------------------------------------------------------------------------
{
  "timestamp": "2026-02-22T15:30:26.644249",
  "device": "solar_panel",
  "panel_id": 3,
  "power_watts": 654,
  "temperature": 37,
  "status": "ok"
}
--------------------------------------------------------------------------------
{
  "timestamp": "2026-02-22T15:30:37.645250",
  "device": "solar_panel",
  "panel_id": 1,
  "power_watts": 418,
  "temperature": 55,
  "status": "ok"
}
--------------------------------------------------------------------------------
{
  "timestamp": "2026-02-22T15:30:38.646503",
  "device": "solar_panel",
  "panel_id": 2,
  "power_watts": 73,
  "temperature": 47,
  "status": "low_power"
}
--------------------------------------------------------------------------------
{
  "timestamp": "2026-02-22T15:30:39.647500",
  "device": "solar_panel",
  "panel_id": 3,
  "power_watts": 529,
  "temperature": 56,
  "status": "ok"
}
--------------------------------------------------------------------------------
{
  "timestamp": "2026-02-22T15:30:50.648766",
  "device": "solar_panel",
  "panel_id": 1,
  "power_watts": 913,
  "temperature": 59,
  "status": "ok"
}
--------------------------------------------------------------------------------
{
  "timestamp": "2026-02-22T15:30:51.649915",
  "device": "solar_panel",
  "panel_id": 2,
  "power_watts": 243,
  "temperature": 40,
  "status": "ok"
}
--------------------------------------------------------------------------------
{
  "timestamp": "2026-02-22T15:30:52.651142",
  "device": "solar_panel",
  "panel_id": 3,
  "power_watts": 125,
  "temperature": 44,
  "status": "ok"
}
--------------------------------------------------------------------------------
{
  "timestamp": "2026-02-22T15:31:03.652335",
  "device": "solar_panel",
  "panel_id": 1,
  "power_watts": 676,
  "temperature": 56,
  "status": "ok"
}
--------------------------------------------------------------------------------
{
  "timestamp": "2026-02-22T15:31:04.653893",
  "device": "solar_panel",
  "panel_id": 2,
  "power_watts": 440,
  "temperature": 36,
  "status": "ok"
}
--------------------------------------------------------------------------------
{
  "timestamp": "2026-02-22T15:31:05.655165",
  "device": "solar_panel",
  "panel_id": 3,
  "power_watts": 648,
  "temperature": 47,
  "status": "ok"
}
--------------------------------------------------------------------------------
{
  "timestamp": "2026-02-22T15:31:16.656542",
  "device": "solar_panel",
  "panel_id": 1,
  "power_watts": 969,
  "temperature": 40,
  "status": "ok"
}
--------------------------------------------------------------------------------
{
  "timestamp": "2026-02-22T15:31:17.657653",
  "device": "solar_panel",
  "panel_id": 2,
  "power_watts": 97,
  "temperature": 60,
  "status": "low_power"
}
--------------------------------------------------------------------------------
{
  "timestamp": "2026-02-22T15:31:18.658631",
  "device": "solar_panel",
  "panel_id": 3,
  "power_watts": 500,
  "temperature": 35,
  "status": "ok"
}
--------------------------------------------------------------------------------
{
  "timestamp": "2026-02-22T15:31:29.659499",
  "device": "solar_panel",
  "panel_id": 1,
  "power_watts": 494,
  "temperature": 49,
  "status": "ok"
}
--------------------------------------------------------------------------------
{
  "timestamp": "2026-02-22T15:31:30.660419",
  "device": "solar_panel",
  "panel_id": 2,
  "power_watts": 818,
  "temperature": 27,
  "status": "ok"
}
--------------------------------------------------------------------------------
{
  "timestamp": "2026-02-22T15:31:31.661171",
  "device": "solar_panel",
  "panel_id": 3,
  "power_watts": 660,
  "temperature": 32,
  "status": "ok"
}
--------------------------------------------------------------------------------
{
  "timestamp": "2026-02-22T15:31:42.662396",
  "device": "solar_panel",
  "panel_id": 1,
  "power_watts": 778,
  "temperature": 44,
  "status": "ok"
}
--------------------------------------------------------------------------------
{
  "timestamp": "2026-02-22T15:31:43.663162",
  "device": "solar_panel",
  "panel_id": 2,
  "power_watts": 483,
  "temperature": 36,
  "status": "ok"
}
--------------------------------------------------------------------------------
{
  "timestamp": "2026-02-22T15:31:44.664446",
  "device": "solar_panel",
  "panel_id": 3,
  "power_watts": 672,
  "temperature": 55,
  "status": "ok"
}
--------------------------------------------------------------------------------
{
  "timestamp": "2026-02-22T15:31:55.665516",
  "device": "solar_panel",
  "panel_id": 1,
  "power_watts": 684,
  "temperature": 56,
  "status": "ok"
}
--------------------------------------------------------------------------------
{
  "timestamp": "2026-02-22T15:31:56.666799",
  "device": "solar_panel",
  "panel_id": 2,
  "power_watts": 233,
  "temperature": 40,
  "status": "ok"
}
--------------------------------------------------------------------------------
{
  "timestamp": "2026-02-22T15:31:57.668094",
  "device": "solar_panel",
  "panel_id": 3,
  "power_watts": 60,
  "temperature": 58,
  "status": "low_power"
}
--------------------------------------------------------------------------------
{
  "timestamp": "2026-02-22T15:32:08.669299",
  "device": "solar_panel",
  "panel_id": 1,
  "power_watts": 116,
  "temperature": 55,
  "status": "ok"
}
--------------------------------------------------------------------------------
{
  "timestamp": "2026-02-22T15:32:09.670621",
  "device": "solar_panel",
  "panel_id": 2,
  "power_watts": 539,
  "temperature": 32,
  "status": "ok"
}
--------------------------------------------------------------------------------
{
  "timestamp": "2026-02-22T15:32:10.671683",
  "device": "solar_panel",
  "panel_id": 3,
  "power_watts": 123,
  "temperature": 53,
  "status": "ok"
}
--------------------------------------------------------------------------------
{
  "timestamp": "2026-02-22T15:32:21.673092",
  "device": "solar_panel",
  "panel_id": 1,
  "power_watts": 531,
  "temperature": 30,
  "status": "ok"
}
--------------------------------------------------------------------------------
{
  "timestamp": "2026-02-22T15:32:22.674375",
  "device": "solar_panel",
  "panel_id": 2,
  "power_watts": 500,
  "temperature": 32,
  "status": "ok"
}
--------------------------------------------------------------------------------
{
  "timestamp": "2026-02-22T15:32:23.675274",
  "device": "solar_panel",
  "panel_id": 3,
  "power_watts": 322,
  "temperature": 52,
  "status": "ok"
}
--------------------------------------------------------------------------------
{
  "timestamp": "2026-02-22T15:32:34.677056",
  "device": "solar_panel",
  "panel_id": 1,
  "power_watts": 260,
  "temperature": 37,
  "status": "ok"
}
--------------------------------------------------------------------------------
{
  "timestamp": "2026-02-22T15:32:35.678058",
  "device": "solar_panel",
  "panel_id": 2,
  "power_watts": 762,
  "temperature": 55,
  "status": "ok"
}
--------------------------------------------------------------------------------
{
  "timestamp": "2026-02-22T15:32:36.679222",
  "device": "solar_panel",
  "panel_id": 3,
  "power_watts": 931,
  "temperature": 34,
  "status": "ok"
}
--------------------------------------------------------------------------------
{
  "timestamp": "2026-02-22T15:32:47.680852",
  "device": "solar_panel",
  "panel_id": 1,
  "power_watts": 639,
  "temperature": 33,
  "status": "ok"
}
--------------------------------------------------------------------------------
{
  "timestamp": "2026-02-22T15:32:48.682019",
  "device": "solar_panel",
  "panel_id": 2,
  "power_watts": 759,
  "temperature": 59,
  "status": "ok"
}
--------------------------------------------------------------------------------
{
  "timestamp": "2026-02-22T15:32:49.682945",
  "device": "solar_panel",
  "panel_id": 3,
  "power_watts": 300,
  "temperature": 28,
  "status": "ok"
}
--------------------------------------------------------------------------------
{
  "timestamp": "2026-02-22T15:33:00.684047",
  "device": "solar_panel",
  "panel_id": 1,
  "power_watts": 981,
  "temperature": 41,
  "status": "ok"
}
--------------------------------------------------------------------------------
{
  "timestamp": "2026-02-22T15:33:01.685402",
  "device": "solar_panel",
  "panel_id": 2,
  "power_watts": 828,
  "temperature": 37,
  "status": "ok"
}
--------------------------------------------------------------------------------
{
  "timestamp": "2026-02-22T15:33:02.686600",
  "device": "solar_panel",
  "panel_id": 3,
  "power_watts": 336,
  "temperature": 27,
  "status": "ok"
}
--------------------------------------------------------------------------------
{
  "timestamp": "2026-02-22T15:33:13.688309",
  "device": "solar_panel",
  "panel_id": 1,
  "power_watts": 304,
  "temperature": 57,
  "status": "ok"
}
--------------------------------------------------------------------------------
{
  "timestamp": "2026-02-22T15:33:14.689178",
  "device": "solar_panel",
  "panel_id": 2,
  "power_watts": 301,
  "temperature": 36,
  "status": "ok"
}
--------------------------------------------------------------------------------
{
  "timestamp": "2026-02-22T15:33:15.689920",
  "device": "solar_panel",
  "panel_id": 3,
  "power_watts": 837,
  "temperature": 37,
  "status": "ok"
}
--------------------------------------------------------------------------------
{
  "timestamp": "2026-02-22T15:33:26.690944",
  "device": "solar_panel",
  "panel_id": 1,
  "power_watts": 91,
  "temperature": 32,
  "status": "low_power"
}
--------------------------------------------------------------------------------
{
  "timestamp": "2026-02-22T15:33:27.691873",
  "device": "solar_panel",
  "panel_id": 2,
  "power_watts": 201,
  "temperature": 27,
  "status": "ok"
}
--------------------------------------------------------------------------------
{
  "timestamp": "2026-02-22T15:33:28.693152",
  "device": "solar_panel",
  "panel_id": 3,
  "power_watts": 62,
  "temperature": 52,
  "status": "low_power"
}
--------------------------------------------------------------------------------
{
  "timestamp": "2026-02-22T15:33:39.694960",
  "device": "solar_panel",
  "panel_id": 1,
  "power_watts": 878,
  "temperature": 47,
  "status": "ok"
}
--------------------------------------------------------------------------------
{
  "timestamp": "2026-02-22T15:33:40.695875",
  "device": "solar_panel",
  "panel_id": 2,
  "power_watts": 566,
  "temperature": 29,
  "status": "ok"
}
--------------------------------------------------------------------------------
{
  "timestamp": "2026-02-22T15:33:41.697005",
  "device": "solar_panel",
  "panel_id": 3,
  "power_watts": 453,
  "temperature": 48,
  "status": "ok"
}
--------------------------------------------------------------------------------
{
  "timestamp": "2026-02-22T15:33:52.698663",
  "device": "solar_panel",
  "panel_id": 1,
  "power_watts": 136,
  "temperature": 28,
  "status": "ok"
}
--------------------------------------------------------------------------------
{
  "timestamp": "2026-02-22T15:33:53.699960",
  "device": "solar_panel",
  "panel_id": 2,
  "power_watts": 196,
  "temperature": 46,
  "status": "ok"
}
--------------------------------------------------------------------------------
{
  "timestamp": "2026-02-22T15:33:54.700676",
  "device": "solar_panel",
  "panel_id": 3,
  "power_watts": 480,
  "temperature": 59,
  "status": "ok"
}
--------------------------------------------------------------------------------
{
  "timestamp": "2026-02-22T15:34:05.702056",
  "device": "solar_panel",
  "panel_id": 1,
  "power_watts": 826,
  "temperature": 50,
  "status": "ok"
}
--------------------------------------------------------------------------------
{
  "timestamp": "2026-02-22T15:34:06.703236",
  "device": "solar_panel",
  "panel_id": 2,
  "power_watts": 861,
  "temperature": 60,
  "status": "ok"
}
--------------------------------------------------------------------------------
{
  "timestamp": "2026-02-22T15:34:07.704336",
  "device": "solar_panel",
  "panel_id": 3,
  "power_watts": 65,
  "temperature": 51,
  "status": "low_power"
}
--------------------------------------------------------------------------------
{
  "timestamp": "2026-02-22T15:34:18.705719",
  "device": "solar_panel",
  "panel_id": 1,
  "power_watts": 148,
  "temperature": 48,
  "status": "ok"
}
--------------------------------------------------------------------------------
{
  "timestamp": "2026-02-22T15:34:19.706607",
  "device": "solar_panel",
  "panel_id": 2,
  "power_watts": 70,
  "temperature": 56,
  "status": "low_power"
}
--------------------------------------------------------------------------------
{
  "timestamp": "2026-02-22T15:34:20.707586",
  "device": "solar_panel",
  "panel_id": 3,
  "power_watts": 860,
  "temperature": 51,
  "status": "ok"
}
--------------------------------------------------------------------------------
{
  "timestamp": "2026-02-22T15:34:31.708735",
  "device": "solar_panel",
  "panel_id": 1,
  "power_watts": 462,
  "temperature": 42,
  "status": "ok"
}
--------------------------------------------------------------------------------
{
  "timestamp": "2026-02-22T15:34:32.709872",
  "device": "solar_panel",
  "panel_id": 2,
  "power_watts": 176,
  "temperature": 50,
  "status": "ok"
}
--------------------------------------------------------------------------------
{
  "timestamp": "2026-02-22T15:34:33.711067",
  "device": "solar_panel",
  "panel_id": 3,
  "power_watts": 225,
  "temperature": 28,
  "status": "ok"
}
--------------------------------------------------------------------------------
{
  "timestamp": "2026-02-22T15:34:44.712223",
  "device": "solar_panel",
  "panel_id": 1,
  "power_watts": 83,
  "temperature": 58,
  "status": "low_power"
}
--------------------------------------------------------------------------------
{
  "timestamp": "2026-02-22T15:34:45.712989",
  "device": "solar_panel",
  "panel_id": 2,
  "power_watts": 634,
  "temperature": 56,
  "status": "ok"
}
--------------------------------------------------------------------------------
{
  "timestamp": "2026-02-22T15:34:46.714272",
  "device": "solar_panel",
  "panel_id": 3,
  "power_watts": 954,
  "temperature": 36,
  "status": "ok"
}
--------------------------------------------------------------------------------
{
  "timestamp": "2026-02-22T15:34:57.715845",
  "device": "solar_panel",
  "panel_id": 1,
  "power_watts": 628,
  "temperature": 59,
  "status": "ok"
}
--------------------------------------------------------------------------------
{
  "timestamp": "2026-02-22T15:34:58.716793",
  "device": "solar_panel",
  "panel_id": 2,
  "power_watts": 337,
  "temperature": 36,
  "status": "ok"
}
--------------------------------------------------------------------------------
{
  "timestamp": "2026-02-22T15:34:59.717637",
  "device": "solar_panel",
  "panel_id": 3,
  "power_watts": 490,
  "temperature": 35,
  "status": "ok"
}
--------------------------------------------------------------------------------
{
  "timestamp": "2026-02-22T15:35:10.718905",
  "device": "solar_panel",
  "panel_id": 1,
  "power_watts": 294,
  "temperature": 58,
  "status": "ok"
}
--------------------------------------------------------------------------------
{
  "timestamp": "2026-02-22T15:35:11.720062",
  "device": "solar_panel",
  "panel_id": 2,
  "power_watts": 238,
  "temperature": 27,
  "status": "ok"
}
--------------------------------------------------------------------------------
{
  "timestamp": "2026-02-22T15:35:12.721134",
  "device": "solar_panel",
  "panel_id": 3,
  "power_watts": 565,
  "temperature": 49,
  "status": "ok"
}
--------------------------------------------------------------------------------
{
  "timestamp": "2026-02-22T15:35:23.722959",
  "device": "solar_panel",
  "panel_id": 1,
  "power_watts": 456,
  "temperature": 48,
  "status": "ok"
}
--------------------------------------------------------------------------------
{
  "timestamp": "2026-02-22T15:35:24.724170",
  "device": "solar_panel",
  "panel_id": 2,
  "power_watts": 218,
  "temperature": 38,
  "status": "ok"
}
--------------------------------------------------------------------------------
{
  "timestamp": "2026-02-22T15:35:25.725229",
  "device": "solar_panel",
  "panel_id": 3,
  "power_watts": 800,
  "temperature": 48,
  "status": "ok"
}
--------------------------------------------------------------------------------
{
  "timestamp": "2026-02-22T15:35:36.726673",
  "device": "solar_panel",
  "panel_id": 1,
  "power_watts": 398,
  "temperature": 56,
  "status": "ok"
}
--------------------------------------------------------------------------------
{
  "timestamp": "2026-02-22T15:35:37.727620",
  "device": "solar_panel",
  "panel_id": 2,
  "power_watts": 334,
  "temperature": 39,
  "status": "ok"
}
--------------------------------------------------------------------------------
{
  "timestamp": "2026-02-22T15:35:38.728978",
  "device": "solar_panel",
  "panel_id": 3,
  "power_watts": 425,
  "temperature": 35,
  "status": "ok"
}
--------------------------------------------------------------------------------
{
  "timestamp": "2026-02-22T15:35:49.730223",
  "device": "solar_panel",
  "panel_id": 1,
  "power_watts": 550,
  "temperature": 39,
  "status": "ok"
}
--------------------------------------------------------------------------------
{
  "timestamp": "2026-02-22T15:35:50.731723",
  "device": "solar_panel",
  "panel_id": 2,
  "power_watts": 495,
  "temperature": 58,
  "status": "ok"
}
--------------------------------------------------------------------------------
{
  "timestamp": "2026-02-22T15:35:51.733088",
  "device": "solar_panel",
  "panel_id": 3,
  "power_watts": 461,
  "temperature": 43,
  "status": "ok"
}
--------------------------------------------------------------------------------
{
  "timestamp": "2026-02-22T15:36:02.734720",
  "device": "solar_panel",
  "panel_id": 1,
  "power_watts": 993,
  "temperature": 52,
  "status": "ok"
}
--------------------------------------------------------------------------------
{
  "timestamp": "2026-02-22T15:36:03.735912",
  "device": "solar_panel",
  "panel_id": 2,
  "power_watts": 105,
  "temperature": 31,
  "status": "ok"
}
--------------------------------------------------------------------------------
{
  "timestamp": "2026-02-22T15:36:04.736839",
  "device": "solar_panel",
  "panel_id": 3,
  "power_watts": 207,
  "temperature": 55,
  "status": "ok"
}
--------------------------------------------------------------------------------
{
  "timestamp": "2026-02-22T15:36:15.738264",
  "device": "solar_panel",
  "panel_id": 1,
  "power_watts": 545,
  "temperature": 52,
  "status": "ok"
}
--------------------------------------------------------------------------------
{
  "timestamp": "2026-02-22T15:36:16.739473",
  "device": "solar_panel",
  "panel_id": 2,
  "power_watts": 816,
  "temperature": 41,
  "status": "ok"
}
--------------------------------------------------------------------------------
{
  "timestamp": "2026-02-22T15:36:17.740413",
  "device": "solar_panel",
  "panel_id": 3,
  "power_watts": 183,
  "temperature": 48,
  "status": "ok"
}
--------------------------------------------------------------------------------
{
  "timestamp": "2026-02-22T15:36:28.741775",
  "device": "solar_panel",
  "panel_id": 1,
  "power_watts": 703,
  "temperature": 26,
  "status": "ok"
}
--------------------------------------------------------------------------------
{
  "timestamp": "2026-02-22T15:36:29.743297",
  "device": "solar_panel",
  "panel_id": 2,
  "power_watts": 338,
  "temperature": 29,
  "status": "ok"
}
--------------------------------------------------------------------------------
{
  "timestamp": "2026-02-22T15:36:30.744298",
  "device": "solar_panel",
  "panel_id": 3,
  "power_watts": 610,
  "temperature": 51,
  "status": "ok"
}
--------------------------------------------------------------------------------
{
  "timestamp": "2026-02-22T15:36:41.745693",
  "device": "solar_panel",
  "panel_id": 1,
  "power_watts": 555,
  "temperature": 38,
  "status": "ok"
}
--------------------------------------------------------------------------------
{
  "timestamp": "2026-02-22T15:36:42.747198",
  "device": "solar_panel",
  "panel_id": 2,
  "power_watts": 407,
  "temperature": 28,
  "status": "ok"
}
--------------------------------------------------------------------------------
{
  "timestamp": "2026-02-22T15:36:43.748283",
  "device": "solar_panel",
  "panel_id": 3,
  "power_watts": 432,
  "temperature": 34,
  "status": "ok"
}
--------------------------------------------------------------------------------
{
  "timestamp": "2026-02-22T15:36:54.750089",
  "device": "solar_panel",
  "panel_id": 1,
  "power_watts": 737,
  "temperature": 32,
  "status": "ok"
}
--------------------------------------------------------------------------------
{
  "timestamp": "2026-02-22T15:36:55.751137",
  "device": "solar_panel",
  "panel_id": 2,
  "power_watts": 256,
  "temperature": 41,
  "status": "ok"
}
--------------------------------------------------------------------------------
{
  "timestamp": "2026-02-22T15:36:56.752361",
  "device": "solar_panel",
  "panel_id": 3,
  "power_watts": 361,
  "temperature": 48,
  "status": "ok"
}
--------------------------------------------------------------------------------
{
  "timestamp": "2026-02-22T15:37:07.754012",
  "device": "solar_panel",
  "panel_id": 1,
  "power_watts": 60,
  "temperature": 47,
  "status": "low_power"
}
--------------------------------------------------------------------------------
{
  "timestamp": "2026-02-22T15:37:08.755027",
  "device": "solar_panel",
  "panel_id": 2,
  "power_watts": 769,
  "temperature": 43,
  "status": "ok"
}
--------------------------------------------------------------------------------
{
  "timestamp": "2026-02-22T15:37:09.756114",
  "device": "solar_panel",
  "panel_id": 3,
  "power_watts": 592,
  "temperature": 58,
  "status": "ok"
}
--------------------------------------------------------------------------------
{
  "timestamp": "2026-02-22T15:37:20.757565",
  "device": "solar_panel",
  "panel_id": 1,
  "power_watts": 602,
  "temperature": 34,
  "status": "ok"
}
--------------------------------------------------------------------------------
{
  "timestamp": "2026-02-22T15:37:21.758590",
  "device": "solar_panel",
  "panel_id": 2,
  "power_watts": 147,
  "temperature": 32,
  "status": "ok"
}
--------------------------------------------------------------------------------
{
  "timestamp": "2026-02-22T15:37:22.759733",
  "device": "solar_panel",
  "panel_id": 3,
  "power_watts": 628,
  "temperature": 26,
  "status": "ok"
}
--------------------------------------------------------------------------------
{
  "timestamp": "2026-02-22T15:37:33.761502",
  "device": "solar_panel",
  "panel_id": 1,
  "power_watts": 334,
  "temperature": 54,
  "status": "ok"
}
--------------------------------------------------------------------------------
{
  "timestamp": "2026-02-22T15:37:34.762582",
  "device": "solar_panel",
  "panel_id": 2,
  "power_watts": 610,
  "temperature": 49,
  "status": "ok"
}
--------------------------------------------------------------------------------
{
  "timestamp": "2026-02-22T15:37:35.763374",
  "device": "solar_panel",
  "panel_id": 3,
  "power_watts": 391,
  "temperature": 45,
  "status": "ok"
}
--------------------------------------------------------------------------------
{
  "timestamp": "2026-02-22T15:37:46.765026",
  "device": "solar_panel",
  "panel_id": 1,
  "power_watts": 113,
  "temperature": 54,
  "status": "ok"
}
--------------------------------------------------------------------------------
{
  "timestamp": "2026-02-22T15:37:47.766192",
  "device": "solar_panel",
  "panel_id": 2,
  "power_watts": 457,
  "temperature": 54,
  "status": "ok"
}
--------------------------------------------------------------------------------
{
  "timestamp": "2026-02-22T15:37:48.767113",
  "device": "solar_panel",
  "panel_id": 3,
  "power_watts": 914,
  "temperature": 31,
  "status": "ok"
}
--------------------------------------------------------------------------------
{
  "timestamp": "2026-02-22T15:37:59.768610",
  "device": "solar_panel",
  "panel_id": 1,
  "power_watts": 535,
  "temperature": 52,
  "status": "ok"
}
--------------------------------------------------------------------------------
{
  "timestamp": "2026-02-22T15:38:00.769613",
  "device": "solar_panel",
  "panel_id": 2,
  "power_watts": 740,
  "temperature": 35,
  "status": "ok"
}
--------------------------------------------------------------------------------
{
  "timestamp": "2026-02-22T15:38:01.770785",
  "device": "solar_panel",
  "panel_id": 3,
  "power_watts": 500,
  "temperature": 26,
  "status": "ok"
}
--------------------------------------------------------------------------------
{
  "timestamp": "2026-02-22T15:38:12.772089",
  "device": "solar_panel",
  "panel_id": 1,
  "power_watts": 259,
  "temperature": 30,
  "status": "ok"
}
--------------------------------------------------------------------------------
{
  "timestamp": "2026-02-22T15:38:13.772973",
  "device": "solar_panel",
  "panel_id": 2,
  "power_watts": 292,
  "temperature": 39,
  "status": "ok"
}
--------------------------------------------------------------------------------
{
  "timestamp": "2026-02-22T15:38:14.774081",
  "device": "solar_panel",
  "panel_id": 3,
  "power_watts": 883,
  "temperature": 56,
  "status": "ok"
}
--------------------------------------------------------------------------------
{
  "timestamp": "2026-02-22T15:38:25.775409",
  "device": "solar_panel",
  "panel_id": 1,
  "power_watts": 531,
  "temperature": 49,
  "status": "ok"
}
--------------------------------------------------------------------------------
{
  "timestamp": "2026-02-22T15:38:26.776734",
  "device": "solar_panel",
  "panel_id": 2,
  "power_watts": 983,
  "temperature": 58,
  "status": "ok"
}
--------------------------------------------------------------------------------
{
  "timestamp": "2026-02-22T15:38:27.778025",
  "device": "solar_panel",
  "panel_id": 3,
  "power_watts": 847,
  "temperature": 38,
  "status": "ok"
}
--------------------------------------------------------------------------------
{
  "timestamp": "2026-02-22T15:38:38.779459",
  "device": "solar_panel",
  "panel_id": 1,
  "power_watts": 285,
  "temperature": 57,
  "status": "ok"
}
--------------------------------------------------------------------------------
{
  "timestamp": "2026-02-22T15:38:39.780645",
  "device": "solar_panel",
  "panel_id": 2,
  "power_watts": 649,
  "temperature": 26,
  "status": "ok"
}
--------------------------------------------------------------------------------
{
  "timestamp": "2026-02-22T15:38:40.781539",
  "device": "solar_panel",
  "panel_id": 3,
  "power_watts": 674,
  "temperature": 46,
  "status": "ok"
}
--------------------------------------------------------------------------------
{
  "timestamp": "2026-02-22T15:38:51.782891",
  "device": "solar_panel",
  "panel_id": 1,
  "power_watts": 254,
  "temperature": 43,
  "status": "ok"
}
--------------------------------------------------------------------------------
{
  "timestamp": "2026-02-22T15:38:52.784250",
  "device": "solar_panel",
  "panel_id": 2,
  "power_watts": 820,
  "temperature": 52,
  "status": "ok"
}
--------------------------------------------------------------------------------
{
  "timestamp": "2026-02-22T15:38:53.785405",
  "device": "solar_panel",
  "panel_id": 3,
  "power_watts": 387,
  "temperature": 42,
  "status": "ok"
}
--------------------------------------------------------------------------------
{
  "timestamp": "2026-02-22T15:39:04.786977",
  "device": "solar_panel",
  "panel_id": 1,
  "power_watts": 408,
  "temperature": 48,
  "status": "ok"
}
--------------------------------------------------------------------------------
{
  "timestamp": "2026-02-22T15:39:05.787770",
  "device": "solar_panel",
  "panel_id": 2,
  "power_watts": 182,
  "temperature": 34,
  "status": "ok"
}
--------------------------------------------------------------------------------
{
  "timestamp": "2026-02-22T15:39:06.788714",
  "device": "solar_panel",
  "panel_id": 3,
  "power_watts": 362,
  "temperature": 41,
  "status": "ok"
}
--------------------------------------------------------------------------------
{
  "timestamp": "2026-02-22T15:39:17.789857",
  "device": "solar_panel",
  "panel_id": 1,
  "power_watts": 844,
  "temperature": 29,
  "status": "ok"
}
--------------------------------------------------------------------------------
{
  "timestamp": "2026-02-22T15:39:18.790802",
  "device": "solar_panel",
  "panel_id": 2,
  "power_watts": 345,
  "temperature": 35,
  "status": "ok"
}
--------------------------------------------------------------------------------
{
  "timestamp": "2026-02-22T15:39:19.793756",
  "device": "solar_panel",
  "panel_id": 3,
  "power_watts": 494,
  "temperature": 29,
  "status": "ok"
}
--------------------------------------------------------------------------------
{
  "timestamp": "2026-02-22T15:39:30.800105",
  "device": "solar_panel",
  "panel_id": 1,
  "power_watts": 700,
  "temperature": 58,
  "status": "ok"
}
--------------------------------------------------------------------------------
{
  "timestamp": "2026-02-22T15:39:31.801011",
  "device": "solar_panel",
  "panel_id": 2,
  "power_watts": 601,
  "temperature": 60,
  "status": "ok"
}
--------------------------------------------------------------------------------
{
  "timestamp": "2026-02-22T15:39:32.802296",
  "device": "solar_panel",
  "panel_id": 3,
  "power_watts": 568,
  "temperature": 35,
  "status": "ok"
}
--------------------------------------------------------------------------------
{
  "timestamp": "2026-02-22T15:39:43.804125",
  "device": "solar_panel",
  "panel_id": 1,
  "power_watts": 262,
  "temperature": 41,
  "status": "ok"
}
--------------------------------------------------------------------------------
{
  "timestamp": "2026-02-22T15:39:44.805129",
  "device": "solar_panel",
  "panel_id": 2,
  "power_watts": 255,
  "temperature": 53,
  "status": "ok"
}
--------------------------------------------------------------------------------
{
  "timestamp": "2026-02-22T15:39:45.806254",
  "device": "solar_panel",
  "panel_id": 3,
  "power_watts": 454,
  "temperature": 51,
  "status": "ok"
}
--------------------------------------------------------------------------------
{
  "timestamp": "2026-02-22T15:39:56.807644",
  "device": "solar_panel",
  "panel_id": 1,
  "power_watts": 518,
  "temperature": 26,
  "status": "ok"
}
--------------------------------------------------------------------------------
{
  "timestamp": "2026-02-22T15:39:57.809025",
  "device": "solar_panel",
  "panel_id": 2,
  "power_watts": 898,
  "temperature": 52,
  "status": "ok"
}
--------------------------------------------------------------------------------
{
  "timestamp": "2026-02-22T15:39:58.810200",
  "device": "solar_panel",
  "panel_id": 3,
  "power_watts": 957,
  "temperature": 53,
  "status": "ok"
}
--------------------------------------------------------------------------------
{
  "timestamp": "2026-02-22T15:40:09.811935",
  "device": "solar_panel",
  "panel_id": 1,
  "power_watts": 61,
  "temperature": 45,
  "status": "low_power"
}
--------------------------------------------------------------------------------
{
  "timestamp": "2026-02-22T15:40:10.812677",
  "device": "solar_panel",
  "panel_id": 2,
  "power_watts": 570,
  "temperature": 28,
  "status": "ok"
}
--------------------------------------------------------------------------------
{
  "timestamp": "2026-02-22T15:40:11.813634",
  "device": "solar_panel",
  "panel_id": 3,
  "power_watts": 103,
  "temperature": 36,
  "status": "ok"
}
--------------------------------------------------------------------------------
{
  "timestamp": "2026-02-22T15:40:22.814882",
  "device": "solar_panel",
  "panel_id": 1,
  "power_watts": 266,
  "temperature": 45,
  "status": "ok"
}
--------------------------------------------------------------------------------
{
  "timestamp": "2026-02-22T15:40:23.816235",
  "device": "solar_panel",
  "panel_id": 2,
  "power_watts": 917,
  "temperature": 48,
  "status": "ok"
}
--------------------------------------------------------------------------------
{
  "timestamp": "2026-02-22T15:40:24.816870",
  "device": "solar_panel",
  "panel_id": 3,
  "power_watts": 479,
  "temperature": 34,
  "status": "ok"
}
--------------------------------------------------------------------------------
{
  "timestamp": "2026-02-22T15:40:35.818072",
  "device": "solar_panel",
  "panel_id": 1,
  "power_watts": 153,
  "temperature": 54,
  "status": "ok"
}
--------------------------------------------------------------------------------
{
  "timestamp": "2026-02-22T15:40:36.818964",
  "device": "solar_panel",
  "panel_id": 2,
  "power_watts": 819,
  "temperature": 32,
  "status": "ok"
}
--------------------------------------------------------------------------------
{
  "timestamp": "2026-02-22T15:40:37.819924",
  "device": "solar_panel",
  "panel_id": 3,
  "power_watts": 394,
  "temperature": 54,
  "status": "ok"
}
--------------------------------------------------------------------------------
{
  "timestamp": "2026-02-22T15:40:48.821218",
  "device": "solar_panel",
  "panel_id": 1,
  "power_watts": 365,
  "temperature": 51,
  "status": "ok"
}
--------------------------------------------------------------------------------
{
  "timestamp": "2026-02-22T15:40:49.822855",
  "device": "solar_panel",
  "panel_id": 2,
  "power_watts": 550,
  "temperature": 40,
  "status": "ok"
}
--------------------------------------------------------------------------------
{
  "timestamp": "2026-02-22T15:40:50.824336",
  "device": "solar_panel",
  "panel_id": 3,
  "power_watts": 816,
  "temperature": 42,
  "status": "ok"
}
--------------------------------------------------------------------------------
{
  "timestamp": "2026-02-22T15:41:01.825978",
  "device": "solar_panel",
  "panel_id": 1,
  "power_watts": 628,
  "temperature": 30,
  "status": "ok"
}
--------------------------------------------------------------------------------
{
  "timestamp": "2026-02-22T15:41:02.826697",
  "device": "solar_panel",
  "panel_id": 2,
  "power_watts": 320,
  "temperature": 30,
  "status": "ok"
}
--------------------------------------------------------------------------------
{
  "timestamp": "2026-02-22T15:41:03.827493",
  "device": "solar_panel",
  "panel_id": 3,
  "power_watts": 99,
  "temperature": 39,
  "status": "low_power"
}
--------------------------------------------------------------------------------
{
  "timestamp": "2026-02-22T15:41:14.829081",
  "device": "solar_panel",
  "panel_id": 1,
  "power_watts": 563,
  "temperature": 47,
  "status": "ok"
}
--------------------------------------------------------------------------------
{
  "timestamp": "2026-02-22T15:41:15.830395",
  "device": "solar_panel",
  "panel_id": 2,
  "power_watts": 218,
  "temperature": 38,
  "status": "ok"
}
--------------------------------------------------------------------------------
{
  "timestamp": "2026-02-22T15:41:16.831559",
  "device": "solar_panel",
  "panel_id": 3,
  "power_watts": 767,
  "temperature": 57,
  "status": "ok"
}
--------------------------------------------------------------------------------
{
  "timestamp": "2026-02-22T15:41:27.833078",
  "device": "solar_panel",
  "panel_id": 1,
  "power_watts": 380,
  "temperature": 31,
  "status": "ok"
}
--------------------------------------------------------------------------------
{
  "timestamp": "2026-02-22T15:41:28.833867",
  "device": "solar_panel",
  "panel_id": 2,
  "power_watts": 566,
  "temperature": 41,
  "status": "ok"
}
--------------------------------------------------------------------------------
{
  "timestamp": "2026-02-22T15:41:29.835006",
  "device": "solar_panel",
  "panel_id": 3,
  "power_watts": 756,
  "temperature": 58,
  "status": "ok"
}
--------------------------------------------------------------------------------
{
  "timestamp": "2026-02-22T15:41:40.836416",
  "device": "solar_panel",
  "panel_id": 1,
  "power_watts": 641,
  "temperature": 35,
  "status": "ok"
}
--------------------------------------------------------------------------------
{
  "timestamp": "2026-02-22T15:41:41.837386",
  "device": "solar_panel",
  "panel_id": 2,
  "power_watts": 69,
  "temperature": 43,
  "status": "low_power"
}
--------------------------------------------------------------------------------
{
  "timestamp": "2026-02-22T15:41:42.838421",
  "device": "solar_panel",
  "panel_id": 3,
  "power_watts": 125,
  "temperature": 32,
  "status": "ok"
}
--------------------------------------------------------------------------------
{
  "timestamp": "2026-02-22T15:41:53.839445",
  "device": "solar_panel",
  "panel_id": 1,
  "power_watts": 242,
  "temperature": 28,
  "status": "ok"
}
--------------------------------------------------------------------------------
{
  "timestamp": "2026-02-22T15:41:54.840377",
  "device": "solar_panel",
  "panel_id": 2,
  "power_watts": 609,
  "temperature": 52,
  "status": "ok"
}
--------------------------------------------------------------------------------
{
  "timestamp": "2026-02-22T15:41:55.841091",
  "device": "solar_panel",
  "panel_id": 3,
  "power_watts": 406,
  "temperature": 59,
  "status": "ok"
}
--------------------------------------------------------------------------------
{
  "timestamp": "2026-02-22T15:42:06.842080",
  "device": "solar_panel",
  "panel_id": 1,
  "power_watts": 947,
  "temperature": 32,
  "status": "ok"
}
--------------------------------------------------------------------------------
{
  "timestamp": "2026-02-22T15:42:07.843587",
  "device": "solar_panel",
  "panel_id": 2,
  "power_watts": 568,
  "temperature": 53,
  "status": "ok"
}
--------------------------------------------------------------------------------
{
  "timestamp": "2026-02-22T15:42:08.844494",
  "device": "solar_panel",
  "panel_id": 3,
  "power_watts": 544,
  "temperature": 48,
  "status": "ok"
}
--------------------------------------------------------------------------------
{
  "timestamp": "2026-02-22T15:42:19.845746",
  "device": "solar_panel",
  "panel_id": 1,
  "power_watts": 224,
  "temperature": 44,
  "status": "ok"
}
--------------------------------------------------------------------------------
{
  "timestamp": "2026-02-22T15:42:20.846673",
  "device": "solar_panel",
  "panel_id": 2,
  "power_watts": 393,
  "temperature": 30,
  "status": "ok"
}
--------------------------------------------------------------------------------
{
  "timestamp": "2026-02-22T15:42:21.847808",
  "device": "solar_panel",
  "panel_id": 3,
  "power_watts": 952,
  "temperature": 51,
  "status": "ok"
}
--------------------------------------------------------------------------------
{
  "timestamp": "2026-02-22T15:42:32.849315",
  "device": "solar_panel",
  "panel_id": 1,
  "power_watts": 472,
  "temperature": 60,
  "status": "ok"
}
--------------------------------------------------------------------------------
{
  "timestamp": "2026-02-22T15:42:33.850578",
  "device": "solar_panel",
  "panel_id": 2,
  "power_watts": 752,
  "temperature": 45,
  "status": "ok"
}
--------------------------------------------------------------------------------
{
  "timestamp": "2026-02-22T15:42:34.851367",
  "device": "solar_panel",
  "panel_id": 3,
  "power_watts": 67,
  "temperature": 31,
  "status": "low_power"
}
--------------------------------------------------------------------------------
{
  "timestamp": "2026-02-22T15:42:45.852478",
  "device": "solar_panel",
  "panel_id": 1,
  "power_watts": 639,
  "temperature": 44,
  "status": "ok"
}
--------------------------------------------------------------------------------
{
  "timestamp": "2026-02-22T15:42:46.853412",
  "device": "solar_panel",
  "panel_id": 2,
  "power_watts": 394,
  "temperature": 52,
  "status": "ok"
}
--------------------------------------------------------------------------------
{
  "timestamp": "2026-02-22T15:42:47.854502",
  "device": "solar_panel",
  "panel_id": 3,
  "power_watts": 814,
  "temperature": 33,
  "status": "ok"
}
--------------------------------------------------------------------------------
{
  "timestamp": "2026-02-22T15:42:58.855595",
  "device": "solar_panel",
  "panel_id": 1,
  "power_watts": 774,
  "temperature": 57,
  "status": "ok"
}
--------------------------------------------------------------------------------
{
  "timestamp": "2026-02-22T15:42:59.856902",
  "device": "solar_panel",
  "panel_id": 2,
  "power_watts": 63,
  "temperature": 47,
  "status": "low_power"
}
--------------------------------------------------------------------------------
{
  "timestamp": "2026-02-22T15:43:00.857662",
  "device": "solar_panel",
  "panel_id": 3,
  "power_watts": 768,
  "temperature": 31,
  "status": "ok"
}
--------------------------------------------------------------------------------
{
  "timestamp": "2026-02-22T15:43:11.858925",
  "device": "solar_panel",
  "panel_id": 1,
  "power_watts": 658,
  "temperature": 60,
  "status": "ok"
}
--------------------------------------------------------------------------------
{
  "timestamp": "2026-02-22T15:43:12.860068",
  "device": "solar_panel",
  "panel_id": 2,
  "power_watts": 225,
  "temperature": 50,
  "status": "ok"
}
--------------------------------------------------------------------------------
{
  "timestamp": "2026-02-22T15:43:13.861276",
  "device": "solar_panel",
  "panel_id": 3,
  "power_watts": 801,
  "temperature": 53,
  "status": "ok"
}
--------------------------------------------------------------------------------
{
  "timestamp": "2026-02-22T15:43:24.862502",
  "device": "solar_panel",
  "panel_id": 1,
  "power_watts": 878,
  "temperature": 53,
  "status": "ok"
}
--------------------------------------------------------------------------------
{
  "timestamp": "2026-02-22T15:43:25.863583",
  "device": "solar_panel",
  "panel_id": 2,
  "power_watts": 420,
  "temperature": 36,
  "status": "ok"
}
--------------------------------------------------------------------------------
{
  "timestamp": "2026-02-22T15:43:26.864302",
  "device": "solar_panel",
  "panel_id": 3,
  "power_watts": 275,
  "temperature": 36,
  "status": "ok"
}
--------------------------------------------------------------------------------
{
  "timestamp": "2026-02-22T15:43:37.866045",
  "device": "solar_panel",
  "panel_id": 1,
  "power_watts": 825,
  "temperature": 49,
  "status": "ok"
}
--------------------------------------------------------------------------------
{
  "timestamp": "2026-02-22T15:43:38.867363",
  "device": "solar_panel",
  "panel_id": 2,
  "power_watts": 331,
  "temperature": 53,
  "status": "ok"
}
--------------------------------------------------------------------------------
{
  "timestamp": "2026-02-22T15:43:39.868255",
  "device": "solar_panel",
  "panel_id": 3,
  "power_watts": 312,
  "temperature": 49,
  "status": "ok"
}
--------------------------------------------------------------------------------
{
  "timestamp": "2026-02-22T15:43:50.869351",
  "device": "solar_panel",
  "panel_id": 1,
  "power_watts": 497,
  "temperature": 28,
  "status": "ok"
}
--------------------------------------------------------------------------------
{
  "timestamp": "2026-02-22T15:43:51.870303",
  "device": "solar_panel",
  "panel_id": 2,
  "power_watts": 89,
  "temperature": 53,
  "status": "low_power"
}
--------------------------------------------------------------------------------
{
  "timestamp": "2026-02-22T15:43:52.871127",
  "device": "solar_panel",
  "panel_id": 3,
  "power_watts": 976,
  "temperature": 40,
  "status": "ok"
}
--------------------------------------------------------------------------------
{
  "timestamp": "2026-02-22T15:44:03.872343",
  "device": "solar_panel",
  "panel_id": 1,
  "power_watts": 913,
  "temperature": 48,
  "status": "ok"
}
--------------------------------------------------------------------------------
{
  "timestamp": "2026-02-22T15:44:04.873448",
  "device": "solar_panel",
  "panel_id": 2,
  "power_watts": 913,
  "temperature": 37,
  "status": "ok"
}
--------------------------------------------------------------------------------
{
  "timestamp": "2026-02-22T15:44:05.874309",
  "device": "solar_panel",
  "panel_id": 3,
  "power_watts": 747,
  "temperature": 34,
  "status": "ok"
}
--------------------------------------------------------------------------------
{
  "timestamp": "2026-02-22T15:44:16.875550",
  "device": "solar_panel",
  "panel_id": 1,
  "power_watts": 616,
  "temperature": 38,
  "status": "ok"
}
--------------------------------------------------------------------------------
{
  "timestamp": "2026-02-22T15:44:17.876762",
  "device": "solar_panel",
  "panel_id": 2,
  "power_watts": 574,
  "temperature": 34,
  "status": "ok"
}
--------------------------------------------------------------------------------
{
  "timestamp": "2026-02-22T15:44:18.877927",
  "device": "solar_panel",
  "panel_id": 3,
  "power_watts": 200,
  "temperature": 53,
  "status": "ok"
}
--------------------------------------------------------------------------------
{
  "timestamp": "2026-02-22T15:44:29.878835",
  "device": "solar_panel",
  "panel_id": 1,
  "power_watts": 703,
  "temperature": 50,
  "status": "ok"
}
--------------------------------------------------------------------------------
{
  "timestamp": "2026-02-22T15:44:30.879812",
  "device": "solar_panel",
  "panel_id": 2,
  "power_watts": 128,
  "temperature": 30,
  "status": "ok"
}
--------------------------------------------------------------------------------
{
  "timestamp": "2026-02-22T15:44:31.880828",
  "device": "solar_panel",
  "panel_id": 3,
  "power_watts": 230,
  "temperature": 59,
  "status": "ok"
}
--------------------------------------------------------------------------------
{
  "timestamp": "2026-02-22T15:44:42.882126",
  "device": "solar_panel",
  "panel_id": 1,
  "power_watts": 76,
  "temperature": 25,
  "status": "low_power"
}
--------------------------------------------------------------------------------
{
  "timestamp": "2026-02-22T15:44:43.882920",
  "device": "solar_panel",
  "panel_id": 2,
  "power_watts": 789,
  "temperature": 37,
  "status": "ok"
}
--------------------------------------------------------------------------------
{
  "timestamp": "2026-02-22T15:44:44.884186",
  "device": "solar_panel",
  "panel_id": 3,
  "power_watts": 389,
  "temperature": 57,
  "status": "ok"
}
--------------------------------------------------------------------------------
{
  "timestamp": "2026-02-22T15:44:55.885162",
  "device": "solar_panel",
  "panel_id": 1,
  "power_watts": 833,
  "temperature": 45,
  "status": "ok"
}
--------------------------------------------------------------------------------
{
  "timestamp": "2026-02-22T15:44:56.885875",
  "device": "solar_panel",
  "panel_id": 2,
  "power_watts": 296,
  "temperature": 27,
  "status": "ok"
}
--------------------------------------------------------------------------------
{
  "timestamp": "2026-02-22T15:44:57.887174",
  "device": "solar_panel",
  "panel_id": 3,
  "power_watts": 315,
  "temperature": 34,
  "status": "ok"
}
--------------------------------------------------------------------------------
{
  "timestamp": "2026-02-22T15:45:08.888536",
  "device": "solar_panel",
  "panel_id": 1,
  "power_watts": 649,
  "temperature": 54,
  "status": "ok"
}
--------------------------------------------------------------------------------
{
  "timestamp": "2026-02-22T15:45:09.889701",
  "device": "solar_panel",
  "panel_id": 2,
  "power_watts": 344,
  "temperature": 33,
  "status": "ok"
}
--------------------------------------------------------------------------------
{
  "timestamp": "2026-02-22T15:45:10.890365",
  "device": "solar_panel",
  "panel_id": 3,
  "power_watts": 658,
  "temperature": 43,
  "status": "ok"
}
--------------------------------------------------------------------------------
{
  "timestamp": "2026-02-22T15:45:21.891807",
  "device": "solar_panel",
  "panel_id": 1,
  "power_watts": 304,
  "temperature": 34,
  "status": "ok"
}
--------------------------------------------------------------------------------
{
  "timestamp": "2026-02-22T15:45:22.892904",
  "device": "solar_panel",
  "panel_id": 2,
  "power_watts": 941,
  "temperature": 30,
  "status": "ok"
}
--------------------------------------------------------------------------------
{
  "timestamp": "2026-02-22T15:45:23.893635",
  "device": "solar_panel",
  "panel_id": 3,
  "power_watts": 84,
  "temperature": 42,
  "status": "low_power"
}
--------------------------------------------------------------------------------
{
  "timestamp": "2026-02-22T15:45:34.895233",
  "device": "solar_panel",
  "panel_id": 1,
  "power_watts": 542,
  "temperature": 46,
  "status": "ok"
}
--------------------------------------------------------------------------------
{
  "timestamp": "2026-02-22T15:45:35.896240",
  "device": "solar_panel",
  "panel_id": 2,
  "power_watts": 574,
  "temperature": 55,
  "status": "ok"
}
--------------------------------------------------------------------------------
{
  "timestamp": "2026-02-22T15:45:36.897474",
  "device": "solar_panel",
  "panel_id": 3,
  "power_watts": 751,
  "temperature": 55,
  "status": "ok"
}
--------------------------------------------------------------------------------
{
  "timestamp": "2026-02-22T15:45:47.898829",
  "device": "solar_panel",
  "panel_id": 1,
  "power_watts": 660,
  "temperature": 55,
  "status": "ok"
}
--------------------------------------------------------------------------------
{
  "timestamp": "2026-02-22T15:45:48.900855",
  "device": "solar_panel",
  "panel_id": 2,
  "power_watts": 437,
  "temperature": 32,
  "status": "ok"
}
--------------------------------------------------------------------------------
{
  "timestamp": "2026-02-22T15:45:49.902693",
  "device": "solar_panel",
  "panel_id": 3,
  "power_watts": 420,
  "temperature": 33,
  "status": "ok"
}
--------------------------------------------------------------------------------
{
  "timestamp": "2026-02-22T15:46:00.904315",
  "device": "solar_panel",
  "panel_id": 1,
  "power_watts": 342,
  "temperature": 49,
  "status": "ok"
}
--------------------------------------------------------------------------------
{
  "timestamp": "2026-02-22T15:46:01.905786",
  "device": "solar_panel",
  "panel_id": 2,
  "power_watts": 989,
  "temperature": 33,
  "status": "ok"
}
--------------------------------------------------------------------------------
{
  "timestamp": "2026-02-22T15:46:02.907046",
  "device": "solar_panel",
  "panel_id": 3,
  "power_watts": 997,
  "temperature": 38,
  "status": "ok"
}
--------------------------------------------------------------------------------
{
  "timestamp": "2026-02-22T15:46:13.908388",
  "device": "solar_panel",
  "panel_id": 1,
  "power_watts": 403,
  "temperature": 59,
  "status": "ok"
}
--------------------------------------------------------------------------------
{
  "timestamp": "2026-02-22T15:46:14.909111",
  "device": "solar_panel",
  "panel_id": 2,
  "power_watts": 115,
  "temperature": 35,
  "status": "ok"
}
--------------------------------------------------------------------------------
{
  "timestamp": "2026-02-22T15:46:15.910227",
  "device": "solar_panel",
  "panel_id": 3,
  "power_watts": 621,
  "temperature": 32,
  "status": "ok"
}
--------------------------------------------------------------------------------
{
  "timestamp": "2026-02-22T15:46:26.911507",
  "device": "solar_panel",
  "panel_id": 1,
  "power_watts": 296,
  "temperature": 49,
  "status": "ok"
}
--------------------------------------------------------------------------------
{
  "timestamp": "2026-02-22T15:46:27.912937",
  "device": "solar_panel",
  "panel_id": 2,
  "power_watts": 878,
  "temperature": 38,
  "status": "ok"
}
--------------------------------------------------------------------------------
{
  "timestamp": "2026-02-22T15:46:28.913744",
  "device": "solar_panel",
  "panel_id": 3,
  "power_watts": 715,
  "temperature": 49,
  "status": "ok"
}
--------------------------------------------------------------------------------
{
  "timestamp": "2026-02-22T15:46:39.917154",
  "device": "solar_panel",
  "panel_id": 1,
  "power_watts": 940,
  "temperature": 37,
  "status": "ok"
}
--------------------------------------------------------------------------------
{
  "timestamp": "2026-02-22T15:46:40.918920",
  "device": "solar_panel",
  "panel_id": 2,
  "power_watts": 907,
  "temperature": 50,
  "status": "ok"
}
--------------------------------------------------------------------------------
{
  "timestamp": "2026-02-22T15:46:41.920001",
  "device": "solar_panel",
  "panel_id": 3,
  "power_watts": 111,
  "temperature": 30,
  "status": "ok"
}
--------------------------------------------------------------------------------
{
  "timestamp": "2026-02-22T15:46:52.921504",
  "device": "solar_panel",
  "panel_id": 1,
  "power_watts": 936,
  "temperature": 38,
  "status": "ok"
}
--------------------------------------------------------------------------------
{
  "timestamp": "2026-02-22T15:46:53.933929",
  "device": "solar_panel",
  "panel_id": 2,
  "power_watts": 73,
  "temperature": 55,
  "status": "low_power"
}
--------------------------------------------------------------------------------
{
  "timestamp": "2026-02-22T15:46:54.990866",
  "device": "solar_panel",
  "panel_id": 3,
  "power_watts": 898,
  "temperature": 32,
  "status": "ok"
}
--------------------------------------------------------------------------------
{
  "timestamp": "2026-02-22T15:47:05.991767",
  "device": "solar_panel",
  "panel_id": 1,
  "power_watts": 677,
  "temperature": 33,
  "status": "ok"
}
--------------------------------------------------------------------------------
{
  "timestamp": "2026-02-22T15:47:06.992657",
  "device": "solar_panel",
  "panel_id": 2,
  "power_watts": 557,
  "temperature": 28,
  "status": "ok"
}
--------------------------------------------------------------------------------
{
  "timestamp": "2026-02-22T15:47:07.993414",
  "device": "solar_panel",
  "panel_id": 3,
  "power_watts": 788,
  "temperature": 28,
  "status": "ok"
}
--------------------------------------------------------------------------------
{
  "timestamp": "2026-02-22T15:47:18.994971",
  "device": "solar_panel",
  "panel_id": 1,
  "power_watts": 182,
  "temperature": 55,
  "status": "ok"
}
--------------------------------------------------------------------------------
{
  "timestamp": "2026-02-22T15:47:19.995859",
  "device": "solar_panel",
  "panel_id": 2,
  "power_watts": 373,
  "temperature": 59,
  "status": "ok"
}
--------------------------------------------------------------------------------
{
  "timestamp": "2026-02-22T15:47:20.996667",
  "device": "solar_panel",
  "panel_id": 3,
  "power_watts": 786,
  "temperature": 47,
  "status": "ok"
}
--------------------------------------------------------------------------------
{
  "timestamp": "2026-02-22T15:47:31.998264",
  "device": "solar_panel",
  "panel_id": 1,
  "power_watts": 223,
  "temperature": 25,
  "status": "ok"
}
--------------------------------------------------------------------------------
{
  "timestamp": "2026-02-22T15:47:32.999561",
  "device": "solar_panel",
  "panel_id": 2,
  "power_watts": 894,
  "temperature": 51,
  "status": "ok"
}
--------------------------------------------------------------------------------
{
  "timestamp": "2026-02-22T15:47:34.000289",
  "device": "solar_panel",
  "panel_id": 3,
  "power_watts": 943,
  "temperature": 45,
  "status": "ok"
}
--------------------------------------------------------------------------------
{
  "timestamp": "2026-02-22T15:47:45.022757",
  "device": "solar_panel",
  "panel_id": 1,
  "power_watts": 294,
  "temperature": 28,
  "status": "ok"
}
--------------------------------------------------------------------------------
{
  "timestamp": "2026-02-22T15:47:46.024620",
  "device": "solar_panel",
  "panel_id": 2,
  "power_watts": 903,
  "temperature": 58,
  "status": "ok"
}
--------------------------------------------------------------------------------
{
  "timestamp": "2026-02-22T15:47:47.025381",
  "device": "solar_panel",
  "panel_id": 3,
  "power_watts": 306,
  "temperature": 39,
  "status": "ok"
}
--------------------------------------------------------------------------------
{
  "timestamp": "2026-02-22T15:47:58.026999",
  "device": "solar_panel",
  "panel_id": 1,
  "power_watts": 778,
  "temperature": 48,
  "status": "ok"
}
--------------------------------------------------------------------------------
{
  "timestamp": "2026-02-22T15:47:59.027696",
  "device": "solar_panel",
  "panel_id": 2,
  "power_watts": 667,
  "temperature": 55,
  "status": "ok"
}
--------------------------------------------------------------------------------
{
  "timestamp": "2026-02-22T15:48:00.028516",
  "device": "solar_panel",
  "panel_id": 3,
  "power_watts": 789,
  "temperature": 58,
  "status": "ok"
}
--------------------------------------------------------------------------------
{
  "timestamp": "2026-02-22T15:48:11.030361",
  "device": "solar_panel",
  "panel_id": 1,
  "power_watts": 578,
  "temperature": 56,
  "status": "ok"
}
--------------------------------------------------------------------------------
{
  "timestamp": "2026-02-22T15:48:12.031250",
  "device": "solar_panel",
  "panel_id": 2,
  "power_watts": 911,
  "temperature": 26,
  "status": "ok"
}
--------------------------------------------------------------------------------
{
  "timestamp": "2026-02-22T15:48:13.032378",
  "device": "solar_panel",
  "panel_id": 3,
  "power_watts": 542,
  "temperature": 27,
  "status": "ok"
}
--------------------------------------------------------------------------------
{
  "timestamp": "2026-02-22T15:48:24.033827",
  "device": "solar_panel",
  "panel_id": 1,
  "power_watts": 225,
  "temperature": 27,
  "status": "ok"
}
--------------------------------------------------------------------------------
{
  "timestamp": "2026-02-22T15:48:25.034960",
  "device": "solar_panel",
  "panel_id": 2,
  "power_watts": 495,
  "temperature": 33,
  "status": "ok"
}
--------------------------------------------------------------------------------
{
  "timestamp": "2026-02-22T15:48:26.035958",
  "device": "solar_panel",
  "panel_id": 3,
  "power_watts": 77,
  "temperature": 34,
  "status": "low_power"
}
--------------------------------------------------------------------------------
{
  "timestamp": "2026-02-22T15:48:37.037137",
  "device": "solar_panel",
  "panel_id": 1,
  "power_watts": 613,
  "temperature": 44,
  "status": "ok"
}
--------------------------------------------------------------------------------
{
  "timestamp": "2026-02-22T15:48:38.037776",
  "device": "solar_panel",
  "panel_id": 2,
  "power_watts": 505,
  "temperature": 55,
  "status": "ok"
}
--------------------------------------------------------------------------------
{
  "timestamp": "2026-02-22T15:48:39.038730",
  "device": "solar_panel",
  "panel_id": 3,
  "power_watts": 925,
  "temperature": 49,
  "status": "ok"
}
--------------------------------------------------------------------------------
{
  "timestamp": "2026-02-22T15:48:50.040290",
  "device": "solar_panel",
  "panel_id": 1,
  "power_watts": 111,
  "temperature": 37,
  "status": "ok"
}
--------------------------------------------------------------------------------
{
  "timestamp": "2026-02-22T15:48:51.041487",
  "device": "solar_panel",
  "panel_id": 2,
  "power_watts": 859,
  "temperature": 47,
  "status": "ok"
}
--------------------------------------------------------------------------------
{
  "timestamp": "2026-02-22T15:48:52.042505",
  "device": "solar_panel",
  "panel_id": 3,
  "power_watts": 183,
  "temperature": 33,
  "status": "ok"
}
--------------------------------------------------------------------------------
{
  "timestamp": "2026-02-22T15:49:03.043514",
  "device": "solar_panel",
  "panel_id": 1,
  "power_watts": 458,
  "temperature": 34,
  "status": "ok"
}
--------------------------------------------------------------------------------
{
  "timestamp": "2026-02-22T15:49:04.044639",
  "device": "solar_panel",
  "panel_id": 2,
  "power_watts": 807,
  "temperature": 58,
  "status": "ok"
}
--------------------------------------------------------------------------------
{
  "timestamp": "2026-02-22T15:49:05.045701",
  "device": "solar_panel",
  "panel_id": 3,
  "power_watts": 902,
  "temperature": 57,
  "status": "ok"
}
--------------------------------------------------------------------------------
{
  "timestamp": "2026-02-22T15:49:16.046956",
  "device": "solar_panel",
  "panel_id": 1,
  "power_watts": 70,
  "temperature": 25,
  "status": "low_power"
}
--------------------------------------------------------------------------------
{
  "timestamp": "2026-02-22T15:49:17.047967",
  "device": "solar_panel",
  "panel_id": 2,
  "power_watts": 800,
  "temperature": 49,
  "status": "ok"
}
--------------------------------------------------------------------------------
{
  "timestamp": "2026-02-22T15:49:18.048838",
  "device": "solar_panel",
  "panel_id": 3,
  "power_watts": 827,
  "temperature": 59,
  "status": "ok"
}
--------------------------------------------------------------------------------
{
  "timestamp": "2026-02-22T15:49:29.049863",
  "device": "solar_panel",
  "panel_id": 1,
  "power_watts": 159,
  "temperature": 38,
  "status": "ok"
}
--------------------------------------------------------------------------------
{
  "timestamp": "2026-02-22T15:49:30.050713",
  "device": "solar_panel",
  "panel_id": 2,
  "power_watts": 571,
  "temperature": 27,
  "status": "ok"
}
--------------------------------------------------------------------------------
{
  "timestamp": "2026-02-22T15:49:31.052575",
  "device": "solar_panel",
  "panel_id": 3,
  "power_watts": 106,
  "temperature": 36,
  "status": "ok"
}
--------------------------------------------------------------------------------
{
  "timestamp": "2026-02-22T15:49:42.054197",
  "device": "solar_panel",
  "panel_id": 1,
  "power_watts": 491,
  "temperature": 27,
  "status": "ok"
}
--------------------------------------------------------------------------------
{
  "timestamp": "2026-02-22T15:49:43.055091",
  "device": "solar_panel",
  "panel_id": 2,
  "power_watts": 647,
  "temperature": 40,
  "status": "ok"
}
--------------------------------------------------------------------------------
{
  "timestamp": "2026-02-22T15:49:44.056005",
  "device": "solar_panel",
  "panel_id": 3,
  "power_watts": 839,
  "temperature": 28,
  "status": "ok"
}
--------------------------------------------------------------------------------
{
  "timestamp": "2026-02-22T15:49:55.057264",
  "device": "solar_panel",
  "panel_id": 1,
  "power_watts": 183,
  "temperature": 50,
  "status": "ok"
}
--------------------------------------------------------------------------------
{
  "timestamp": "2026-02-22T15:49:56.058111",
  "device": "solar_panel",
  "panel_id": 2,
  "power_watts": 770,
  "temperature": 33,
  "status": "ok"
}
--------------------------------------------------------------------------------
{
  "timestamp": "2026-02-22T15:49:57.059090",
  "device": "solar_panel",
  "panel_id": 3,
  "power_watts": 603,
  "temperature": 25,
  "status": "ok"
}
--------------------------------------------------------------------------------
{
  "timestamp": "2026-02-22T15:50:08.060464",
  "device": "solar_panel",
  "panel_id": 1,
  "power_watts": 634,
  "temperature": 59,
  "status": "ok"
}
--------------------------------------------------------------------------------
{
  "timestamp": "2026-02-22T15:50:09.061103",
  "device": "solar_panel",
  "panel_id": 2,
  "power_watts": 753,
  "temperature": 30,
  "status": "ok"
}
--------------------------------------------------------------------------------
{
  "timestamp": "2026-02-22T15:50:10.062070",
  "device": "solar_panel",
  "panel_id": 3,
  "power_watts": 422,
  "temperature": 58,
  "status": "ok"
}
--------------------------------------------------------------------------------
{
  "timestamp": "2026-02-22T15:50:21.063109",
  "device": "solar_panel",
  "panel_id": 1,
  "power_watts": 690,
  "temperature": 43,
  "status": "ok"
}
--------------------------------------------------------------------------------
{
  "timestamp": "2026-02-22T15:50:22.064130",
  "device": "solar_panel",
  "panel_id": 2,
  "power_watts": 339,
  "temperature": 42,
  "status": "ok"
}
--------------------------------------------------------------------------------
{
  "timestamp": "2026-02-22T15:50:23.065261",
  "device": "solar_panel",
  "panel_id": 3,
  "power_watts": 466,
  "temperature": 29,
  "status": "ok"
}
--------------------------------------------------------------------------------
{
  "timestamp": "2026-02-22T15:50:34.066707",
  "device": "solar_panel",
  "panel_id": 1,
  "power_watts": 635,
  "temperature": 27,
  "status": "ok"
}
--------------------------------------------------------------------------------
{
  "timestamp": "2026-02-22T15:50:35.067944",
  "device": "solar_panel",
  "panel_id": 2,
  "power_watts": 849,
  "temperature": 42,
  "status": "ok"
}
--------------------------------------------------------------------------------
{
  "timestamp": "2026-02-22T15:50:36.068905",
  "device": "solar_panel",
  "panel_id": 3,
  "power_watts": 450,
  "temperature": 34,
  "status": "ok"
}
--------------------------------------------------------------------------------
{
  "timestamp": "2026-02-22T15:50:47.070603",
  "device": "solar_panel",
  "panel_id": 1,
  "power_watts": 732,
  "temperature": 57,
  "status": "ok"
}
--------------------------------------------------------------------------------
{
  "timestamp": "2026-02-22T15:50:48.071361",
  "device": "solar_panel",
  "panel_id": 2,
  "power_watts": 448,
  "temperature": 39,
  "status": "ok"
}
--------------------------------------------------------------------------------
{
  "timestamp": "2026-02-22T15:50:49.072100",
  "device": "solar_panel",
  "panel_id": 3,
  "power_watts": 512,
  "temperature": 60,
  "status": "ok"
}
--------------------------------------------------------------------------------
{
  "timestamp": "2026-02-22T15:51:00.073590",
  "device": "solar_panel",
  "panel_id": 1,
  "power_watts": 360,
  "temperature": 26,
  "status": "ok"
}
--------------------------------------------------------------------------------
{
  "timestamp": "2026-02-22T15:51:01.075122",
  "device": "solar_panel",
  "panel_id": 2,
  "power_watts": 285,
  "temperature": 34,
  "status": "ok"
}
--------------------------------------------------------------------------------
{
  "timestamp": "2026-02-22T15:51:02.075870",
  "device": "solar_panel",
  "panel_id": 3,
  "power_watts": 394,
  "temperature": 46,
  "status": "ok"
}
--------------------------------------------------------------------------------
{
  "timestamp": "2026-02-22T15:51:13.077209",
  "device": "solar_panel",
  "panel_id": 1,
  "power_watts": 557,
  "temperature": 43,
  "status": "ok"
}
--------------------------------------------------------------------------------
{
  "timestamp": "2026-02-22T15:51:14.078338",
  "device": "solar_panel",
  "panel_id": 2,
  "power_watts": 657,
  "temperature": 28,
  "status": "ok"
}
--------------------------------------------------------------------------------
{
  "timestamp": "2026-02-22T15:51:15.079533",
  "device": "solar_panel",
  "panel_id": 3,
  "power_watts": 657,
  "temperature": 26,
  "status": "ok"
}
--------------------------------------------------------------------------------
{
  "timestamp": "2026-02-22T15:51:26.081308",
  "device": "solar_panel",
  "panel_id": 1,
  "power_watts": 437,
  "temperature": 51,
  "status": "ok"
}
--------------------------------------------------------------------------------
{
  "timestamp": "2026-02-22T15:51:27.082739",
  "device": "solar_panel",
  "panel_id": 2,
  "power_watts": 577,
  "temperature": 50,
  "status": "ok"
}
--------------------------------------------------------------------------------
{
  "timestamp": "2026-02-22T15:51:28.083725",
  "device": "solar_panel",
  "panel_id": 3,
  "power_watts": 886,
  "temperature": 45,
  "status": "ok"
}
--------------------------------------------------------------------------------
{
  "timestamp": "2026-02-22T15:51:39.085196",
  "device": "solar_panel",
  "panel_id": 1,
  "power_watts": 365,
  "temperature": 59,
  "status": "ok"
}
--------------------------------------------------------------------------------
{
  "timestamp": "2026-02-22T15:51:40.086406",
  "device": "solar_panel",
  "panel_id": 2,
  "power_watts": 762,
  "temperature": 39,
  "status": "ok"
}
--------------------------------------------------------------------------------
{
  "timestamp": "2026-02-22T15:51:41.087402",
  "device": "solar_panel",
  "panel_id": 3,
  "power_watts": 540,
  "temperature": 38,
  "status": "ok"
}
--------------------------------------------------------------------------------
{
  "timestamp": "2026-02-22T15:51:52.089093",
  "device": "solar_panel",
  "panel_id": 1,
  "power_watts": 947,
  "temperature": 29,
  "status": "ok"
}
--------------------------------------------------------------------------------
{
  "timestamp": "2026-02-22T15:51:53.090271",
  "device": "solar_panel",
  "panel_id": 2,
  "power_watts": 971,
  "temperature": 40,
  "status": "ok"
}
--------------------------------------------------------------------------------
{
  "timestamp": "2026-02-22T15:51:54.091376",
  "device": "solar_panel",
  "panel_id": 3,
  "power_watts": 333,
  "temperature": 25,
  "status": "ok"
}
--------------------------------------------------------------------------------
{
  "timestamp": "2026-02-22T15:52:05.092721",
  "device": "solar_panel",
  "panel_id": 1,
  "power_watts": 441,
  "temperature": 60,
  "status": "ok"
}
--------------------------------------------------------------------------------
{
  "timestamp": "2026-02-22T15:52:06.093984",
  "device": "solar_panel",
  "panel_id": 2,
  "power_watts": 59,
  "temperature": 49,
  "status": "low_power"
}
--------------------------------------------------------------------------------
{
  "timestamp": "2026-02-22T15:52:07.095059",
  "device": "solar_panel",
  "panel_id": 3,
  "power_watts": 127,
  "temperature": 43,
  "status": "ok"
}
--------------------------------------------------------------------------------
{
  "timestamp": "2026-02-22T15:52:18.096313",
  "device": "solar_panel",
  "panel_id": 1,
  "power_watts": 392,
  "temperature": 37,
  "status": "ok"
}
--------------------------------------------------------------------------------
{
  "timestamp": "2026-02-22T15:52:19.097140",
  "device": "solar_panel",
  "panel_id": 2,
  "power_watts": 551,
  "temperature": 46,
  "status": "ok"
}
--------------------------------------------------------------------------------
{
  "timestamp": "2026-02-22T15:52:20.098005",
  "device": "solar_panel",
  "panel_id": 3,
  "power_watts": 736,
  "temperature": 59,
  "status": "ok"
}
--------------------------------------------------------------------------------
{
  "timestamp": "2026-02-22T15:52:31.099695",
  "device": "solar_panel",
  "panel_id": 1,
  "power_watts": 84,
  "temperature": 60,
  "status": "low_power"
}
--------------------------------------------------------------------------------
{
  "timestamp": "2026-02-22T15:52:32.101067",
  "device": "solar_panel",
  "panel_id": 2,
  "power_watts": 155,
  "temperature": 30,
  "status": "ok"
}
--------------------------------------------------------------------------------
{
  "timestamp": "2026-02-22T15:52:33.101843",
  "device": "solar_panel",
  "panel_id": 3,
  "power_watts": 663,
  "temperature": 54,
  "status": "ok"
}
--------------------------------------------------------------------------------
{
  "timestamp": "2026-02-22T15:52:44.103593",
  "device": "solar_panel",
  "panel_id": 1,
  "power_watts": 315,
  "temperature": 60,
  "status": "ok"
}
--------------------------------------------------------------------------------
{
  "timestamp": "2026-02-22T15:52:45.105333",
  "device": "solar_panel",
  "panel_id": 2,
  "power_watts": 155,
  "temperature": 32,
  "status": "ok"
}
--------------------------------------------------------------------------------
{
  "timestamp": "2026-02-22T15:52:46.106236",
  "device": "solar_panel",
  "panel_id": 3,
  "power_watts": 827,
  "temperature": 27,
  "status": "ok"
}
--------------------------------------------------------------------------------
{
  "timestamp": "2026-02-22T15:52:57.108780",
  "device": "solar_panel",
  "panel_id": 1,
  "power_watts": 927,
  "temperature": 60,
  "status": "ok"
}
--------------------------------------------------------------------------------
{
  "timestamp": "2026-02-22T15:52:58.109759",
  "device": "solar_panel",
  "panel_id": 2,
  "power_watts": 95,
  "temperature": 33,
  "status": "low_power"
}
--------------------------------------------------------------------------------
{
  "timestamp": "2026-02-22T15:52:59.111253",
  "device": "solar_panel",
  "panel_id": 3,
  "power_watts": 946,
  "temperature": 47,
  "status": "ok"
}
--------------------------------------------------------------------------------
{
  "timestamp": "2026-02-22T15:53:10.113672",
  "device": "solar_panel",
  "panel_id": 1,
  "power_watts": 947,
  "temperature": 27,
  "status": "ok"
}
--------------------------------------------------------------------------------
{
  "timestamp": "2026-02-22T15:53:11.115500",
  "device": "solar_panel",
  "panel_id": 2,
  "power_watts": 160,
  "temperature": 30,
  "status": "ok"
}
--------------------------------------------------------------------------------
{
  "timestamp": "2026-02-22T15:53:12.116622",
  "device": "solar_panel",
  "panel_id": 3,
  "power_watts": 362,
  "temperature": 52,
  "status": "ok"
}
--------------------------------------------------------------------------------
{
  "timestamp": "2026-02-22T15:53:23.118136",
  "device": "solar_panel",
  "panel_id": 1,
  "power_watts": 293,
  "temperature": 29,
  "status": "ok"
}
--------------------------------------------------------------------------------
{
  "timestamp": "2026-02-22T15:53:24.119827",
  "device": "solar_panel",
  "panel_id": 2,
  "power_watts": 394,
  "temperature": 58,
  "status": "ok"
}
--------------------------------------------------------------------------------
{
  "timestamp": "2026-02-22T15:53:25.120979",
  "device": "solar_panel",
  "panel_id": 3,
  "power_watts": 429,
  "temperature": 49,
  "status": "ok"
}
--------------------------------------------------------------------------------
{
  "timestamp": "2026-02-22T15:53:36.122339",
  "device": "solar_panel",
  "panel_id": 1,
  "power_watts": 406,
  "temperature": 52,
  "status": "ok"
}
--------------------------------------------------------------------------------
{
  "timestamp": "2026-02-22T15:53:37.123533",
  "device": "solar_panel",
  "panel_id": 2,
  "power_watts": 54,
  "temperature": 40,
  "status": "low_power"
}
--------------------------------------------------------------------------------
{
  "timestamp": "2026-02-22T15:53:38.125014",
  "device": "solar_panel",
  "panel_id": 3,
  "power_watts": 80,
  "temperature": 42,
  "status": "low_power"
}
--------------------------------------------------------------------------------
{
  "timestamp": "2026-02-22T15:53:49.128112",
  "device": "solar_panel",
  "panel_id": 1,
  "power_watts": 774,
  "temperature": 59,
  "status": "ok"
}
--------------------------------------------------------------------------------
{
  "timestamp": "2026-02-22T15:53:50.129187",
  "device": "solar_panel",
  "panel_id": 2,
  "power_watts": 350,
  "temperature": 25,
  "status": "ok"
}
--------------------------------------------------------------------------------
{
  "timestamp": "2026-02-22T15:53:51.130183",
  "device": "solar_panel",
  "panel_id": 3,
  "power_watts": 802,
  "temperature": 48,
  "status": "ok"
}
--------------------------------------------------------------------------------
{
  "timestamp": "2026-02-22T15:54:02.131666",
  "device": "solar_panel",
  "panel_id": 1,
  "power_watts": 338,
  "temperature": 44,
  "status": "ok"
}
--------------------------------------------------------------------------------
{
  "timestamp": "2026-02-22T15:54:03.132524",
  "device": "solar_panel",
  "panel_id": 2,
  "power_watts": 616,
  "temperature": 52,
  "status": "ok"
}
--------------------------------------------------------------------------------
{
  "timestamp": "2026-02-22T15:54:04.133687",
  "device": "solar_panel",
  "panel_id": 3,
  "power_watts": 894,
  "temperature": 49,
  "status": "ok"
}
--------------------------------------------------------------------------------
{
  "timestamp": "2026-02-22T15:54:15.134630",
  "device": "solar_panel",
  "panel_id": 1,
  "power_watts": 474,
  "temperature": 33,
  "status": "ok"
}
--------------------------------------------------------------------------------
{
  "timestamp": "2026-02-22T15:54:16.135708",
  "device": "solar_panel",
  "panel_id": 2,
  "power_watts": 270,
  "temperature": 37,
  "status": "ok"
}
--------------------------------------------------------------------------------
{
  "timestamp": "2026-02-22T15:54:17.161749",
  "device": "solar_panel",
  "panel_id": 3,
  "power_watts": 295,
  "temperature": 27,
  "status": "ok"
}
--------------------------------------------------------------------------------
{
  "timestamp": "2026-02-22T15:54:28.164054",
  "device": "solar_panel",
  "panel_id": 1,
  "power_watts": 619,
  "temperature": 38,
  "status": "ok"
}
--------------------------------------------------------------------------------
{
  "timestamp": "2026-02-22T15:54:29.166154",
  "device": "solar_panel",
  "panel_id": 2,
  "power_watts": 336,
  "temperature": 59,
  "status": "ok"
}
--------------------------------------------------------------------------------
{
  "timestamp": "2026-02-22T15:54:30.166988",
  "device": "solar_panel",
  "panel_id": 3,
  "power_watts": 896,
  "temperature": 25,
  "status": "ok"
}
--------------------------------------------------------------------------------
{
  "timestamp": "2026-02-22T15:54:41.168067",
  "device": "solar_panel",
  "panel_id": 1,
  "power_watts": 590,
  "temperature": 42,
  "status": "ok"
}
--------------------------------------------------------------------------------
{
  "timestamp": "2026-02-22T15:54:42.169296",
  "device": "solar_panel",
  "panel_id": 2,
  "power_watts": 135,
  "temperature": 28,
  "status": "ok"
}
--------------------------------------------------------------------------------
{
  "timestamp": "2026-02-22T15:54:43.170412",
  "device": "solar_panel",
  "panel_id": 3,
  "power_watts": 856,
  "temperature": 49,
  "status": "ok"
}
--------------------------------------------------------------------------------
{
  "timestamp": "2026-02-22T15:54:54.171590",
  "device": "solar_panel",
  "panel_id": 1,
  "power_watts": 229,
  "temperature": 59,
  "status": "ok"
}
--------------------------------------------------------------------------------
{
  "timestamp": "2026-02-22T15:54:55.172832",
  "device": "solar_panel",
  "panel_id": 2,
  "power_watts": 343,
  "temperature": 60,
  "status": "ok"
}
--------------------------------------------------------------------------------
{
  "timestamp": "2026-02-22T15:54:56.173877",
  "device": "solar_panel",
  "panel_id": 3,
  "power_watts": 670,
  "temperature": 52,
  "status": "ok"
}
--------------------------------------------------------------------------------
{
  "timestamp": "2026-02-22T15:55:07.175699",
  "device": "solar_panel",
  "panel_id": 1,
  "power_watts": 116,
  "temperature": 34,
  "status": "ok"
}
--------------------------------------------------------------------------------
{
  "timestamp": "2026-02-22T15:55:08.176809",
  "device": "solar_panel",
  "panel_id": 2,
  "power_watts": 150,
  "temperature": 53,
  "status": "ok"
}
--------------------------------------------------------------------------------
{
  "timestamp": "2026-02-22T15:55:09.179007",
  "device": "solar_panel",
  "panel_id": 3,
  "power_watts": 306,
  "temperature": 45,
  "status": "ok"
}
--------------------------------------------------------------------------------
{
  "timestamp": "2026-02-22T15:55:20.180629",
  "device": "solar_panel",
  "panel_id": 1,
  "power_watts": 939,
  "temperature": 32,
  "status": "ok"
}
--------------------------------------------------------------------------------
{
  "timestamp": "2026-02-22T15:55:21.182008",
  "device": "solar_panel",
  "panel_id": 2,
  "power_watts": 670,
  "temperature": 51,
  "status": "ok"
}
--------------------------------------------------------------------------------
{
  "timestamp": "2026-02-22T15:55:22.182876",
  "device": "solar_panel",
  "panel_id": 3,
  "power_watts": 887,
  "temperature": 52,
  "status": "ok"
}
--------------------------------------------------------------------------------
{
  "timestamp": "2026-02-22T15:55:33.184568",
  "device": "solar_panel",
  "panel_id": 1,
  "power_watts": 71,
  "temperature": 36,
  "status": "low_power"
}
--------------------------------------------------------------------------------
{
  "timestamp": "2026-02-22T15:55:34.185966",
  "device": "solar_panel",
  "panel_id": 2,
  "power_watts": 963,
  "temperature": 33,
  "status": "ok"
}
--------------------------------------------------------------------------------
{
  "timestamp": "2026-02-22T15:55:35.186886",
  "device": "solar_panel",
  "panel_id": 3,
  "power_watts": 701,
  "temperature": 56,
  "status": "ok"
}
--------------------------------------------------------------------------------
{
  "timestamp": "2026-02-22T15:55:46.188435",
  "device": "solar_panel",
  "panel_id": 1,
  "power_watts": 65,
  "temperature": 34,
  "status": "low_power"
}
--------------------------------------------------------------------------------
{
  "timestamp": "2026-02-22T15:55:47.189637",
  "device": "solar_panel",
  "panel_id": 2,
  "power_watts": 725,
  "temperature": 37,
  "status": "ok"
}
--------------------------------------------------------------------------------
{
  "timestamp": "2026-02-22T15:55:48.190365",
  "device": "solar_panel",
  "panel_id": 3,
  "power_watts": 56,
  "temperature": 40,
  "status": "low_power"
}
--------------------------------------------------------------------------------
{
  "timestamp": "2026-02-22T15:55:59.191684",
  "device": "solar_panel",
  "panel_id": 1,
  "power_watts": 604,
  "temperature": 45,
  "status": "ok"
}
--------------------------------------------------------------------------------
{
  "timestamp": "2026-02-22T15:56:00.192723",
  "device": "solar_panel",
  "panel_id": 2,
  "power_watts": 88,
  "temperature": 57,
  "status": "low_power"
}
--------------------------------------------------------------------------------
{
  "timestamp": "2026-02-22T15:56:01.193672",
  "device": "solar_panel",
  "panel_id": 3,
  "power_watts": 692,
  "temperature": 57,
  "status": "ok"
}
--------------------------------------------------------------------------------
{
  "timestamp": "2026-02-22T15:56:12.195372",
  "device": "solar_panel",
  "panel_id": 1,
  "power_watts": 143,
  "temperature": 56,
  "status": "ok"
}
--------------------------------------------------------------------------------
{
  "timestamp": "2026-02-22T15:56:13.196300",
  "device": "solar_panel",
  "panel_id": 2,
  "power_watts": 676,
  "temperature": 48,
  "status": "ok"
}
--------------------------------------------------------------------------------
{
  "timestamp": "2026-02-22T15:56:14.197138",
  "device": "solar_panel",
  "panel_id": 3,
  "power_watts": 619,
  "temperature": 35,
  "status": "ok"
}
--------------------------------------------------------------------------------
{
  "timestamp": "2026-02-22T15:56:25.199012",
  "device": "solar_panel",
  "panel_id": 1,
  "power_watts": 466,
  "temperature": 29,
  "status": "ok"
}
--------------------------------------------------------------------------------
{
  "timestamp": "2026-02-22T15:56:26.200189",
  "device": "solar_panel",
  "panel_id": 2,
  "power_watts": 980,
  "temperature": 53,
  "status": "ok"
}
--------------------------------------------------------------------------------
{
  "timestamp": "2026-02-22T15:56:27.201473",
  "device": "solar_panel",
  "panel_id": 3,
  "power_watts": 51,
  "temperature": 46,
  "status": "low_power"
}
--------------------------------------------------------------------------------
{
  "timestamp": "2026-02-22T15:56:38.202916",
  "device": "solar_panel",
  "panel_id": 1,
  "power_watts": 536,
  "temperature": 36,
  "status": "ok"
}
--------------------------------------------------------------------------------
{
  "timestamp": "2026-02-22T15:56:39.204059",
  "device": "solar_panel",
  "panel_id": 2,
  "power_watts": 726,
  "temperature": 55,
  "status": "ok"
}
--------------------------------------------------------------------------------
{
  "timestamp": "2026-02-22T15:56:40.204864",
  "device": "solar_panel",
  "panel_id": 3,
  "power_watts": 143,
  "temperature": 42,
  "status": "ok"
}
--------------------------------------------------------------------------------
{
  "timestamp": "2026-02-22T15:56:51.206518",
  "device": "solar_panel",
  "panel_id": 1,
  "power_watts": 481,
  "temperature": 56,
  "status": "ok"
}
--------------------------------------------------------------------------------
{
  "timestamp": "2026-02-22T15:56:52.207729",
  "device": "solar_panel",
  "panel_id": 2,
  "power_watts": 855,
  "temperature": 25,
  "status": "ok"
}
--------------------------------------------------------------------------------
{
  "timestamp": "2026-02-22T15:56:53.208405",
  "device": "solar_panel",
  "panel_id": 3,
  "power_watts": 455,
  "temperature": 52,
  "status": "ok"
}
--------------------------------------------------------------------------------
{
  "timestamp": "2026-02-22T15:57:04.210269",
  "device": "solar_panel",
  "panel_id": 1,
  "power_watts": 339,
  "temperature": 45,
  "status": "ok"
}
--------------------------------------------------------------------------------
{
  "timestamp": "2026-02-22T15:57:05.211116",
  "device": "solar_panel",
  "panel_id": 2,
  "power_watts": 912,
  "temperature": 30,
  "status": "ok"
}
--------------------------------------------------------------------------------
{
  "timestamp": "2026-02-22T15:57:06.211845",
  "device": "solar_panel",
  "panel_id": 3,
  "power_watts": 259,
  "temperature": 57,
  "status": "ok"
}
--------------------------------------------------------------------------------
{
  "timestamp": "2026-02-22T15:57:17.213522",
  "device": "solar_panel",
  "panel_id": 1,
  "power_watts": 85,
  "temperature": 27,
  "status": "low_power"
}
--------------------------------------------------------------------------------
{
  "timestamp": "2026-02-22T15:57:18.214681",
  "device": "solar_panel",
  "panel_id": 2,
  "power_watts": 977,
  "temperature": 25,
  "status": "ok"
}
--------------------------------------------------------------------------------
{
  "timestamp": "2026-02-22T15:57:19.215443",
  "device": "solar_panel",
  "panel_id": 3,
  "power_watts": 177,
  "temperature": 48,
  "status": "ok"
}
--------------------------------------------------------------------------------
{
  "timestamp": "2026-02-22T15:57:30.217089",
  "device": "solar_panel",
  "panel_id": 1,
  "power_watts": 750,
  "temperature": 41,
  "status": "ok"
}
--------------------------------------------------------------------------------
{
  "timestamp": "2026-02-22T15:57:31.218314",
  "device": "solar_panel",
  "panel_id": 2,
  "power_watts": 263,
  "temperature": 33,
  "status": "ok"
}
--------------------------------------------------------------------------------
{
  "timestamp": "2026-02-22T15:57:32.219208",
  "device": "solar_panel",
  "panel_id": 3,
  "power_watts": 853,
  "temperature": 51,
  "status": "ok"
}
--------------------------------------------------------------------------------
{
  "timestamp": "2026-02-22T15:57:43.220943",
  "device": "solar_panel",
  "panel_id": 1,
  "power_watts": 456,
  "temperature": 57,
  "status": "ok"
}
--------------------------------------------------------------------------------
{
  "timestamp": "2026-02-22T15:57:44.222236",
  "device": "solar_panel",
  "panel_id": 2,
  "power_watts": 626,
  "temperature": 26,
  "status": "ok"
}
--------------------------------------------------------------------------------
{
  "timestamp": "2026-02-22T15:57:45.223412",
  "device": "solar_panel",
  "panel_id": 3,
  "power_watts": 203,
  "temperature": 52,
  "status": "ok"
}
--------------------------------------------------------------------------------
{
  "timestamp": "2026-02-22T15:57:56.224950",
  "device": "solar_panel",
  "panel_id": 1,
  "power_watts": 859,
  "temperature": 25,
  "status": "ok"
}
--------------------------------------------------------------------------------
{
  "timestamp": "2026-02-22T15:57:57.226035",
  "device": "solar_panel",
  "panel_id": 2,
  "power_watts": 765,
  "temperature": 55,
  "status": "ok"
}
--------------------------------------------------------------------------------
{
  "timestamp": "2026-02-22T15:57:58.226888",
  "device": "solar_panel",
  "panel_id": 3,
  "power_watts": 810,
  "temperature": 40,
  "status": "ok"
}
--------------------------------------------------------------------------------
{
  "timestamp": "2026-02-22T15:58:09.228619",
  "device": "solar_panel",
  "panel_id": 1,
  "power_watts": 873,
  "temperature": 51,
  "status": "ok"
}
--------------------------------------------------------------------------------
{
  "timestamp": "2026-02-22T15:58:10.229488",
  "device": "solar_panel",
  "panel_id": 2,
  "power_watts": 730,
  "temperature": 40,
  "status": "ok"
}
--------------------------------------------------------------------------------
{
  "timestamp": "2026-02-22T15:58:11.230273",
  "device": "solar_panel",
  "panel_id": 3,
  "power_watts": 862,
  "temperature": 29,
  "status": "ok"
}
--------------------------------------------------------------------------------
{
  "timestamp": "2026-02-22T15:58:22.231607",
  "device": "solar_panel",
  "panel_id": 1,
  "power_watts": 487,
  "temperature": 51,
  "status": "ok"
}
--------------------------------------------------------------------------------
{
  "timestamp": "2026-02-22T15:58:23.233056",
  "device": "solar_panel",
  "panel_id": 2,
  "power_watts": 933,
  "temperature": 41,
  "status": "ok"
}
--------------------------------------------------------------------------------
{
  "timestamp": "2026-02-22T15:58:24.234371",
  "device": "solar_panel",
  "panel_id": 3,
  "power_watts": 673,
  "temperature": 30,
  "status": "ok"
}
--------------------------------------------------------------------------------
{
  "timestamp": "2026-02-22T15:58:35.235806",
  "device": "solar_panel",
  "panel_id": 1,
  "power_watts": 630,
  "temperature": 49,
  "status": "ok"
}
--------------------------------------------------------------------------------
{
  "timestamp": "2026-02-22T15:58:36.236878",
  "device": "solar_panel",
  "panel_id": 2,
  "power_watts": 954,
  "temperature": 46,
  "status": "ok"
}
--------------------------------------------------------------------------------
{
  "timestamp": "2026-02-22T15:58:37.238136",
  "device": "solar_panel",
  "panel_id": 3,
  "power_watts": 586,
  "temperature": 54,
  "status": "ok"
}
--------------------------------------------------------------------------------
{
  "timestamp": "2026-02-22T15:58:48.239710",
  "device": "solar_panel",
  "panel_id": 1,
  "power_watts": 394,
  "temperature": 39,
  "status": "ok"
}
--------------------------------------------------------------------------------
{
  "timestamp": "2026-02-22T15:58:49.241152",
  "device": "solar_panel",
  "panel_id": 2,
  "power_watts": 411,
  "temperature": 51,
  "status": "ok"
}
--------------------------------------------------------------------------------
{
  "timestamp": "2026-02-22T15:58:50.242292",
  "device": "solar_panel",
  "panel_id": 3,
  "power_watts": 123,
  "temperature": 36,
  "status": "ok"
}
--------------------------------------------------------------------------------
{
  "timestamp": "2026-02-22T15:59:01.244191",
  "device": "solar_panel",
  "panel_id": 1,
  "power_watts": 885,
  "temperature": 44,
  "status": "ok"
}
--------------------------------------------------------------------------------
{
  "timestamp": "2026-02-22T15:59:02.245063",
  "device": "solar_panel",
  "panel_id": 2,
  "power_watts": 574,
  "temperature": 53,
  "status": "ok"
}
--------------------------------------------------------------------------------
{
  "timestamp": "2026-02-22T15:59:03.246277",
  "device": "solar_panel",
  "panel_id": 3,
  "power_watts": 95,
  "temperature": 52,
  "status": "low_power"
}
--------------------------------------------------------------------------------
{
  "timestamp": "2026-02-22T15:59:14.247541",
  "device": "solar_panel",
  "panel_id": 1,
  "power_watts": 135,
  "temperature": 35,
  "status": "ok"
}
--------------------------------------------------------------------------------
{
  "timestamp": "2026-02-22T15:59:15.248810",
  "device": "solar_panel",
  "panel_id": 2,
  "power_watts": 731,
  "temperature": 57,
  "status": "ok"
}
--------------------------------------------------------------------------------
{
  "timestamp": "2026-02-22T15:59:16.249978",
  "device": "solar_panel",
  "panel_id": 3,
  "power_watts": 835,
  "temperature": 51,
  "status": "ok"
}
--------------------------------------------------------------------------------
{
  "timestamp": "2026-02-22T15:59:27.251349",
  "device": "solar_panel",
  "panel_id": 1,
  "power_watts": 216,
  "temperature": 42,
  "status": "ok"
}
--------------------------------------------------------------------------------
{
  "timestamp": "2026-02-22T15:59:28.252103",
  "device": "solar_panel",
  "panel_id": 2,
  "power_watts": 982,
  "temperature": 51,
  "status": "ok"
}
--------------------------------------------------------------------------------
{
  "timestamp": "2026-02-22T15:59:29.253831",
  "device": "solar_panel",
  "panel_id": 3,
  "power_watts": 238,
  "temperature": 50,
  "status": "ok"
}
--------------------------------------------------------------------------------
{
  "timestamp": "2026-02-22T15:59:40.255692",
  "device": "solar_panel",
  "panel_id": 1,
  "power_watts": 421,
  "temperature": 34,
  "status": "ok"
}
--------------------------------------------------------------------------------
{
  "timestamp": "2026-02-22T15:59:41.256916",
  "device": "solar_panel",
  "panel_id": 2,
  "power_watts": 933,
  "temperature": 57,
  "status": "ok"
}
--------------------------------------------------------------------------------
{
  "timestamp": "2026-02-22T15:59:42.258067",
  "device": "solar_panel",
  "panel_id": 3,
  "power_watts": 85,
  "temperature": 36,
  "status": "low_power"
}
--------------------------------------------------------------------------------
{
  "timestamp": "2026-02-22T15:59:53.259508",
  "device": "solar_panel",
  "panel_id": 1,
  "power_watts": 231,
  "temperature": 60,
  "status": "ok"
}
--------------------------------------------------------------------------------
{
  "timestamp": "2026-02-22T15:59:54.260690",
  "device": "solar_panel",
  "panel_id": 2,
  "power_watts": 78,
  "temperature": 35,
  "status": "low_power"
}
--------------------------------------------------------------------------------
{
  "timestamp": "2026-02-22T15:59:55.261807",
  "device": "solar_panel",
  "panel_id": 3,
  "power_watts": 324,
  "temperature": 27,
  "status": "ok"
}
--------------------------------------------------------------------------------
{
  "timestamp": "2026-02-22T16:00:06.263361",
  "device": "solar_panel",
  "panel_id": 1,
  "power_watts": 905,
  "temperature": 44,
  "status": "ok"
}
--------------------------------------------------------------------------------
{
  "timestamp": "2026-02-22T16:00:07.264741",
  "device": "solar_panel",
  "panel_id": 2,
  "power_watts": 597,
  "temperature": 41,
  "status": "ok"
}
--------------------------------------------------------------------------------
{
  "timestamp": "2026-02-22T16:00:08.265561",
  "device": "solar_panel",
  "panel_id": 3,
  "power_watts": 243,
  "temperature": 49,
  "status": "ok"
}
--------------------------------------------------------------------------------
{
  "timestamp": "2026-02-22T16:00:19.266822",
  "device": "solar_panel",
  "panel_id": 1,
  "power_watts": 209,
  "temperature": 46,
  "status": "ok"
}
--------------------------------------------------------------------------------
{
  "timestamp": "2026-02-22T16:00:20.267881",
  "device": "solar_panel",
  "panel_id": 2,
  "power_watts": 210,
  "temperature": 32,
  "status": "ok"
}
--------------------------------------------------------------------------------
{
  "timestamp": "2026-02-22T16:00:21.283323",
  "device": "solar_panel",
  "panel_id": 3,
  "power_watts": 992,
  "temperature": 48,
  "status": "ok"
}
--------------------------------------------------------------------------------
{
  "timestamp": "2026-02-22T16:00:32.285432",
  "device": "solar_panel",
  "panel_id": 1,
  "power_watts": 240,
  "temperature": 58,
  "status": "ok"
}
--------------------------------------------------------------------------------
{
  "timestamp": "2026-02-22T16:00:33.286266",
  "device": "solar_panel",
  "panel_id": 2,
  "power_watts": 98,
  "temperature": 54,
  "status": "low_power"
}
--------------------------------------------------------------------------------
{
  "timestamp": "2026-02-22T16:00:34.287284",
  "device": "solar_panel",
  "panel_id": 3,
  "power_watts": 135,
  "temperature": 32,
  "status": "ok"
}
--------------------------------------------------------------------------------
{
  "timestamp": "2026-02-22T16:00:45.288635",
  "device": "solar_panel",
  "panel_id": 1,
  "power_watts": 217,
  "temperature": 33,
  "status": "ok"
}
--------------------------------------------------------------------------------
{
  "timestamp": "2026-02-22T16:00:46.289732",
  "device": "solar_panel",
  "panel_id": 2,
  "power_watts": 55,
  "temperature": 45,
  "status": "low_power"
}
--------------------------------------------------------------------------------
{
  "timestamp": "2026-02-22T16:00:47.290663",
  "device": "solar_panel",
  "panel_id": 3,
  "power_watts": 955,
  "temperature": 25,
  "status": "ok"
}
--------------------------------------------------------------------------------
{
  "timestamp": "2026-02-22T16:00:58.292199",
  "device": "solar_panel",
  "panel_id": 1,
  "power_watts": 147,
  "temperature": 31,
  "status": "ok"
}
--------------------------------------------------------------------------------
{
  "timestamp": "2026-02-22T16:00:59.292971",
  "device": "solar_panel",
  "panel_id": 2,
  "power_watts": 79,
  "temperature": 53,
  "status": "low_power"
}
--------------------------------------------------------------------------------
{
  "timestamp": "2026-02-22T16:01:00.294121",
  "device": "solar_panel",
  "panel_id": 3,
  "power_watts": 715,
  "temperature": 26,
  "status": "ok"
}
--------------------------------------------------------------------------------
{
  "timestamp": "2026-02-22T16:01:11.295065",
  "device": "solar_panel",
  "panel_id": 1,
  "power_watts": 478,
  "temperature": 45,
  "status": "ok"
}
--------------------------------------------------------------------------------
{
  "timestamp": "2026-02-22T16:01:12.295856",
  "device": "solar_panel",
  "panel_id": 2,
  "power_watts": 404,
  "temperature": 25,
  "status": "ok"
}
--------------------------------------------------------------------------------
{
  "timestamp": "2026-02-22T16:01:13.296816",
  "device": "solar_panel",
  "panel_id": 3,
  "power_watts": 988,
  "temperature": 58,
  "status": "ok"
}
--------------------------------------------------------------------------------
{
  "timestamp": "2026-02-22T16:01:24.297968",
  "device": "solar_panel",
  "panel_id": 1,
  "power_watts": 926,
  "temperature": 57,
  "status": "ok"
}
--------------------------------------------------------------------------------
{
  "timestamp": "2026-02-22T16:01:25.300227",
  "device": "solar_panel",
  "panel_id": 2,
  "power_watts": 720,
  "temperature": 52,
  "status": "ok"
}
--------------------------------------------------------------------------------
{
  "timestamp": "2026-02-22T16:01:26.316524",
  "device": "solar_panel",
  "panel_id": 3,
  "power_watts": 945,
  "temperature": 32,
  "status": "ok"
}
--------------------------------------------------------------------------------
{
  "timestamp": "2026-02-22T16:01:37.317885",
  "device": "solar_panel",
  "panel_id": 1,
  "power_watts": 953,
  "temperature": 59,
  "status": "ok"
}
--------------------------------------------------------------------------------
{
  "timestamp": "2026-02-22T16:01:38.319125",
  "device": "solar_panel",
  "panel_id": 2,
  "power_watts": 177,
  "temperature": 49,
  "status": "ok"
}
--------------------------------------------------------------------------------
{
  "timestamp": "2026-02-22T16:01:39.320234",
  "device": "solar_panel",
  "panel_id": 3,
  "power_watts": 991,
  "temperature": 56,
  "status": "ok"
}
--------------------------------------------------------------------------------
{
  "timestamp": "2026-02-22T16:01:50.321247",
  "device": "solar_panel",
  "panel_id": 1,
  "power_watts": 275,
  "temperature": 52,
  "status": "ok"
}
--------------------------------------------------------------------------------
{
  "timestamp": "2026-02-22T16:01:51.322298",
  "device": "solar_panel",
  "panel_id": 2,
  "power_watts": 488,
  "temperature": 45,
  "status": "ok"
}
--------------------------------------------------------------------------------
{
  "timestamp": "2026-02-22T16:01:52.323650",
  "device": "solar_panel",
  "panel_id": 3,
  "power_watts": 885,
  "temperature": 58,
  "status": "ok"
}
--------------------------------------------------------------------------------
{
  "timestamp": "2026-02-22T16:02:03.324998",
  "device": "solar_panel",
  "panel_id": 1,
  "power_watts": 52,
  "temperature": 36,
  "status": "low_power"
}
--------------------------------------------------------------------------------
{
  "timestamp": "2026-02-22T16:02:04.325744",
  "device": "solar_panel",
  "panel_id": 2,
  "power_watts": 313,
  "temperature": 57,
  "status": "ok"
}
--------------------------------------------------------------------------------
{
  "timestamp": "2026-02-22T16:02:05.327039",
  "device": "solar_panel",
  "panel_id": 3,
  "power_watts": 792,
  "temperature": 43,
  "status": "ok"
}
--------------------------------------------------------------------------------
{
  "timestamp": "2026-02-22T16:02:16.328494",
  "device": "solar_panel",
  "panel_id": 1,
  "power_watts": 530,
  "temperature": 34,
  "status": "ok"
}
--------------------------------------------------------------------------------
{
  "timestamp": "2026-02-22T16:02:17.329698",
  "device": "solar_panel",
  "panel_id": 2,
  "power_watts": 625,
  "temperature": 33,
  "status": "ok"
}
--------------------------------------------------------------------------------
{
  "timestamp": "2026-02-22T16:02:18.330795",
  "device": "solar_panel",
  "panel_id": 3,
  "power_watts": 883,
  "temperature": 56,
  "status": "ok"
}
--------------------------------------------------------------------------------
{
  "timestamp": "2026-02-22T16:02:29.332511",
  "device": "solar_panel",
  "panel_id": 1,
  "power_watts": 561,
  "temperature": 39,
  "status": "ok"
}
--------------------------------------------------------------------------------
{
  "timestamp": "2026-02-22T16:02:30.333615",
  "device": "solar_panel",
  "panel_id": 2,
  "power_watts": 634,
  "temperature": 57,
  "status": "ok"
}
--------------------------------------------------------------------------------
{
  "timestamp": "2026-02-22T16:02:31.334734",
  "device": "solar_panel",
  "panel_id": 3,
  "power_watts": 892,
  "temperature": 56,
  "status": "ok"
}
--------------------------------------------------------------------------------
{
  "timestamp": "2026-02-22T16:02:42.337630",
  "device": "solar_panel",
  "panel_id": 1,
  "power_watts": 88,
  "temperature": 25,
  "status": "low_power"
}
--------------------------------------------------------------------------------
{
  "timestamp": "2026-02-22T16:02:43.338843",
  "device": "solar_panel",
  "panel_id": 2,
  "power_watts": 521,
  "temperature": 33,
  "status": "ok"
}
--------------------------------------------------------------------------------
{
  "timestamp": "2026-02-22T16:02:44.339721",
  "device": "solar_panel",
  "panel_id": 3,
  "power_watts": 472,
  "temperature": 34,
  "status": "ok"
}
--------------------------------------------------------------------------------
{
  "timestamp": "2026-02-22T16:02:55.341264",
  "device": "solar_panel",
  "panel_id": 1,
  "power_watts": 888,
  "temperature": 30,
  "status": "ok"
}
--------------------------------------------------------------------------------
{
  "timestamp": "2026-02-22T16:02:56.342110",
  "device": "solar_panel",
  "panel_id": 2,
  "power_watts": 401,
  "temperature": 54,
  "status": "ok"
}
--------------------------------------------------------------------------------
{
  "timestamp": "2026-02-22T16:02:57.343229",
  "device": "solar_panel",
  "panel_id": 3,
  "power_watts": 279,
  "temperature": 46,
  "status": "ok"
}
--------------------------------------------------------------------------------
{
  "timestamp": "2026-02-22T16:03:08.345007",
  "device": "solar_panel",
  "panel_id": 1,
  "power_watts": 790,
  "temperature": 46,
  "status": "ok"
}
--------------------------------------------------------------------------------
{
  "timestamp": "2026-02-22T16:03:09.346056",
  "device": "solar_panel",
  "panel_id": 2,
  "power_watts": 372,
  "temperature": 27,
  "status": "ok"
}
--------------------------------------------------------------------------------
{
  "timestamp": "2026-02-22T16:03:10.346885",
  "device": "solar_panel",
  "panel_id": 3,
  "power_watts": 785,
  "temperature": 54,
  "status": "ok"
}
--------------------------------------------------------------------------------
{
  "timestamp": "2026-02-22T16:03:21.348115",
  "device": "solar_panel",
  "panel_id": 1,
  "power_watts": 403,
  "temperature": 60,
  "status": "ok"
}
--------------------------------------------------------------------------------
{
  "timestamp": "2026-02-22T16:03:22.349362",
  "device": "solar_panel",
  "panel_id": 2,
  "power_watts": 220,
  "temperature": 39,
  "status": "ok"
}
--------------------------------------------------------------------------------
{
  "timestamp": "2026-02-22T16:03:23.350189",
  "device": "solar_panel",
  "panel_id": 3,
  "power_watts": 965,
  "temperature": 42,
  "status": "ok"
}
--------------------------------------------------------------------------------
{
  "timestamp": "2026-02-22T16:03:34.351472",
  "device": "solar_panel",
  "panel_id": 1,
  "power_watts": 143,
  "temperature": 59,
  "status": "ok"
}
--------------------------------------------------------------------------------
{
  "timestamp": "2026-02-22T16:03:35.352269",
  "device": "solar_panel",
  "panel_id": 2,
  "power_watts": 851,
  "temperature": 35,
  "status": "ok"
}
--------------------------------------------------------------------------------
{
  "timestamp": "2026-02-22T16:03:36.353664",
  "device": "solar_panel",
  "panel_id": 3,
  "power_watts": 89,
  "temperature": 25,
  "status": "low_power"
}
--------------------------------------------------------------------------------
{
  "timestamp": "2026-02-22T16:03:47.354830",
  "device": "solar_panel",
  "panel_id": 1,
  "power_watts": 910,
  "temperature": 30,
  "status": "ok"
}
--------------------------------------------------------------------------------
{
  "timestamp": "2026-02-22T16:03:48.355534",
  "device": "solar_panel",
  "panel_id": 2,
  "power_watts": 300,
  "temperature": 42,
  "status": "ok"
}
--------------------------------------------------------------------------------
{
  "timestamp": "2026-02-22T16:03:49.356623",
  "device": "solar_panel",
  "panel_id": 3,
  "power_watts": 307,
  "temperature": 54,
  "status": "ok"
}
--------------------------------------------------------------------------------
{
  "timestamp": "2026-02-22T16:04:00.357868",
  "device": "solar_panel",
  "panel_id": 1,
  "power_watts": 593,
  "temperature": 28,
  "status": "ok"
}
--------------------------------------------------------------------------------
{
  "timestamp": "2026-02-22T16:04:01.358812",
  "device": "solar_panel",
  "panel_id": 2,
  "power_watts": 572,
  "temperature": 25,
  "status": "ok"
}
--------------------------------------------------------------------------------
{
  "timestamp": "2026-02-22T16:04:02.359593",
  "device": "solar_panel",
  "panel_id": 3,
  "power_watts": 155,
  "temperature": 46,
  "status": "ok"
}
--------------------------------------------------------------------------------
{
  "timestamp": "2026-02-22T16:04:13.362727",
  "device": "solar_panel",
  "panel_id": 1,
  "power_watts": 291,
  "temperature": 45,
  "status": "ok"
}
--------------------------------------------------------------------------------
{
  "timestamp": "2026-02-22T16:04:14.363727",
  "device": "solar_panel",
  "panel_id": 2,
  "power_watts": 717,
  "temperature": 34,
  "status": "ok"
}
--------------------------------------------------------------------------------
{
  "timestamp": "2026-02-22T16:04:15.364866",
  "device": "solar_panel",
  "panel_id": 3,
  "power_watts": 837,
  "temperature": 28,
  "status": "ok"
}
--------------------------------------------------------------------------------
{
  "timestamp": "2026-02-22T16:04:26.366073",
  "device": "solar_panel",
  "panel_id": 1,
  "power_watts": 223,
  "temperature": 30,
  "status": "ok"
}
--------------------------------------------------------------------------------
{
  "timestamp": "2026-02-22T16:04:27.366859",
  "device": "solar_panel",
  "panel_id": 2,
  "power_watts": 792,
  "temperature": 52,
  "status": "ok"
}
--------------------------------------------------------------------------------
{
  "timestamp": "2026-02-22T16:04:28.368225",
  "device": "solar_panel",
  "panel_id": 3,
  "power_watts": 51,
  "temperature": 56,
  "status": "low_power"
}
--------------------------------------------------------------------------------
{
  "timestamp": "2026-02-22T16:04:39.369570",
  "device": "solar_panel",
  "panel_id": 1,
  "power_watts": 50,
  "temperature": 44,
  "status": "low_power"
}
--------------------------------------------------------------------------------
{
  "timestamp": "2026-02-22T16:04:40.370540",
  "device": "solar_panel",
  "panel_id": 2,
  "power_watts": 529,
  "temperature": 48,
  "status": "ok"
}
--------------------------------------------------------------------------------
{
  "timestamp": "2026-02-22T16:04:41.371825",
  "device": "solar_panel",
  "panel_id": 3,
  "power_watts": 771,
  "temperature": 58,
  "status": "ok"
}
--------------------------------------------------------------------------------
{
  "timestamp": "2026-02-22T16:04:52.373579",
  "device": "solar_panel",
  "panel_id": 1,
  "power_watts": 357,
  "temperature": 36,
  "status": "ok"
}
--------------------------------------------------------------------------------
{
  "timestamp": "2026-02-22T16:04:53.374424",
  "device": "solar_panel",
  "panel_id": 2,
  "power_watts": 902,
  "temperature": 36,
  "status": "ok"
}
--------------------------------------------------------------------------------
{
  "timestamp": "2026-02-22T16:04:54.375049",
  "device": "solar_panel",
  "panel_id": 3,
  "power_watts": 702,
  "temperature": 55,
  "status": "ok"
}
--------------------------------------------------------------------------------
{
  "timestamp": "2026-02-22T16:05:05.376217",
  "device": "solar_panel",
  "panel_id": 1,
  "power_watts": 689,
  "temperature": 34,
  "status": "ok"
}
--------------------------------------------------------------------------------
{
  "timestamp": "2026-02-22T16:05:06.377431",
  "device": "solar_panel",
  "panel_id": 2,
  "power_watts": 602,
  "temperature": 58,
  "status": "ok"
}
--------------------------------------------------------------------------------
{
  "timestamp": "2026-02-22T16:05:07.378414",
  "device": "solar_panel",
  "panel_id": 3,
  "power_watts": 96,
  "temperature": 31,
  "status": "low_power"
}
--------------------------------------------------------------------------------
{
  "timestamp": "2026-02-22T16:05:18.379813",
  "device": "solar_panel",
  "panel_id": 1,
  "power_watts": 98,
  "temperature": 43,
  "status": "low_power"
}
--------------------------------------------------------------------------------
{
  "timestamp": "2026-02-22T16:05:19.380778",
  "device": "solar_panel",
  "panel_id": 2,
  "power_watts": 475,
  "temperature": 42,
  "status": "ok"
}
--------------------------------------------------------------------------------
{
  "timestamp": "2026-02-22T16:05:20.382040",
  "device": "solar_panel",
  "panel_id": 3,
  "power_watts": 583,
  "temperature": 26,
  "status": "ok"
}
--------------------------------------------------------------------------------
{
  "timestamp": "2026-02-22T16:05:31.383968",
  "device": "solar_panel",
  "panel_id": 1,
  "power_watts": 429,
  "temperature": 55,
  "status": "ok"
}
--------------------------------------------------------------------------------
{
  "timestamp": "2026-02-22T16:05:32.385163",
  "device": "solar_panel",
  "panel_id": 2,
  "power_watts": 916,
  "temperature": 41,
  "status": "ok"
}
--------------------------------------------------------------------------------
{
  "timestamp": "2026-02-22T16:05:33.386280",
  "device": "solar_panel",
  "panel_id": 3,
  "power_watts": 869,
  "temperature": 51,
  "status": "ok"
}
--------------------------------------------------------------------------------
{
  "timestamp": "2026-02-22T16:05:44.387462",
  "device": "solar_panel",
  "panel_id": 1,
  "power_watts": 529,
  "temperature": 47,
  "status": "ok"
}
--------------------------------------------------------------------------------
{
  "timestamp": "2026-02-22T16:05:45.388827",
  "device": "solar_panel",
  "panel_id": 2,
  "power_watts": 121,
  "temperature": 51,
  "status": "ok"
}
--------------------------------------------------------------------------------
{
  "timestamp": "2026-02-22T16:05:46.389808",
  "device": "solar_panel",
  "panel_id": 3,
  "power_watts": 565,
  "temperature": 27,
  "status": "ok"
}
--------------------------------------------------------------------------------
{
  "timestamp": "2026-02-22T16:05:57.391441",
  "device": "solar_panel",
  "panel_id": 1,
  "power_watts": 976,
  "temperature": 59,
  "status": "ok"
}
--------------------------------------------------------------------------------
{
  "timestamp": "2026-02-22T16:05:58.392311",
  "device": "solar_panel",
  "panel_id": 2,
  "power_watts": 368,
  "temperature": 38,
  "status": "ok"
}
--------------------------------------------------------------------------------
{
  "timestamp": "2026-02-22T16:05:59.393633",
  "device": "solar_panel",
  "panel_id": 3,
  "power_watts": 852,
  "temperature": 55,
  "status": "ok"
}
--------------------------------------------------------------------------------
{
  "timestamp": "2026-02-22T16:06:10.395180",
  "device": "solar_panel",
  "panel_id": 1,
  "power_watts": 835,
  "temperature": 46,
  "status": "ok"
}
--------------------------------------------------------------------------------
{
  "timestamp": "2026-02-22T16:06:11.396135",
  "device": "solar_panel",
  "panel_id": 2,
  "power_watts": 988,
  "temperature": 37,
  "status": "ok"
}
--------------------------------------------------------------------------------
{
  "timestamp": "2026-02-22T16:06:12.397240",
  "device": "solar_panel",
  "panel_id": 3,
  "power_watts": 585,
  "temperature": 44,
  "status": "ok"
}
--------------------------------------------------------------------------------
{
  "timestamp": "2026-02-22T16:06:23.399070",
  "device": "solar_panel",
  "panel_id": 1,
  "power_watts": 383,
  "temperature": 57,
  "status": "ok"
}
--------------------------------------------------------------------------------
{
  "timestamp": "2026-02-22T16:06:24.400195",
  "device": "solar_panel",
  "panel_id": 2,
  "power_watts": 628,
  "temperature": 31,
  "status": "ok"
}
--------------------------------------------------------------------------------
{
  "timestamp": "2026-02-22T16:06:25.400945",
  "device": "solar_panel",
  "panel_id": 3,
  "power_watts": 239,
  "temperature": 39,
  "status": "ok"
}
--------------------------------------------------------------------------------
{
  "timestamp": "2026-02-22T16:06:36.402366",
  "device": "solar_panel",
  "panel_id": 1,
  "power_watts": 592,
  "temperature": 29,
  "status": "ok"
}
--------------------------------------------------------------------------------
{
  "timestamp": "2026-02-22T16:06:37.403095",
  "device": "solar_panel",
  "panel_id": 2,
  "power_watts": 966,
  "temperature": 33,
  "status": "ok"
}
--------------------------------------------------------------------------------
{
  "timestamp": "2026-02-22T16:06:38.404080",
  "device": "solar_panel",
  "panel_id": 3,
  "power_watts": 378,
  "temperature": 59,
  "status": "ok"
}
--------------------------------------------------------------------------------
{
  "timestamp": "2026-02-22T16:06:49.405335",
  "device": "solar_panel",
  "panel_id": 1,
  "power_watts": 699,
  "temperature": 48,
  "status": "ok"
}
--------------------------------------------------------------------------------
{
  "timestamp": "2026-02-22T16:06:50.406797",
  "device": "solar_panel",
  "panel_id": 2,
  "power_watts": 569,
  "temperature": 50,
  "status": "ok"
}
--------------------------------------------------------------------------------
{
  "timestamp": "2026-02-22T16:06:51.407822",
  "device": "solar_panel",
  "panel_id": 3,
  "power_watts": 71,
  "temperature": 28,
  "status": "low_power"
}
--------------------------------------------------------------------------------
{
  "timestamp": "2026-02-22T16:07:02.409533",
  "device": "solar_panel",
  "panel_id": 1,
  "power_watts": 302,
  "temperature": 52,
  "status": "ok"
}
--------------------------------------------------------------------------------
{
  "timestamp": "2026-02-22T16:07:03.410252",
  "device": "solar_panel",
  "panel_id": 2,
  "power_watts": 849,
  "temperature": 56,
  "status": "ok"
}
--------------------------------------------------------------------------------
{
  "timestamp": "2026-02-22T16:07:04.411319",
  "device": "solar_panel",
  "panel_id": 3,
  "power_watts": 925,
  "temperature": 27,
  "status": "ok"
}
--------------------------------------------------------------------------------
{
  "timestamp": "2026-02-22T16:07:15.412691",
  "device": "solar_panel",
  "panel_id": 1,
  "power_watts": 263,
  "temperature": 37,
  "status": "ok"
}
--------------------------------------------------------------------------------
{
  "timestamp": "2026-02-22T16:07:16.413705",
  "device": "solar_panel",
  "panel_id": 2,
  "power_watts": 82,
  "temperature": 29,
  "status": "low_power"
}
--------------------------------------------------------------------------------
{
  "timestamp": "2026-02-22T16:07:17.414786",
  "device": "solar_panel",
  "panel_id": 3,
  "power_watts": 731,
  "temperature": 31,
  "status": "ok"
}
--------------------------------------------------------------------------------
{
  "timestamp": "2026-02-22T16:07:28.416117",
  "device": "solar_panel",
  "panel_id": 1,
  "power_watts": 192,
  "temperature": 32,
  "status": "ok"
}
--------------------------------------------------------------------------------
{
  "timestamp": "2026-02-22T16:07:29.416726",
  "device": "solar_panel",
  "panel_id": 2,
  "power_watts": 300,
  "temperature": 40,
  "status": "ok"
}
--------------------------------------------------------------------------------
{
  "timestamp": "2026-02-22T16:07:30.417591",
  "device": "solar_panel",
  "panel_id": 3,
  "power_watts": 331,
  "temperature": 26,
  "status": "ok"
}
--------------------------------------------------------------------------------
{
  "timestamp": "2026-02-22T16:07:41.420739",
  "device": "solar_panel",
  "panel_id": 1,
  "power_watts": 904,
  "temperature": 29,
  "status": "ok"
}
--------------------------------------------------------------------------------
{
  "timestamp": "2026-02-22T16:07:42.428507",
  "device": "solar_panel",
  "panel_id": 2,
  "power_watts": 190,
  "temperature": 27,
  "status": "ok"
}
--------------------------------------------------------------------------------
{
  "timestamp": "2026-02-22T16:07:43.429447",
  "device": "solar_panel",
  "panel_id": 3,
  "power_watts": 291,
  "temperature": 37,
  "status": "ok"
}
--------------------------------------------------------------------------------
{
  "timestamp": "2026-02-22T16:07:54.431049",
  "device": "solar_panel",
  "panel_id": 1,
  "power_watts": 577,
  "temperature": 44,
  "status": "ok"
}
--------------------------------------------------------------------------------
{
  "timestamp": "2026-02-22T16:07:55.432042",
  "device": "solar_panel",
  "panel_id": 2,
  "power_watts": 546,
  "temperature": 25,
  "status": "ok"
}
--------------------------------------------------------------------------------
{
  "timestamp": "2026-02-22T16:07:56.432820",
  "device": "solar_panel",
  "panel_id": 3,
  "power_watts": 633,
  "temperature": 42,
  "status": "ok"
}
--------------------------------------------------------------------------------
{
  "timestamp": "2026-02-22T16:08:07.434295",
  "device": "solar_panel",
  "panel_id": 1,
  "power_watts": 726,
  "temperature": 44,
  "status": "ok"
}
--------------------------------------------------------------------------------
{
  "timestamp": "2026-02-22T16:08:08.435078",
  "device": "solar_panel",
  "panel_id": 2,
  "power_watts": 223,
  "temperature": 42,
  "status": "ok"
}
--------------------------------------------------------------------------------
{
  "timestamp": "2026-02-22T16:08:09.436460",
  "device": "solar_panel",
  "panel_id": 3,
  "power_watts": 328,
  "temperature": 60,
  "status": "ok"
}
--------------------------------------------------------------------------------
{
  "timestamp": "2026-02-22T16:08:20.437983",
  "device": "solar_panel",
  "panel_id": 1,
  "power_watts": 314,
  "temperature": 49,
  "status": "ok"
}
--------------------------------------------------------------------------------
{
  "timestamp": "2026-02-22T16:08:21.439148",
  "device": "solar_panel",
  "panel_id": 2,
  "power_watts": 852,
  "temperature": 52,
  "status": "ok"
}
--------------------------------------------------------------------------------
{
  "timestamp": "2026-02-22T16:08:22.439856",
  "device": "solar_panel",
  "panel_id": 3,
  "power_watts": 322,
  "temperature": 58,
  "status": "ok"
}
--------------------------------------------------------------------------------
{
  "timestamp": "2026-02-22T16:08:33.441298",
  "device": "solar_panel",
  "panel_id": 1,
  "power_watts": 81,
  "temperature": 49,
  "status": "low_power"
}
--------------------------------------------------------------------------------
{
  "timestamp": "2026-02-22T16:08:34.442225",
  "device": "solar_panel",
  "panel_id": 2,
  "power_watts": 135,
  "temperature": 51,
  "status": "ok"
}
--------------------------------------------------------------------------------
{
  "timestamp": "2026-02-22T16:08:35.443365",
  "device": "solar_panel",
  "panel_id": 3,
  "power_watts": 240,
  "temperature": 30,
  "status": "ok"
}
--------------------------------------------------------------------------------
{
  "timestamp": "2026-02-22T16:08:46.445009",
  "device": "solar_panel",
  "panel_id": 1,
  "power_watts": 336,
  "temperature": 46,
  "status": "ok"
}
--------------------------------------------------------------------------------
{
  "timestamp": "2026-02-22T16:08:47.445822",
  "device": "solar_panel",
  "panel_id": 2,
  "power_watts": 735,
  "temperature": 50,
  "status": "ok"
}
--------------------------------------------------------------------------------
{
  "timestamp": "2026-02-22T16:08:48.446988",
  "device": "solar_panel",
  "panel_id": 3,
  "power_watts": 964,
  "temperature": 51,
  "status": "ok"
}
--------------------------------------------------------------------------------
{
  "timestamp": "2026-02-22T16:08:59.448151",
  "device": "solar_panel",
  "panel_id": 1,
  "power_watts": 287,
  "temperature": 26,
  "status": "ok"
}
--------------------------------------------------------------------------------
{
  "timestamp": "2026-02-22T16:09:00.449448",
  "device": "solar_panel",
  "panel_id": 2,
  "power_watts": 972,
  "temperature": 46,
  "status": "ok"
}
--------------------------------------------------------------------------------
{
  "timestamp": "2026-02-22T16:09:01.450488",
  "device": "solar_panel",
  "panel_id": 3,
  "power_watts": 996,
  "temperature": 47,
  "status": "ok"
}
--------------------------------------------------------------------------------
{
  "timestamp": "2026-02-22T16:09:12.451828",
  "device": "solar_panel",
  "panel_id": 1,
  "power_watts": 588,
  "temperature": 36,
  "status": "ok"
}
--------------------------------------------------------------------------------
{
  "timestamp": "2026-02-22T16:09:13.452804",
  "device": "solar_panel",
  "panel_id": 2,
  "power_watts": 218,
  "temperature": 57,
  "status": "ok"
}
--------------------------------------------------------------------------------
{
  "timestamp": "2026-02-22T16:09:14.453914",
  "device": "solar_panel",
  "panel_id": 3,
  "power_watts": 832,
  "temperature": 54,
  "status": "ok"
}
--------------------------------------------------------------------------------
{
  "timestamp": "2026-02-22T16:09:25.454943",
  "device": "solar_panel",
  "panel_id": 1,
  "power_watts": 305,
  "temperature": 32,
  "status": "ok"
}
--------------------------------------------------------------------------------
{
  "timestamp": "2026-02-22T16:09:26.455767",
  "device": "solar_panel",
  "panel_id": 2,
  "power_watts": 137,
  "temperature": 32,
  "status": "ok"
}
--------------------------------------------------------------------------------
{
  "timestamp": "2026-02-22T16:09:27.456496",
  "device": "solar_panel",
  "panel_id": 3,
  "power_watts": 552,
  "temperature": 32,
  "status": "ok"
}
--------------------------------------------------------------------------------
{
  "timestamp": "2026-02-22T16:09:38.457774",
  "device": "solar_panel",
  "panel_id": 1,
  "power_watts": 335,
  "temperature": 50,
  "status": "ok"
}
--------------------------------------------------------------------------------
{
  "timestamp": "2026-02-22T16:09:39.458717",
  "device": "solar_panel",
  "panel_id": 2,
  "power_watts": 560,
  "temperature": 28,
  "status": "ok"
}
--------------------------------------------------------------------------------
{
  "timestamp": "2026-02-22T16:09:40.459902",
  "device": "solar_panel",
  "panel_id": 3,
  "power_watts": 955,
  "temperature": 58,
  "status": "ok"
}
--------------------------------------------------------------------------------
{
  "timestamp": "2026-02-22T16:09:51.461265",
  "device": "solar_panel",
  "panel_id": 1,
  "power_watts": 808,
  "temperature": 59,
  "status": "ok"
}
--------------------------------------------------------------------------------
{
  "timestamp": "2026-02-22T16:09:52.462417",
  "device": "solar_panel",
  "panel_id": 2,
  "power_watts": 512,
  "temperature": 46,
  "status": "ok"
}
--------------------------------------------------------------------------------
{
  "timestamp": "2026-02-22T16:09:53.463653",
  "device": "solar_panel",
  "panel_id": 3,
  "power_watts": 956,
  "temperature": 48,
  "status": "ok"
}
--------------------------------------------------------------------------------
{
  "timestamp": "2026-02-22T16:10:04.465087",
  "device": "solar_panel",
  "panel_id": 1,
  "power_watts": 945,
  "temperature": 57,
  "status": "ok"
}
--------------------------------------------------------------------------------
{
  "timestamp": "2026-02-22T16:10:05.465915",
  "device": "solar_panel",
  "panel_id": 2,
  "power_watts": 113,
  "temperature": 32,
  "status": "ok"
}
--------------------------------------------------------------------------------
{
  "timestamp": "2026-02-22T16:10:06.467043",
  "device": "solar_panel",
  "panel_id": 3,
  "power_watts": 888,
  "temperature": 58,
  "status": "ok"
}
--------------------------------------------------------------------------------
{
  "timestamp": "2026-02-22T16:10:17.468570",
  "device": "solar_panel",
  "panel_id": 1,
  "power_watts": 163,
  "temperature": 44,
  "status": "ok"
}
--------------------------------------------------------------------------------
{
  "timestamp": "2026-02-22T16:10:18.469263",
  "device": "solar_panel",
  "panel_id": 2,
  "power_watts": 424,
  "temperature": 47,
  "status": "ok"
}
--------------------------------------------------------------------------------
{
  "timestamp": "2026-02-22T16:10:19.470174",
  "device": "solar_panel",
  "panel_id": 3,
  "power_watts": 523,
  "temperature": 58,
  "status": "ok"
}
--------------------------------------------------------------------------------
{
  "timestamp": "2026-02-22T16:10:30.471822",
  "device": "solar_panel",
  "panel_id": 1,
  "power_watts": 982,
  "temperature": 55,
  "status": "ok"
}
--------------------------------------------------------------------------------
{
  "timestamp": "2026-02-22T16:10:31.473182",
  "device": "solar_panel",
  "panel_id": 2,
  "power_watts": 425,
  "temperature": 57,
  "status": "ok"
}
--------------------------------------------------------------------------------
{
  "timestamp": "2026-02-22T16:10:32.474398",
  "device": "solar_panel",
  "panel_id": 3,
  "power_watts": 630,
  "temperature": 29,
  "status": "ok"
}
--------------------------------------------------------------------------------
{
  "timestamp": "2026-02-22T16:10:43.475817",
  "device": "solar_panel",
  "panel_id": 1,
  "power_watts": 476,
  "temperature": 58,
  "status": "ok"
}
--------------------------------------------------------------------------------
{
  "timestamp": "2026-02-22T16:10:44.477382",
  "device": "solar_panel",
  "panel_id": 2,
  "power_watts": 462,
  "temperature": 27,
  "status": "ok"
}
--------------------------------------------------------------------------------
{
  "timestamp": "2026-02-22T16:10:45.478369",
  "device": "solar_panel",
  "panel_id": 3,
  "power_watts": 651,
  "temperature": 52,
  "status": "ok"
}
--------------------------------------------------------------------------------
{
  "timestamp": "2026-02-22T16:10:56.479940",
  "device": "solar_panel",
  "panel_id": 1,
  "power_watts": 97,
  "temperature": 34,
  "status": "low_power"
}
--------------------------------------------------------------------------------
{
  "timestamp": "2026-02-22T16:10:57.481054",
  "device": "solar_panel",
  "panel_id": 2,
  "power_watts": 665,
  "temperature": 48,
  "status": "ok"
}
--------------------------------------------------------------------------------
{
  "timestamp": "2026-02-22T16:10:58.482065",
  "device": "solar_panel",
  "panel_id": 3,
  "power_watts": 384,
  "temperature": 49,
  "status": "ok"
}
--------------------------------------------------------------------------------
{
  "timestamp": "2026-02-22T16:11:09.483484",
  "device": "solar_panel",
  "panel_id": 1,
  "power_watts": 904,
  "temperature": 25,
  "status": "ok"
}
--------------------------------------------------------------------------------
{
  "timestamp": "2026-02-22T16:11:10.484291",
  "device": "solar_panel",
  "panel_id": 2,
  "power_watts": 196,
  "temperature": 28,
  "status": "ok"
}
--------------------------------------------------------------------------------
{
  "timestamp": "2026-02-22T16:11:11.485474",
  "device": "solar_panel",
  "panel_id": 3,
  "power_watts": 211,
  "temperature": 45,
  "status": "ok"
}
--------------------------------------------------------------------------------
{
  "timestamp": "2026-02-22T16:11:22.486547",
  "device": "solar_panel",
  "panel_id": 1,
  "power_watts": 668,
  "temperature": 58,
  "status": "ok"
}
--------------------------------------------------------------------------------
{
  "timestamp": "2026-02-22T16:11:23.487688",
  "device": "solar_panel",
  "panel_id": 2,
  "power_watts": 150,
  "temperature": 39,
  "status": "ok"
}
--------------------------------------------------------------------------------
{
  "timestamp": "2026-02-22T16:11:24.488695",
  "device": "solar_panel",
  "panel_id": 3,
  "power_watts": 175,
  "temperature": 53,
  "status": "ok"
}
--------------------------------------------------------------------------------
{
  "timestamp": "2026-02-22T16:11:35.490148",
  "device": "solar_panel",
  "panel_id": 1,
  "power_watts": 795,
  "temperature": 57,
  "status": "ok"
}
--------------------------------------------------------------------------------
{
  "timestamp": "2026-02-22T16:11:36.491145",
  "device": "solar_panel",
  "panel_id": 2,
  "power_watts": 298,
  "temperature": 58,
  "status": "ok"
}
--------------------------------------------------------------------------------
{
  "timestamp": "2026-02-22T16:11:37.492558",
  "device": "solar_panel",
  "panel_id": 3,
  "power_watts": 214,
  "temperature": 38,
  "status": "ok"
}
--------------------------------------------------------------------------------
{
  "timestamp": "2026-02-22T16:11:48.494311",
  "device": "solar_panel",
  "panel_id": 1,
  "power_watts": 139,
  "temperature": 36,
  "status": "ok"
}
--------------------------------------------------------------------------------
{
  "timestamp": "2026-02-22T16:11:49.495462",
  "device": "solar_panel",
  "panel_id": 2,
  "power_watts": 130,
  "temperature": 30,
  "status": "ok"
}
--------------------------------------------------------------------------------
{
  "timestamp": "2026-02-22T16:11:50.496584",
  "device": "solar_panel",
  "panel_id": 3,
  "power_watts": 739,
  "temperature": 31,
  "status": "ok"
}
--------------------------------------------------------------------------------
{
  "timestamp": "2026-02-22T16:12:01.497883",
  "device": "solar_panel",
  "panel_id": 1,
  "power_watts": 613,
  "temperature": 54,
  "status": "ok"
}
--------------------------------------------------------------------------------
{
  "timestamp": "2026-02-22T16:12:02.499164",
  "device": "solar_panel",
  "panel_id": 2,
  "power_watts": 823,
  "temperature": 47,
  "status": "ok"
}
--------------------------------------------------------------------------------
{
  "timestamp": "2026-02-22T16:12:03.500012",
  "device": "solar_panel",
  "panel_id": 3,
  "power_watts": 790,
  "temperature": 30,
  "status": "ok"
}
--------------------------------------------------------------------------------
{
  "timestamp": "2026-02-22T16:12:14.501765",
  "device": "solar_panel",
  "panel_id": 1,
  "power_watts": 538,
  "temperature": 33,
  "status": "ok"
}
--------------------------------------------------------------------------------
{
  "timestamp": "2026-02-22T16:12:15.502610",
  "device": "solar_panel",
  "panel_id": 2,
  "power_watts": 75,
  "temperature": 46,
  "status": "low_power"
}
--------------------------------------------------------------------------------
{
  "timestamp": "2026-02-22T16:12:16.503773",
  "device": "solar_panel",
  "panel_id": 3,
  "power_watts": 148,
  "temperature": 47,
  "status": "ok"
}
--------------------------------------------------------------------------------
{
  "timestamp": "2026-02-22T16:12:27.505236",
  "device": "solar_panel",
  "panel_id": 1,
  "power_watts": 444,
  "temperature": 41,
  "status": "ok"
}
--------------------------------------------------------------------------------
{
  "timestamp": "2026-02-22T16:12:28.506552",
  "device": "solar_panel",
  "panel_id": 2,
  "power_watts": 749,
  "temperature": 40,
  "status": "ok"
}
--------------------------------------------------------------------------------
{
  "timestamp": "2026-02-22T16:12:29.507707",
  "device": "solar_panel",
  "panel_id": 3,
  "power_watts": 899,
  "temperature": 41,
  "status": "ok"
}
--------------------------------------------------------------------------------
{
  "timestamp": "2026-02-22T16:12:40.509235",
  "device": "solar_panel",
  "panel_id": 1,
  "power_watts": 999,
  "temperature": 58,
  "status": "ok"
}
--------------------------------------------------------------------------------
{
  "timestamp": "2026-02-22T16:12:41.510555",
  "device": "solar_panel",
  "panel_id": 2,
  "power_watts": 581,
  "temperature": 57,
  "status": "ok"
}
--------------------------------------------------------------------------------
{
  "timestamp": "2026-02-22T16:12:42.511320",
  "device": "solar_panel",
  "panel_id": 3,
  "power_watts": 439,
  "temperature": 45,
  "status": "ok"
}
--------------------------------------------------------------------------------
{
  "timestamp": "2026-02-22T16:12:53.512633",
  "device": "solar_panel",
  "panel_id": 1,
  "power_watts": 564,
  "temperature": 58,
  "status": "ok"
}
--------------------------------------------------------------------------------
{
  "timestamp": "2026-02-22T16:12:54.513683",
  "device": "solar_panel",
  "panel_id": 2,
  "power_watts": 699,
  "temperature": 25,
  "status": "ok"
}
--------------------------------------------------------------------------------
{
  "timestamp": "2026-02-22T16:12:55.514623",
  "device": "solar_panel",
  "panel_id": 3,
  "power_watts": 246,
  "temperature": 55,
  "status": "ok"
}
--------------------------------------------------------------------------------
{
  "timestamp": "2026-02-22T16:13:06.516016",
  "device": "solar_panel",
  "panel_id": 1,
  "power_watts": 441,
  "temperature": 49,
  "status": "ok"
}
--------------------------------------------------------------------------------
{
  "timestamp": "2026-02-22T16:13:07.517335",
  "device": "solar_panel",
  "panel_id": 2,
  "power_watts": 398,
  "temperature": 26,
  "status": "ok"
}
--------------------------------------------------------------------------------
{
  "timestamp": "2026-02-22T16:13:08.518768",
  "device": "solar_panel",
  "panel_id": 3,
  "power_watts": 241,
  "temperature": 27,
  "status": "ok"
}
--------------------------------------------------------------------------------
{
  "timestamp": "2026-02-22T16:13:19.520090",
  "device": "solar_panel",
  "panel_id": 1,
  "power_watts": 97,
  "temperature": 33,
  "status": "low_power"
}
--------------------------------------------------------------------------------
{
  "timestamp": "2026-02-22T16:13:20.521236",
  "device": "solar_panel",
  "panel_id": 2,
  "power_watts": 283,
  "temperature": 49,
  "status": "ok"
}
--------------------------------------------------------------------------------
{
  "timestamp": "2026-02-22T16:13:21.522158",
  "device": "solar_panel",
  "panel_id": 3,
  "power_watts": 111,
  "temperature": 29,
  "status": "ok"
}
--------------------------------------------------------------------------------
{
  "timestamp": "2026-02-22T16:13:32.523619",
  "device": "solar_panel",
  "panel_id": 1,
  "power_watts": 394,
  "temperature": 59,
  "status": "ok"
}
--------------------------------------------------------------------------------
{
  "timestamp": "2026-02-22T16:13:33.524783",
  "device": "solar_panel",
  "panel_id": 2,
  "power_watts": 1000,
  "temperature": 27,
  "status": "ok"
}
--------------------------------------------------------------------------------
{
  "timestamp": "2026-02-22T16:13:34.525538",
  "device": "solar_panel",
  "panel_id": 3,
  "power_watts": 697,
  "temperature": 55,
  "status": "ok"
}
--------------------------------------------------------------------------------
{
  "timestamp": "2026-02-22T16:13:45.527049",
  "device": "solar_panel",
  "panel_id": 1,
  "power_watts": 469,
  "temperature": 33,
  "status": "ok"
}
--------------------------------------------------------------------------------
{
  "timestamp": "2026-02-22T16:13:46.528150",
  "device": "solar_panel",
  "panel_id": 2,
  "power_watts": 716,
  "temperature": 40,
  "status": "ok"
}
--------------------------------------------------------------------------------
{
  "timestamp": "2026-02-22T16:13:47.529925",
  "device": "solar_panel",
  "panel_id": 3,
  "power_watts": 158,
  "temperature": 31,
  "status": "ok"
}
--------------------------------------------------------------------------------
{
  "timestamp": "2026-02-22T16:13:58.531519",
  "device": "solar_panel",
  "panel_id": 1,
  "power_watts": 731,
  "temperature": 28,
  "status": "ok"
}
--------------------------------------------------------------------------------
{
  "timestamp": "2026-02-22T16:13:59.532922",
  "device": "solar_panel",
  "panel_id": 2,
  "power_watts": 602,
  "temperature": 28,
  "status": "ok"
}
--------------------------------------------------------------------------------
{
  "timestamp": "2026-02-22T16:14:00.534679",
  "device": "solar_panel",
  "panel_id": 3,
  "power_watts": 287,
  "temperature": 44,
  "status": "ok"
}
--------------------------------------------------------------------------------
{
  "timestamp": "2026-02-22T16:14:11.536091",
  "device": "solar_panel",
  "panel_id": 1,
  "power_watts": 381,
  "temperature": 29,
  "status": "ok"
}
--------------------------------------------------------------------------------
{
  "timestamp": "2026-02-22T16:14:12.537422",
  "device": "solar_panel",
  "panel_id": 2,
  "power_watts": 611,
  "temperature": 37,
  "status": "ok"
}
--------------------------------------------------------------------------------
{
  "timestamp": "2026-02-22T16:14:13.538926",
  "device": "solar_panel",
  "panel_id": 3,
  "power_watts": 159,
  "temperature": 25,
  "status": "ok"
}
--------------------------------------------------------------------------------
{
  "timestamp": "2026-02-22T16:14:24.541005",
  "device": "solar_panel",
  "panel_id": 1,
  "power_watts": 101,
  "temperature": 57,
  "status": "ok"
}
--------------------------------------------------------------------------------
{
  "timestamp": "2026-02-22T16:14:25.542306",
  "device": "solar_panel",
  "panel_id": 2,
  "power_watts": 50,
  "temperature": 60,
  "status": "low_power"
}
--------------------------------------------------------------------------------
{
  "timestamp": "2026-02-22T16:14:26.543342",
  "device": "solar_panel",
  "panel_id": 3,
  "power_watts": 703,
  "temperature": 45,
  "status": "ok"
}
--------------------------------------------------------------------------------
{
  "timestamp": "2026-02-22T16:14:37.544916",
  "device": "solar_panel",
  "panel_id": 1,
  "power_watts": 70,
  "temperature": 40,
  "status": "low_power"
}
--------------------------------------------------------------------------------
{
  "timestamp": "2026-02-22T16:14:38.546043",
  "device": "solar_panel",
  "panel_id": 2,
  "power_watts": 940,
  "temperature": 55,
  "status": "ok"
}
--------------------------------------------------------------------------------
{
  "timestamp": "2026-02-22T16:14:39.547404",
  "device": "solar_panel",
  "panel_id": 3,
  "power_watts": 146,
  "temperature": 37,
  "status": "ok"
}
--------------------------------------------------------------------------------
{
  "timestamp": "2026-02-22T16:14:50.548565",
  "device": "solar_panel",
  "panel_id": 1,
  "power_watts": 916,
  "temperature": 39,
  "status": "ok"
}
--------------------------------------------------------------------------------
{
  "timestamp": "2026-02-22T16:14:51.549595",
  "device": "solar_panel",
  "panel_id": 2,
  "power_watts": 609,
  "temperature": 45,
  "status": "ok"
}
--------------------------------------------------------------------------------
{
  "timestamp": "2026-02-22T16:14:52.550528",
  "device": "solar_panel",
  "panel_id": 3,
  "power_watts": 829,
  "temperature": 56,
  "status": "ok"
}
--------------------------------------------------------------------------------
{
  "timestamp": "2026-02-22T16:15:03.552014",
  "device": "solar_panel",
  "panel_id": 1,
  "power_watts": 654,
  "temperature": 51,
  "status": "ok"
}
--------------------------------------------------------------------------------
{
  "timestamp": "2026-02-22T16:15:04.553274",
  "device": "solar_panel",
  "panel_id": 2,
  "power_watts": 697,
  "temperature": 43,
  "status": "ok"
}
--------------------------------------------------------------------------------
{
  "timestamp": "2026-02-22T16:15:05.554338",
  "device": "solar_panel",
  "panel_id": 3,
  "power_watts": 716,
  "temperature": 32,
  "status": "ok"
}
--------------------------------------------------------------------------------
{
  "timestamp": "2026-02-22T16:15:16.555782",
  "device": "solar_panel",
  "panel_id": 1,
  "power_watts": 863,
  "temperature": 40,
  "status": "ok"
}
--------------------------------------------------------------------------------
{
  "timestamp": "2026-02-22T16:15:17.556694",
  "device": "solar_panel",
  "panel_id": 2,
  "power_watts": 357,
  "temperature": 51,
  "status": "ok"
}
--------------------------------------------------------------------------------
{
  "timestamp": "2026-02-22T16:15:18.557957",
  "device": "solar_panel",
  "panel_id": 3,
  "power_watts": 793,
  "temperature": 31,
  "status": "ok"
}
--------------------------------------------------------------------------------
{
  "timestamp": "2026-02-22T16:15:29.559722",
  "device": "solar_panel",
  "panel_id": 1,
  "power_watts": 447,
  "temperature": 30,
  "status": "ok"
}
--------------------------------------------------------------------------------
{
  "timestamp": "2026-02-22T16:15:30.560861",
  "device": "solar_panel",
  "panel_id": 2,
  "power_watts": 981,
  "temperature": 25,
  "status": "ok"
}
--------------------------------------------------------------------------------
{
  "timestamp": "2026-02-22T16:15:31.562234",
  "device": "solar_panel",
  "panel_id": 3,
  "power_watts": 805,
  "temperature": 33,
  "status": "ok"
}
--------------------------------------------------------------------------------
{
  "timestamp": "2026-02-22T16:15:42.564076",
  "device": "solar_panel",
  "panel_id": 1,
  "power_watts": 382,
  "temperature": 25,
  "status": "ok"
}
--------------------------------------------------------------------------------
{
  "timestamp": "2026-02-22T16:15:43.565298",
  "device": "solar_panel",
  "panel_id": 2,
  "power_watts": 986,
  "temperature": 38,
  "status": "ok"
}
--------------------------------------------------------------------------------
{
  "timestamp": "2026-02-22T16:15:44.566544",
  "device": "solar_panel",
  "panel_id": 3,
  "power_watts": 967,
  "temperature": 57,
  "status": "ok"
}
--------------------------------------------------------------------------------
{
  "timestamp": "2026-02-22T16:15:55.567947",
  "device": "solar_panel",
  "panel_id": 1,
  "power_watts": 474,
  "temperature": 54,
  "status": "ok"
}
--------------------------------------------------------------------------------
{
  "timestamp": "2026-02-22T16:15:56.568880",
  "device": "solar_panel",
  "panel_id": 2,
  "power_watts": 637,
  "temperature": 29,
  "status": "ok"
}
--------------------------------------------------------------------------------
{
  "timestamp": "2026-02-22T16:15:57.569672",
  "device": "solar_panel",
  "panel_id": 3,
  "power_watts": 857,
  "temperature": 50,
  "status": "ok"
}
--------------------------------------------------------------------------------
{
  "timestamp": "2026-02-22T16:16:08.570941",
  "device": "solar_panel",
  "panel_id": 1,
  "power_watts": 161,
  "temperature": 28,
  "status": "ok"
}
--------------------------------------------------------------------------------
{
  "timestamp": "2026-02-22T16:16:09.572042",
  "device": "solar_panel",
  "panel_id": 2,
  "power_watts": 315,
  "temperature": 30,
  "status": "ok"
}
--------------------------------------------------------------------------------
{
  "timestamp": "2026-02-22T16:16:10.572945",
  "device": "solar_panel",
  "panel_id": 3,
  "power_watts": 339,
  "temperature": 52,
  "status": "ok"
}
--------------------------------------------------------------------------------
{
  "timestamp": "2026-02-22T16:16:21.574418",
  "device": "solar_panel",
  "panel_id": 1,
  "power_watts": 176,
  "temperature": 46,
  "status": "ok"
}
--------------------------------------------------------------------------------
{
  "timestamp": "2026-02-22T16:16:22.575850",
  "device": "solar_panel",
  "panel_id": 2,
  "power_watts": 781,
  "temperature": 41,
  "status": "ok"
}
--------------------------------------------------------------------------------
{
  "timestamp": "2026-02-22T16:16:23.576784",
  "device": "solar_panel",
  "panel_id": 3,
  "power_watts": 768,
  "temperature": 31,
  "status": "ok"
}
--------------------------------------------------------------------------------
{
  "timestamp": "2026-02-22T16:16:34.578356",
  "device": "solar_panel",
  "panel_id": 1,
  "power_watts": 337,
  "temperature": 28,
  "status": "ok"
}
--------------------------------------------------------------------------------
{
  "timestamp": "2026-02-22T16:16:35.579340",
  "device": "solar_panel",
  "panel_id": 2,
  "power_watts": 886,
  "temperature": 29,
  "status": "ok"
}
--------------------------------------------------------------------------------
{
  "timestamp": "2026-02-22T16:16:36.580279",
  "device": "solar_panel",
  "panel_id": 3,
  "power_watts": 78,
  "temperature": 28,
  "status": "low_power"
}
--------------------------------------------------------------------------------
{
  "timestamp": "2026-02-22T16:16:47.582015",
  "device": "solar_panel",
  "panel_id": 1,
  "power_watts": 356,
  "temperature": 37,
  "status": "ok"
}
--------------------------------------------------------------------------------
{
  "timestamp": "2026-02-22T16:16:48.583202",
  "device": "solar_panel",
  "panel_id": 2,
  "power_watts": 672,
  "temperature": 28,
  "status": "ok"
}
--------------------------------------------------------------------------------
{
  "timestamp": "2026-02-22T16:16:49.584290",
  "device": "solar_panel",
  "panel_id": 3,
  "power_watts": 684,
  "temperature": 38,
  "status": "ok"
}
--------------------------------------------------------------------------------
{
  "timestamp": "2026-02-22T16:17:00.585707",
  "device": "solar_panel",
  "panel_id": 1,
  "power_watts": 542,
  "temperature": 29,
  "status": "ok"
}
--------------------------------------------------------------------------------
{
  "timestamp": "2026-02-22T16:17:01.586874",
  "device": "solar_panel",
  "panel_id": 2,
  "power_watts": 831,
  "temperature": 44,
  "status": "ok"
}
--------------------------------------------------------------------------------
{
  "timestamp": "2026-02-22T16:17:02.588184",
  "device": "solar_panel",
  "panel_id": 3,
  "power_watts": 878,
  "temperature": 47,
  "status": "ok"
}
--------------------------------------------------------------------------------
{
  "timestamp": "2026-02-22T16:17:13.589906",
  "device": "solar_panel",
  "panel_id": 1,
  "power_watts": 456,
  "temperature": 27,
  "status": "ok"
}
--------------------------------------------------------------------------------
{
  "timestamp": "2026-02-22T16:17:14.590914",
  "device": "solar_panel",
  "panel_id": 2,
  "power_watts": 147,
  "temperature": 31,
  "status": "ok"
}
--------------------------------------------------------------------------------
{
  "timestamp": "2026-02-22T16:17:15.592232",
  "device": "solar_panel",
  "panel_id": 3,
  "power_watts": 419,
  "temperature": 37,
  "status": "ok"
}
--------------------------------------------------------------------------------
{
  "timestamp": "2026-02-22T16:17:26.593704",
  "device": "solar_panel",
  "panel_id": 1,
  "power_watts": 169,
  "temperature": 28,
  "status": "ok"
}
--------------------------------------------------------------------------------
{
  "timestamp": "2026-02-22T16:17:27.595089",
  "device": "solar_panel",
  "panel_id": 2,
  "power_watts": 73,
  "temperature": 58,
  "status": "low_power"
}
--------------------------------------------------------------------------------
{
  "timestamp": "2026-02-22T16:17:28.596112",
  "device": "solar_panel",
  "panel_id": 3,
  "power_watts": 763,
  "temperature": 60,
  "status": "ok"
}
--------------------------------------------------------------------------------
{
  "timestamp": "2026-02-22T16:17:39.597471",
  "device": "solar_panel",
  "panel_id": 1,
  "power_watts": 844,
  "temperature": 56,
  "status": "ok"
}
--------------------------------------------------------------------------------
{
  "timestamp": "2026-02-22T16:17:40.599011",
  "device": "solar_panel",
  "panel_id": 2,
  "power_watts": 814,
  "temperature": 34,
  "status": "ok"
}
--------------------------------------------------------------------------------
{
  "timestamp": "2026-02-22T16:17:41.599888",
  "device": "solar_panel",
  "panel_id": 3,
  "power_watts": 689,
  "temperature": 43,
  "status": "ok"
}
--------------------------------------------------------------------------------
{
  "timestamp": "2026-02-22T16:17:52.601726",
  "device": "solar_panel",
  "panel_id": 1,
  "power_watts": 266,
  "temperature": 43,
  "status": "ok"
}
--------------------------------------------------------------------------------
{
  "timestamp": "2026-02-22T16:17:53.602835",
  "device": "solar_panel",
  "panel_id": 2,
  "power_watts": 721,
  "temperature": 45,
  "status": "ok"
}
--------------------------------------------------------------------------------
{
  "timestamp": "2026-02-22T16:17:54.603889",
  "device": "solar_panel",
  "panel_id": 3,
  "power_watts": 737,
  "temperature": 25,
  "status": "ok"
}
--------------------------------------------------------------------------------
{
  "timestamp": "2026-02-22T16:18:05.605201",
  "device": "solar_panel",
  "panel_id": 1,
  "power_watts": 402,
  "temperature": 53,
  "status": "ok"
}
--------------------------------------------------------------------------------
{
  "timestamp": "2026-02-22T16:18:06.606237",
  "device": "solar_panel",
  "panel_id": 2,
  "power_watts": 651,
  "temperature": 40,
  "status": "ok"
}
--------------------------------------------------------------------------------
{
  "timestamp": "2026-02-22T16:18:07.607241",
  "device": "solar_panel",
  "panel_id": 3,
  "power_watts": 775,
  "temperature": 36,
  "status": "ok"
}
--------------------------------------------------------------------------------
{
  "timestamp": "2026-02-22T16:18:18.608389",
  "device": "solar_panel",
  "panel_id": 1,
  "power_watts": 102,
  "temperature": 59,
  "status": "ok"
}
--------------------------------------------------------------------------------
{
  "timestamp": "2026-02-22T16:18:19.609565",
  "device": "solar_panel",
  "panel_id": 2,
  "power_watts": 659,
  "temperature": 56,
  "status": "ok"
}
--------------------------------------------------------------------------------
{
  "timestamp": "2026-02-22T16:18:20.610937",
  "device": "solar_panel",
  "panel_id": 3,
  "power_watts": 82,
  "temperature": 25,
  "status": "low_power"
}
--------------------------------------------------------------------------------
{
  "timestamp": "2026-02-22T16:18:31.612368",
  "device": "solar_panel",
  "panel_id": 1,
  "power_watts": 106,
  "temperature": 44,
  "status": "ok"
}
--------------------------------------------------------------------------------
{
  "timestamp": "2026-02-22T16:18:32.613679",
  "device": "solar_panel",
  "panel_id": 2,
  "power_watts": 155,
  "temperature": 57,
  "status": "ok"
}
--------------------------------------------------------------------------------
{
  "timestamp": "2026-02-22T16:18:33.614741",
  "device": "solar_panel",
  "panel_id": 3,
  "power_watts": 447,
  "temperature": 43,
  "status": "ok"
}
--------------------------------------------------------------------------------
{
  "timestamp": "2026-02-22T16:18:44.616205",
  "device": "solar_panel",
  "panel_id": 1,
  "power_watts": 944,
  "temperature": 46,
  "status": "ok"
}
--------------------------------------------------------------------------------
{
  "timestamp": "2026-02-22T16:18:45.617571",
  "device": "solar_panel",
  "panel_id": 2,
  "power_watts": 924,
  "temperature": 40,
  "status": "ok"
}
--------------------------------------------------------------------------------
{
  "timestamp": "2026-02-22T16:18:46.618357",
  "device": "solar_panel",
  "panel_id": 3,
  "power_watts": 494,
  "temperature": 38,
  "status": "ok"
}
--------------------------------------------------------------------------------
{
  "timestamp": "2026-02-22T16:18:57.619549",
  "device": "solar_panel",
  "panel_id": 1,
  "power_watts": 112,
  "temperature": 26,
  "status": "ok"
}
--------------------------------------------------------------------------------
{
  "timestamp": "2026-02-22T16:18:58.620541",
  "device": "solar_panel",
  "panel_id": 2,
  "power_watts": 282,
  "temperature": 53,
  "status": "ok"
}
--------------------------------------------------------------------------------
{
  "timestamp": "2026-02-22T16:18:59.621684",
  "device": "solar_panel",
  "panel_id": 3,
  "power_watts": 890,
  "temperature": 27,
  "status": "ok"
}
--------------------------------------------------------------------------------
{
  "timestamp": "2026-02-22T16:19:10.623220",
  "device": "solar_panel",
  "panel_id": 1,
  "power_watts": 158,
  "temperature": 31,
  "status": "ok"
}
--------------------------------------------------------------------------------
{
  "timestamp": "2026-02-22T16:19:11.624334",
  "device": "solar_panel",
  "panel_id": 2,
  "power_watts": 828,
  "temperature": 32,
  "status": "ok"
}
--------------------------------------------------------------------------------
{
  "timestamp": "2026-02-22T16:19:12.625217",
  "device": "solar_panel",
  "panel_id": 3,
  "power_watts": 816,
  "temperature": 57,
  "status": "ok"
}
--------------------------------------------------------------------------------
{
  "timestamp": "2026-02-22T16:19:23.626707",
  "device": "solar_panel",
  "panel_id": 1,
  "power_watts": 999,
  "temperature": 36,
  "status": "ok"
}
--------------------------------------------------------------------------------
{
  "timestamp": "2026-02-22T16:19:24.627803",
  "device": "solar_panel",
  "panel_id": 2,
  "power_watts": 798,
  "temperature": 52,
  "status": "ok"
}
--------------------------------------------------------------------------------
{
  "timestamp": "2026-02-22T16:19:25.629047",
  "device": "solar_panel",
  "panel_id": 3,
  "power_watts": 878,
  "temperature": 35,
  "status": "ok"
}
--------------------------------------------------------------------------------
{
  "timestamp": "2026-02-22T16:19:36.630592",
  "device": "solar_panel",
  "panel_id": 1,
  "power_watts": 262,
  "temperature": 34,
  "status": "ok"
}
--------------------------------------------------------------------------------
{
  "timestamp": "2026-02-22T16:19:37.631807",
  "device": "solar_panel",
  "panel_id": 2,
  "power_watts": 875,
  "temperature": 43,
  "status": "ok"
}
--------------------------------------------------------------------------------
{
  "timestamp": "2026-02-22T16:19:38.633163",
  "device": "solar_panel",
  "panel_id": 3,
  "power_watts": 615,
  "temperature": 38,
  "status": "ok"
}
--------------------------------------------------------------------------------
{
  "timestamp": "2026-02-22T16:19:49.634963",
  "device": "solar_panel",
  "panel_id": 1,
  "power_watts": 803,
  "temperature": 39,
  "status": "ok"
}
--------------------------------------------------------------------------------
{
  "timestamp": "2026-02-22T16:19:50.635989",
  "device": "solar_panel",
  "panel_id": 2,
  "power_watts": 555,
  "temperature": 37,
  "status": "ok"
}
--------------------------------------------------------------------------------
{
  "timestamp": "2026-02-22T16:19:51.637069",
  "device": "solar_panel",
  "panel_id": 3,
  "power_watts": 582,
  "temperature": 31,
  "status": "ok"
}
--------------------------------------------------------------------------------
{
  "timestamp": "2026-02-22T16:20:02.638283",
  "device": "solar_panel",
  "panel_id": 1,
  "power_watts": 248,
  "temperature": 56,
  "status": "ok"
}
--------------------------------------------------------------------------------
{
  "timestamp": "2026-02-22T16:20:03.639531",
  "device": "solar_panel",
  "panel_id": 2,
  "power_watts": 64,
  "temperature": 35,
  "status": "low_power"
}
--------------------------------------------------------------------------------
{
  "timestamp": "2026-02-22T16:20:04.640673",
  "device": "solar_panel",
  "panel_id": 3,
  "power_watts": 227,
  "temperature": 39,
  "status": "ok"
}
--------------------------------------------------------------------------------
{
  "timestamp": "2026-02-22T16:20:15.641725",
  "device": "solar_panel",
  "panel_id": 1,
  "power_watts": 236,
  "temperature": 52,
  "status": "ok"
}
--------------------------------------------------------------------------------
{
  "timestamp": "2026-02-22T16:20:16.643106",
  "device": "solar_panel",
  "panel_id": 2,
  "power_watts": 807,
  "temperature": 41,
  "status": "ok"
}
--------------------------------------------------------------------------------
{
  "timestamp": "2026-02-22T16:20:17.643840",
  "device": "solar_panel",
  "panel_id": 3,
  "power_watts": 500,
  "temperature": 29,
  "status": "ok"
}
--------------------------------------------------------------------------------
{
  "timestamp": "2026-02-22T16:20:28.645085",
  "device": "solar_panel",
  "panel_id": 1,
  "power_watts": 649,
  "temperature": 57,
  "status": "ok"
}
--------------------------------------------------------------------------------
{
  "timestamp": "2026-02-22T16:20:29.645911",
  "device": "solar_panel",
  "panel_id": 2,
  "power_watts": 336,
  "temperature": 46,
  "status": "ok"
}
--------------------------------------------------------------------------------
{
  "timestamp": "2026-02-22T16:20:30.646903",
  "device": "solar_panel",
  "panel_id": 3,
  "power_watts": 50,
  "temperature": 55,
  "status": "low_power"
}
--------------------------------------------------------------------------------
{
  "timestamp": "2026-02-22T16:20:41.648109",
  "device": "solar_panel",
  "panel_id": 1,
  "power_watts": 828,
  "temperature": 28,
  "status": "ok"
}
--------------------------------------------------------------------------------
{
  "timestamp": "2026-02-22T16:20:42.649516",
  "device": "solar_panel",
  "panel_id": 2,
  "power_watts": 753,
  "temperature": 47,
  "status": "ok"
}
--------------------------------------------------------------------------------
{
  "timestamp": "2026-02-22T16:20:43.650669",
  "device": "solar_panel",
  "panel_id": 3,
  "power_watts": 624,
  "temperature": 32,
  "status": "ok"
}
--------------------------------------------------------------------------------
{
  "timestamp": "2026-02-22T16:20:54.651885",
  "device": "solar_panel",
  "panel_id": 1,
  "power_watts": 698,
  "temperature": 25,
  "status": "ok"
}
--------------------------------------------------------------------------------
{
  "timestamp": "2026-02-22T16:20:55.653089",
  "device": "solar_panel",
  "panel_id": 2,
  "power_watts": 935,
  "temperature": 58,
  "status": "ok"
}
--------------------------------------------------------------------------------
{
  "timestamp": "2026-02-22T16:20:56.654163",
  "device": "solar_panel",
  "panel_id": 3,
  "power_watts": 488,
  "temperature": 44,
  "status": "ok"
}
--------------------------------------------------------------------------------
{
  "timestamp": "2026-02-22T16:21:07.656070",
  "device": "solar_panel",
  "panel_id": 1,
  "power_watts": 536,
  "temperature": 43,
  "status": "ok"
}
--------------------------------------------------------------------------------
{
  "timestamp": "2026-02-22T16:21:08.657200",
  "device": "solar_panel",
  "panel_id": 2,
  "power_watts": 662,
  "temperature": 53,
  "status": "ok"
}
--------------------------------------------------------------------------------
{
  "timestamp": "2026-02-22T16:21:09.658190",
  "device": "solar_panel",
  "panel_id": 3,
  "power_watts": 970,
  "temperature": 50,
  "status": "ok"
}
--------------------------------------------------------------------------------
{
  "timestamp": "2026-02-22T16:21:20.659861",
  "device": "solar_panel",
  "panel_id": 1,
  "power_watts": 131,
  "temperature": 48,
  "status": "ok"
}
--------------------------------------------------------------------------------
{
  "timestamp": "2026-02-22T16:21:21.661075",
  "device": "solar_panel",
  "panel_id": 2,
  "power_watts": 410,
  "temperature": 56,
  "status": "ok"
}
--------------------------------------------------------------------------------
{
  "timestamp": "2026-02-22T16:21:22.662341",
  "device": "solar_panel",
  "panel_id": 3,
  "power_watts": 566,
  "temperature": 34,
  "status": "ok"
}
--------------------------------------------------------------------------------
{
  "timestamp": "2026-02-22T16:21:33.663673",
  "device": "solar_panel",
  "panel_id": 1,
  "power_watts": 763,
  "temperature": 47,
  "status": "ok"
}
--------------------------------------------------------------------------------
{
  "timestamp": "2026-02-22T16:21:34.664941",
  "device": "solar_panel",
  "panel_id": 2,
  "power_watts": 411,
  "temperature": 44,
  "status": "ok"
}
--------------------------------------------------------------------------------
{
  "timestamp": "2026-02-22T16:21:35.665795",
  "device": "solar_panel",
  "panel_id": 3,
  "power_watts": 619,
  "temperature": 55,
  "status": "ok"
}
--------------------------------------------------------------------------------
{
  "timestamp": "2026-02-22T16:21:46.667258",
  "device": "solar_panel",
  "panel_id": 1,
  "power_watts": 306,
  "temperature": 54,
  "status": "ok"
}
--------------------------------------------------------------------------------
{
  "timestamp": "2026-02-22T16:21:47.668633",
  "device": "solar_panel",
  "panel_id": 2,
  "power_watts": 538,
  "temperature": 48,
  "status": "ok"
}
--------------------------------------------------------------------------------
{
  "timestamp": "2026-02-22T16:21:48.669983",
  "device": "solar_panel",
  "panel_id": 3,
  "power_watts": 799,
  "temperature": 51,
  "status": "ok"
}
--------------------------------------------------------------------------------
{
  "timestamp": "2026-02-22T16:21:59.671492",
  "device": "solar_panel",
  "panel_id": 1,
  "power_watts": 286,
  "temperature": 33,
  "status": "ok"
}
--------------------------------------------------------------------------------
{
  "timestamp": "2026-02-22T16:22:00.672282",
  "device": "solar_panel",
  "panel_id": 2,
  "power_watts": 641,
  "temperature": 52,
  "status": "ok"
}
--------------------------------------------------------------------------------
{
  "timestamp": "2026-02-22T16:22:01.673427",
  "device": "solar_panel",
  "panel_id": 3,
  "power_watts": 134,
  "temperature": 35,
  "status": "ok"
}
--------------------------------------------------------------------------------
{
  "timestamp": "2026-02-22T16:22:12.675053",
  "device": "solar_panel",
  "panel_id": 1,
  "power_watts": 202,
  "temperature": 31,
  "status": "ok"
}
--------------------------------------------------------------------------------
{
  "timestamp": "2026-02-22T16:22:13.676502",
  "device": "solar_panel",
  "panel_id": 2,
  "power_watts": 522,
  "temperature": 39,
  "status": "ok"
}
--------------------------------------------------------------------------------
{
  "timestamp": "2026-02-22T16:22:14.677781",
  "device": "solar_panel",
  "panel_id": 3,
  "power_watts": 864,
  "temperature": 38,
  "status": "ok"
}
--------------------------------------------------------------------------------
{
  "timestamp": "2026-02-22T16:22:25.679333",
  "device": "solar_panel",
  "panel_id": 1,
  "power_watts": 791,
  "temperature": 50,
  "status": "ok"
}
--------------------------------------------------------------------------------
{
  "timestamp": "2026-02-22T16:22:26.680406",
  "device": "solar_panel",
  "panel_id": 2,
  "power_watts": 147,
  "temperature": 46,
  "status": "ok"
}
--------------------------------------------------------------------------------
{
  "timestamp": "2026-02-22T16:22:27.681439",
  "device": "solar_panel",
  "panel_id": 3,
  "power_watts": 144,
  "temperature": 50,
  "status": "ok"
}
--------------------------------------------------------------------------------
{
  "timestamp": "2026-02-22T16:22:38.682964",
  "device": "solar_panel",
  "panel_id": 1,
  "power_watts": 301,
  "temperature": 42,
  "status": "ok"
}
--------------------------------------------------------------------------------
{
  "timestamp": "2026-02-22T16:22:39.683963",
  "device": "solar_panel",
  "panel_id": 2,
  "power_watts": 239,
  "temperature": 40,
  "status": "ok"
}
--------------------------------------------------------------------------------
{
  "timestamp": "2026-02-22T16:22:40.684992",
  "device": "solar_panel",
  "panel_id": 3,
  "power_watts": 842,
  "temperature": 51,
  "status": "ok"
}
--------------------------------------------------------------------------------
{
  "timestamp": "2026-02-22T16:22:51.686115",
  "device": "solar_panel",
  "panel_id": 1,
  "power_watts": 105,
  "temperature": 40,
  "status": "ok"
}
--------------------------------------------------------------------------------
{
  "timestamp": "2026-02-22T16:22:52.687576",
  "device": "solar_panel",
  "panel_id": 2,
  "power_watts": 469,
  "temperature": 28,
  "status": "ok"
}
--------------------------------------------------------------------------------
{
  "timestamp": "2026-02-22T16:22:53.688501",
  "device": "solar_panel",
  "panel_id": 3,
  "power_watts": 808,
  "temperature": 33,
  "status": "ok"
}
--------------------------------------------------------------------------------
{
  "timestamp": "2026-02-22T16:23:04.690232",
  "device": "solar_panel",
  "panel_id": 1,
  "power_watts": 684,
  "temperature": 33,
  "status": "ok"
}
--------------------------------------------------------------------------------
{
  "timestamp": "2026-02-22T16:23:05.691248",
  "device": "solar_panel",
  "panel_id": 2,
  "power_watts": 549,
  "temperature": 35,
  "status": "ok"
}
--------------------------------------------------------------------------------
{
  "timestamp": "2026-02-22T16:23:06.692279",
  "device": "solar_panel",
  "panel_id": 3,
  "power_watts": 401,
  "temperature": 54,
  "status": "ok"
}
--------------------------------------------------------------------------------
{
  "timestamp": "2026-02-22T16:23:17.693827",
  "device": "solar_panel",
  "panel_id": 1,
  "power_watts": 972,
  "temperature": 39,
  "status": "ok"
}
--------------------------------------------------------------------------------
{
  "timestamp": "2026-02-22T16:23:18.694903",
  "device": "solar_panel",
  "panel_id": 2,
  "power_watts": 623,
  "temperature": 35,
  "status": "ok"
}
--------------------------------------------------------------------------------
{
  "timestamp": "2026-02-22T16:23:19.695965",
  "device": "solar_panel",
  "panel_id": 3,
  "power_watts": 129,
  "temperature": 34,
  "status": "ok"
}
--------------------------------------------------------------------------------
{
  "timestamp": "2026-02-22T16:23:30.697271",
  "device": "solar_panel",
  "panel_id": 1,
  "power_watts": 915,
  "temperature": 48,
  "status": "ok"
}
--------------------------------------------------------------------------------
{
  "timestamp": "2026-02-22T16:23:31.698655",
  "device": "solar_panel",
  "panel_id": 2,
  "power_watts": 394,
  "temperature": 31,
  "status": "ok"
}
--------------------------------------------------------------------------------
{
  "timestamp": "2026-02-22T16:23:32.699325",
  "device": "solar_panel",
  "panel_id": 3,
  "power_watts": 783,
  "temperature": 41,
  "status": "ok"
}
--------------------------------------------------------------------------------
{
  "timestamp": "2026-02-22T16:23:43.701161",
  "device": "solar_panel",
  "panel_id": 1,
  "power_watts": 412,
  "temperature": 40,
  "status": "ok"
}
--------------------------------------------------------------------------------
{
  "timestamp": "2026-02-22T16:23:44.702496",
  "device": "solar_panel",
  "panel_id": 2,
  "power_watts": 111,
  "temperature": 26,
  "status": "ok"
}
--------------------------------------------------------------------------------
{
  "timestamp": "2026-02-22T16:23:45.703618",
  "device": "solar_panel",
  "panel_id": 3,
  "power_watts": 760,
  "temperature": 47,
  "status": "ok"
}
--------------------------------------------------------------------------------
{
  "timestamp": "2026-02-22T16:23:56.705183",
  "device": "solar_panel",
  "panel_id": 1,
  "power_watts": 372,
  "temperature": 29,
  "status": "ok"
}
--------------------------------------------------------------------------------
{
  "timestamp": "2026-02-22T16:23:57.706524",
  "device": "solar_panel",
  "panel_id": 2,
  "power_watts": 896,
  "temperature": 53,
  "status": "ok"
}
--------------------------------------------------------------------------------
{
  "timestamp": "2026-02-22T16:23:58.707904",
  "device": "solar_panel",
  "panel_id": 3,
  "power_watts": 104,
  "temperature": 27,
  "status": "ok"
}
--------------------------------------------------------------------------------
{
  "timestamp": "2026-02-22T16:24:09.709155",
  "device": "solar_panel",
  "panel_id": 1,
  "power_watts": 641,
  "temperature": 27,
  "status": "ok"
}
--------------------------------------------------------------------------------
{
  "timestamp": "2026-02-22T16:24:10.710114",
  "device": "solar_panel",
  "panel_id": 2,
  "power_watts": 626,
  "temperature": 39,
  "status": "ok"
}
--------------------------------------------------------------------------------
{
  "timestamp": "2026-02-22T16:24:11.711044",
  "device": "solar_panel",
  "panel_id": 3,
  "power_watts": 450,
  "temperature": 29,
  "status": "ok"
}
--------------------------------------------------------------------------------
{
  "timestamp": "2026-02-22T16:24:22.712522",
  "device": "solar_panel",
  "panel_id": 1,
  "power_watts": 888,
  "temperature": 33,
  "status": "ok"
}
--------------------------------------------------------------------------------
{
  "timestamp": "2026-02-22T16:24:23.713585",
  "device": "solar_panel",
  "panel_id": 2,
  "power_watts": 479,
  "temperature": 47,
  "status": "ok"
}
--------------------------------------------------------------------------------
{
  "timestamp": "2026-02-22T16:24:24.714743",
  "device": "solar_panel",
  "panel_id": 3,
  "power_watts": 716,
  "temperature": 36,
  "status": "ok"
}
--------------------------------------------------------------------------------
{
  "timestamp": "2026-02-22T16:24:35.716112",
  "device": "solar_panel",
  "panel_id": 1,
  "power_watts": 485,
  "temperature": 60,
  "status": "ok"
}
--------------------------------------------------------------------------------
{
  "timestamp": "2026-02-22T16:24:36.717515",
  "device": "solar_panel",
  "panel_id": 2,
  "power_watts": 176,
  "temperature": 45,
  "status": "ok"
}
--------------------------------------------------------------------------------
{
  "timestamp": "2026-02-22T16:24:37.718846",
  "device": "solar_panel",
  "panel_id": 3,
  "power_watts": 959,
  "temperature": 26,
  "status": "ok"
}
--------------------------------------------------------------------------------
{
  "timestamp": "2026-02-22T16:24:48.719963",
  "device": "solar_panel",
  "panel_id": 1,
  "power_watts": 883,
  "temperature": 40,
  "status": "ok"
}
--------------------------------------------------------------------------------
{
  "timestamp": "2026-02-22T16:24:49.721048",
  "device": "solar_panel",
  "panel_id": 2,
  "power_watts": 72,
  "temperature": 55,
  "status": "low_power"
}
--------------------------------------------------------------------------------
{
  "timestamp": "2026-02-22T16:24:50.722004",
  "device": "solar_panel",
  "panel_id": 3,
  "power_watts": 935,
  "temperature": 51,
  "status": "ok"
}
--------------------------------------------------------------------------------
{
  "timestamp": "2026-02-22T16:25:01.723507",
  "device": "solar_panel",
  "panel_id": 1,
  "power_watts": 127,
  "temperature": 57,
  "status": "ok"
}
--------------------------------------------------------------------------------
{
  "timestamp": "2026-02-22T16:25:02.724429",
  "device": "solar_panel",
  "panel_id": 2,
  "power_watts": 722,
  "temperature": 40,
  "status": "ok"
}
--------------------------------------------------------------------------------
{
  "timestamp": "2026-02-22T16:25:03.725620",
  "device": "solar_panel",
  "panel_id": 3,
  "power_watts": 899,
  "temperature": 48,
  "status": "ok"
}
--------------------------------------------------------------------------------
{
  "timestamp": "2026-02-22T16:25:14.727226",
  "device": "solar_panel",
  "panel_id": 1,
  "power_watts": 473,
  "temperature": 25,
  "status": "ok"
}
--------------------------------------------------------------------------------
{
  "timestamp": "2026-02-22T16:25:15.728156",
  "device": "solar_panel",
  "panel_id": 2,
  "power_watts": 622,
  "temperature": 53,
  "status": "ok"
}
--------------------------------------------------------------------------------
{
  "timestamp": "2026-02-22T16:25:16.729258",
  "device": "solar_panel",
  "panel_id": 3,
  "power_watts": 262,
  "temperature": 45,
  "status": "ok"
}
--------------------------------------------------------------------------------
{
  "timestamp": "2026-02-22T16:25:27.730428",
  "device": "solar_panel",
  "panel_id": 1,
  "power_watts": 890,
  "temperature": 57,
  "status": "ok"
}
--------------------------------------------------------------------------------
{
  "timestamp": "2026-02-22T16:25:28.731947",
  "device": "solar_panel",
  "panel_id": 2,
  "power_watts": 138,
  "temperature": 35,
  "status": "ok"
}
--------------------------------------------------------------------------------
{
  "timestamp": "2026-02-22T16:25:29.732923",
  "device": "solar_panel",
  "panel_id": 3,
  "power_watts": 471,
  "temperature": 60,
  "status": "ok"
}
--------------------------------------------------------------------------------
{
  "timestamp": "2026-02-22T16:25:40.733836",
  "device": "solar_panel",
  "panel_id": 1,
  "power_watts": 843,
  "temperature": 28,
  "status": "ok"
}
--------------------------------------------------------------------------------
{
  "timestamp": "2026-02-22T16:25:41.735057",
  "device": "solar_panel",
  "panel_id": 2,
  "power_watts": 690,
  "temperature": 35,
  "status": "ok"
}
--------------------------------------------------------------------------------
{
  "timestamp": "2026-02-22T16:25:42.736103",
  "device": "solar_panel",
  "panel_id": 3,
  "power_watts": 625,
  "temperature": 39,
  "status": "ok"
}
--------------------------------------------------------------------------------
{
  "timestamp": "2026-02-22T16:25:53.745164",
  "device": "solar_panel",
  "panel_id": 1,
  "power_watts": 278,
  "temperature": 32,
  "status": "ok"
}
--------------------------------------------------------------------------------
{
  "timestamp": "2026-02-22T16:25:54.746833",
  "device": "solar_panel",
  "panel_id": 2,
  "power_watts": 538,
  "temperature": 48,
  "status": "ok"
}
--------------------------------------------------------------------------------
{
  "timestamp": "2026-02-22T16:25:55.747891",
  "device": "solar_panel",
  "panel_id": 3,
  "power_watts": 498,
  "temperature": 47,
  "status": "ok"
}
--------------------------------------------------------------------------------
{
  "timestamp": "2026-02-22T16:26:06.749312",
  "device": "solar_panel",
  "panel_id": 1,
  "power_watts": 486,
  "temperature": 26,
  "status": "ok"
}
--------------------------------------------------------------------------------
{
  "timestamp": "2026-02-22T16:26:07.750517",
  "device": "solar_panel",
  "panel_id": 2,
  "power_watts": 231,
  "temperature": 28,
  "status": "ok"
}
--------------------------------------------------------------------------------
{
  "timestamp": "2026-02-22T16:26:08.751933",
  "device": "solar_panel",
  "panel_id": 3,
  "power_watts": 107,
  "temperature": 33,
  "status": "ok"
}
--------------------------------------------------------------------------------
{
  "timestamp": "2026-02-22T16:26:19.753310",
  "device": "solar_panel",
  "panel_id": 1,
  "power_watts": 986,
  "temperature": 27,
  "status": "ok"
}
--------------------------------------------------------------------------------
{
  "timestamp": "2026-02-22T16:26:20.754635",
  "device": "solar_panel",
  "panel_id": 2,
  "power_watts": 906,
  "temperature": 31,
  "status": "ok"
}
--------------------------------------------------------------------------------
{
  "timestamp": "2026-02-22T16:26:21.755841",
  "device": "solar_panel",
  "panel_id": 3,
  "power_watts": 939,
  "temperature": 45,
  "status": "ok"
}
--------------------------------------------------------------------------------
{
  "timestamp": "2026-02-22T16:26:32.757532",
  "device": "solar_panel",
  "panel_id": 1,
  "power_watts": 680,
  "temperature": 60,
  "status": "ok"
}
--------------------------------------------------------------------------------
{
  "timestamp": "2026-02-22T16:26:33.758681",
  "device": "solar_panel",
  "panel_id": 2,
  "power_watts": 87,
  "temperature": 52,
  "status": "low_power"
}
--------------------------------------------------------------------------------
{
  "timestamp": "2026-02-22T16:26:34.759458",
  "device": "solar_panel",
  "panel_id": 3,
  "power_watts": 468,
  "temperature": 38,
  "status": "ok"
}
--------------------------------------------------------------------------------
{
  "timestamp": "2026-02-22T16:26:45.761177",
  "device": "solar_panel",
  "panel_id": 1,
  "power_watts": 797,
  "temperature": 43,
  "status": "ok"
}
--------------------------------------------------------------------------------
{
  "timestamp": "2026-02-22T16:26:46.762094",
  "device": "solar_panel",
  "panel_id": 2,
  "power_watts": 451,
  "temperature": 40,
  "status": "ok"
}
--------------------------------------------------------------------------------
{
  "timestamp": "2026-02-22T16:26:47.763145",
  "device": "solar_panel",
  "panel_id": 3,
  "power_watts": 640,
  "temperature": 43,
  "status": "ok"
}
--------------------------------------------------------------------------------
{
  "timestamp": "2026-02-22T16:26:58.764642",
  "device": "solar_panel",
  "panel_id": 1,
  "power_watts": 840,
  "temperature": 31,
  "status": "ok"
}
--------------------------------------------------------------------------------
{
  "timestamp": "2026-02-22T16:26:59.765747",
  "device": "solar_panel",
  "panel_id": 2,
  "power_watts": 918,
  "temperature": 31,
  "status": "ok"
}
--------------------------------------------------------------------------------
{
  "timestamp": "2026-02-22T16:27:00.766413",
  "device": "solar_panel",
  "panel_id": 3,
  "power_watts": 587,
  "temperature": 32,
  "status": "ok"
}
--------------------------------------------------------------------------------
{
  "timestamp": "2026-02-22T16:27:11.768426",
  "device": "solar_panel",
  "panel_id": 1,
  "power_watts": 97,
  "temperature": 41,
  "status": "low_power"
}
--------------------------------------------------------------------------------
{
  "timestamp": "2026-02-22T16:27:12.769276",
  "device": "solar_panel",
  "panel_id": 2,
  "power_watts": 869,
  "temperature": 31,
  "status": "ok"
}
--------------------------------------------------------------------------------
{
  "timestamp": "2026-02-22T16:27:13.770475",
  "device": "solar_panel",
  "panel_id": 3,
  "power_watts": 908,
  "temperature": 59,
  "status": "ok"
}
--------------------------------------------------------------------------------
{
  "timestamp": "2026-02-22T16:27:24.772037",
  "device": "solar_panel",
  "panel_id": 1,
  "power_watts": 370,
  "temperature": 45,
  "status": "ok"
}
--------------------------------------------------------------------------------
{
  "timestamp": "2026-02-22T16:27:25.772839",
  "device": "solar_panel",
  "panel_id": 2,
  "power_watts": 697,
  "temperature": 54,
  "status": "ok"
}
--------------------------------------------------------------------------------
{
  "timestamp": "2026-02-22T16:27:26.773725",
  "device": "solar_panel",
  "panel_id": 3,
  "power_watts": 361,
  "temperature": 28,
  "status": "ok"
}
--------------------------------------------------------------------------------
{
  "timestamp": "2026-02-22T16:27:37.774824",
  "device": "solar_panel",
  "panel_id": 1,
  "power_watts": 997,
  "temperature": 59,
  "status": "ok"
}
--------------------------------------------------------------------------------
{
  "timestamp": "2026-02-22T16:27:38.775698",
  "device": "solar_panel",
  "panel_id": 2,
  "power_watts": 976,
  "temperature": 57,
  "status": "ok"
}
--------------------------------------------------------------------------------
{
  "timestamp": "2026-02-22T16:27:39.826431",
  "device": "solar_panel",
  "panel_id": 3,
  "power_watts": 418,
  "temperature": 56,
  "status": "ok"
}
--------------------------------------------------------------------------------
{
  "timestamp": "2026-02-22T16:27:50.865473",
  "device": "solar_panel",
  "panel_id": 1,
  "power_watts": 454,
  "temperature": 56,
  "status": "ok"
}
--------------------------------------------------------------------------------
{
  "timestamp": "2026-02-22T16:27:51.866448",
  "device": "solar_panel",
  "panel_id": 2,
  "power_watts": 392,
  "temperature": 47,
  "status": "ok"
}
--------------------------------------------------------------------------------
{
  "timestamp": "2026-02-22T16:27:52.867615",
  "device": "solar_panel",
  "panel_id": 3,
  "power_watts": 890,
  "temperature": 55,
  "status": "ok"
}
--------------------------------------------------------------------------------
{
  "timestamp": "2026-02-22T16:28:03.869002",
  "device": "solar_panel",
  "panel_id": 1,
  "power_watts": 987,
  "temperature": 37,
  "status": "ok"
}
--------------------------------------------------------------------------------
{
  "timestamp": "2026-02-22T16:28:04.870014",
  "device": "solar_panel",
  "panel_id": 2,
  "power_watts": 504,
  "temperature": 30,
  "status": "ok"
}
--------------------------------------------------------------------------------
{
  "timestamp": "2026-02-22T16:28:05.871154",
  "device": "solar_panel",
  "panel_id": 3,
  "power_watts": 686,
  "temperature": 44,
  "status": "ok"
}
--------------------------------------------------------------------------------
{
  "timestamp": "2026-02-22T16:28:16.872562",
  "device": "solar_panel",
  "panel_id": 1,
  "power_watts": 960,
  "temperature": 49,
  "status": "ok"
}
--------------------------------------------------------------------------------
{
  "timestamp": "2026-02-22T16:28:17.873400",
  "device": "solar_panel",
  "panel_id": 2,
  "power_watts": 444,
  "temperature": 39,
  "status": "ok"
}
--------------------------------------------------------------------------------
{
  "timestamp": "2026-02-22T16:28:18.874376",
  "device": "solar_panel",
  "panel_id": 3,
  "power_watts": 914,
  "temperature": 40,
  "status": "ok"
}
--------------------------------------------------------------------------------
{
  "timestamp": "2026-02-22T16:28:29.875633",
  "device": "solar_panel",
  "panel_id": 1,
  "power_watts": 394,
  "temperature": 51,
  "status": "ok"
}
--------------------------------------------------------------------------------
{
  "timestamp": "2026-02-22T16:28:30.876454",
  "device": "solar_panel",
  "panel_id": 2,
  "power_watts": 680,
  "temperature": 28,
  "status": "ok"
}
--------------------------------------------------------------------------------
{
  "timestamp": "2026-02-22T16:28:31.877664",
  "device": "solar_panel",
  "panel_id": 3,
  "power_watts": 695,
  "temperature": 26,
  "status": "ok"
}
--------------------------------------------------------------------------------
{
  "timestamp": "2026-02-22T16:28:42.879002",
  "device": "solar_panel",
  "panel_id": 1,
  "power_watts": 917,
  "temperature": 36,
  "status": "ok"
}
--------------------------------------------------------------------------------
{
  "timestamp": "2026-02-22T16:28:43.879913",
  "device": "solar_panel",
  "panel_id": 2,
  "power_watts": 991,
  "temperature": 40,
  "status": "ok"
}
--------------------------------------------------------------------------------
{
  "timestamp": "2026-02-22T16:28:44.881103",
  "device": "solar_panel",
  "panel_id": 3,
  "power_watts": 256,
  "temperature": 57,
  "status": "ok"
}
--------------------------------------------------------------------------------
{
  "timestamp": "2026-02-22T16:28:55.882953",
  "device": "solar_panel",
  "panel_id": 1,
  "power_watts": 615,
  "temperature": 54,
  "status": "ok"
}
--------------------------------------------------------------------------------
{
  "timestamp": "2026-02-22T16:28:56.883989",
  "device": "solar_panel",
  "panel_id": 2,
  "power_watts": 900,
  "temperature": 48,
  "status": "ok"
}
--------------------------------------------------------------------------------
{
  "timestamp": "2026-02-22T16:28:57.885360",
  "device": "solar_panel",
  "panel_id": 3,
  "power_watts": 249,
  "temperature": 45,
  "status": "ok"
}
--------------------------------------------------------------------------------
{
  "timestamp": "2026-02-22T16:29:08.886823",
  "device": "solar_panel",
  "panel_id": 1,
  "power_watts": 793,
  "temperature": 54,
  "status": "ok"
}
--------------------------------------------------------------------------------
{
  "timestamp": "2026-02-22T16:29:09.887738",
  "device": "solar_panel",
  "panel_id": 2,
  "power_watts": 171,
  "temperature": 26,
  "status": "ok"
}
--------------------------------------------------------------------------------
{
  "timestamp": "2026-02-22T16:29:10.888973",
  "device": "solar_panel",
  "panel_id": 3,
  "power_watts": 65,
  "temperature": 59,
  "status": "low_power"
}
--------------------------------------------------------------------------------
{
  "timestamp": "2026-02-22T16:29:21.890940",
  "device": "solar_panel",
  "panel_id": 1,
  "power_watts": 713,
  "temperature": 57,
  "status": "ok"
}
--------------------------------------------------------------------------------
{
  "timestamp": "2026-02-22T16:29:22.892477",
  "device": "solar_panel",
  "panel_id": 2,
  "power_watts": 772,
  "temperature": 35,
  "status": "ok"
}
--------------------------------------------------------------------------------
{
  "timestamp": "2026-02-22T16:29:23.893329",
  "device": "solar_panel",
  "panel_id": 3,
  "power_watts": 204,
  "temperature": 25,
  "status": "ok"
}
--------------------------------------------------------------------------------
{
  "timestamp": "2026-02-22T16:29:34.894535",
  "device": "solar_panel",
  "panel_id": 1,
  "power_watts": 343,
  "temperature": 42,
  "status": "ok"
}
--------------------------------------------------------------------------------
{
  "timestamp": "2026-02-22T16:29:35.895520",
  "device": "solar_panel",
  "panel_id": 2,
  "power_watts": 785,
  "temperature": 50,
  "status": "ok"
}
--------------------------------------------------------------------------------
{
  "timestamp": "2026-02-22T16:29:36.896674",
  "device": "solar_panel",
  "panel_id": 3,
  "power_watts": 961,
  "temperature": 51,
  "status": "ok"
}
--------------------------------------------------------------------------------
{
  "timestamp": "2026-02-22T16:29:47.898028",
  "device": "solar_panel",
  "panel_id": 1,
  "power_watts": 71,
  "temperature": 57,
  "status": "low_power"
}
--------------------------------------------------------------------------------
{
  "timestamp": "2026-02-22T16:29:48.899284",
  "device": "solar_panel",
  "panel_id": 2,
  "power_watts": 973,
  "temperature": 57,
  "status": "ok"
}
--------------------------------------------------------------------------------
{
  "timestamp": "2026-02-22T16:29:49.900067",
  "device": "solar_panel",
  "panel_id": 3,
  "power_watts": 327,
  "temperature": 33,
  "status": "ok"
}
--------------------------------------------------------------------------------
{
  "timestamp": "2026-02-22T16:30:00.901725",
  "device": "solar_panel",
  "panel_id": 1,
  "power_watts": 218,
  "temperature": 56,
  "status": "ok"
}
--------------------------------------------------------------------------------
{
  "timestamp": "2026-02-22T16:30:01.902521",
  "device": "solar_panel",
  "panel_id": 2,
  "power_watts": 788,
  "temperature": 33,
  "status": "ok"
}
--------------------------------------------------------------------------------
{
  "timestamp": "2026-02-22T16:30:02.903889",
  "device": "solar_panel",
  "panel_id": 3,
  "power_watts": 197,
  "temperature": 46,
  "status": "ok"
}
--------------------------------------------------------------------------------
{
  "timestamp": "2026-02-22T16:30:13.905167",
  "device": "solar_panel",
  "panel_id": 1,
  "power_watts": 770,
  "temperature": 55,
  "status": "ok"
}
--------------------------------------------------------------------------------
{
  "timestamp": "2026-02-22T16:30:14.905840",
  "device": "solar_panel",
  "panel_id": 2,
  "power_watts": 146,
  "temperature": 46,
  "status": "ok"
}
--------------------------------------------------------------------------------
{
  "timestamp": "2026-02-22T16:30:15.906981",
  "device": "solar_panel",
  "panel_id": 3,
  "power_watts": 831,
  "temperature": 51,
  "status": "ok"
}
--------------------------------------------------------------------------------
{
  "timestamp": "2026-02-22T16:30:26.908225",
  "device": "solar_panel",
  "panel_id": 1,
  "power_watts": 196,
  "temperature": 45,
  "status": "ok"
}
--------------------------------------------------------------------------------
{
  "timestamp": "2026-02-22T16:30:27.909683",
  "device": "solar_panel",
  "panel_id": 2,
  "power_watts": 414,
  "temperature": 56,
  "status": "ok"
}
--------------------------------------------------------------------------------
{
  "timestamp": "2026-02-22T16:30:28.911132",
  "device": "solar_panel",
  "panel_id": 3,
  "power_watts": 619,
  "temperature": 49,
  "status": "ok"
}
--------------------------------------------------------------------------------
{
  "timestamp": "2026-02-22T16:30:39.913884",
  "device": "solar_panel",
  "panel_id": 1,
  "power_watts": 828,
  "temperature": 54,
  "status": "ok"
}
--------------------------------------------------------------------------------
{
  "timestamp": "2026-02-22T16:30:40.915336",
  "device": "solar_panel",
  "panel_id": 2,
  "power_watts": 792,
  "temperature": 31,
  "status": "ok"
}
--------------------------------------------------------------------------------
{
  "timestamp": "2026-02-22T16:30:41.916401",
  "device": "solar_panel",
  "panel_id": 3,
  "power_watts": 852,
  "temperature": 41,
  "status": "ok"
}
--------------------------------------------------------------------------------
{
  "timestamp": "2026-02-22T16:30:52.917521",
  "device": "solar_panel",
  "panel_id": 1,
  "power_watts": 987,
  "temperature": 52,
  "status": "ok"
}
--------------------------------------------------------------------------------
{
  "timestamp": "2026-02-22T16:30:53.918388",
  "device": "solar_panel",
  "panel_id": 2,
  "power_watts": 703,
  "temperature": 55,
  "status": "ok"
}
--------------------------------------------------------------------------------
{
  "timestamp": "2026-02-22T16:30:54.919560",
  "device": "solar_panel",
  "panel_id": 3,
  "power_watts": 291,
  "temperature": 47,
  "status": "ok"
}
--------------------------------------------------------------------------------
{
  "timestamp": "2026-02-22T16:31:05.921412",
  "device": "solar_panel",
  "panel_id": 1,
  "power_watts": 222,
  "temperature": 43,
  "status": "ok"
}
--------------------------------------------------------------------------------
{
  "timestamp": "2026-02-22T16:31:06.922851",
  "device": "solar_panel",
  "panel_id": 2,
  "power_watts": 158,
  "temperature": 35,
  "status": "ok"
}
--------------------------------------------------------------------------------
{
  "timestamp": "2026-02-22T16:31:07.924093",
  "device": "solar_panel",
  "panel_id": 3,
  "power_watts": 471,
  "temperature": 34,
  "status": "ok"
}
--------------------------------------------------------------------------------
{
  "timestamp": "2026-02-22T16:31:18.925519",
  "device": "solar_panel",
  "panel_id": 1,
  "power_watts": 798,
  "temperature": 29,
  "status": "ok"
}
--------------------------------------------------------------------------------
{
  "timestamp": "2026-02-22T16:31:19.926963",
  "device": "solar_panel",
  "panel_id": 2,
  "power_watts": 727,
  "temperature": 58,
  "status": "ok"
}
--------------------------------------------------------------------------------
{
  "timestamp": "2026-02-22T16:31:20.930198",
  "device": "solar_panel",
  "panel_id": 3,
  "power_watts": 129,
  "temperature": 47,
  "status": "ok"
}
--------------------------------------------------------------------------------
{
  "timestamp": "2026-02-22T16:31:31.931526",
  "device": "solar_panel",
  "panel_id": 1,
  "power_watts": 660,
  "temperature": 29,
  "status": "ok"
}
--------------------------------------------------------------------------------
{
  "timestamp": "2026-02-22T16:31:32.932365",
  "device": "solar_panel",
  "panel_id": 2,
  "power_watts": 909,
  "temperature": 55,
  "status": "ok"
}
--------------------------------------------------------------------------------
{
  "timestamp": "2026-02-22T16:31:33.933305",
  "device": "solar_panel",
  "panel_id": 3,
  "power_watts": 422,
  "temperature": 27,
  "status": "ok"
}
--------------------------------------------------------------------------------
{
  "timestamp": "2026-02-22T16:31:44.935062",
  "device": "solar_panel",
  "panel_id": 1,
  "power_watts": 89,
  "temperature": 50,
  "status": "low_power"
}
--------------------------------------------------------------------------------
{
  "timestamp": "2026-02-22T16:31:45.936406",
  "device": "solar_panel",
  "panel_id": 2,
  "power_watts": 622,
  "temperature": 47,
  "status": "ok"
}
--------------------------------------------------------------------------------
{
  "timestamp": "2026-02-22T16:31:46.937295",
  "device": "solar_panel",
  "panel_id": 3,
  "power_watts": 892,
  "temperature": 44,
  "status": "ok"
}
--------------------------------------------------------------------------------
{
  "timestamp": "2026-02-22T16:31:57.938551",
  "device": "solar_panel",
  "panel_id": 1,
  "power_watts": 367,
  "temperature": 32,
  "status": "ok"
}
--------------------------------------------------------------------------------
{
  "timestamp": "2026-02-22T16:31:58.939545",
  "device": "solar_panel",
  "panel_id": 2,
  "power_watts": 919,
  "temperature": 45,
  "status": "ok"
}
--------------------------------------------------------------------------------
{
  "timestamp": "2026-02-22T16:31:59.941224",
  "device": "solar_panel",
  "panel_id": 3,
  "power_watts": 962,
  "temperature": 38,
  "status": "ok"
}
--------------------------------------------------------------------------------
{
  "timestamp": "2026-02-22T16:32:10.948264",
  "device": "solar_panel",
  "panel_id": 1,
  "power_watts": 890,
  "temperature": 33,
  "status": "ok"
}
--------------------------------------------------------------------------------
{
  "timestamp": "2026-02-22T16:32:11.949170",
  "device": "solar_panel",
  "panel_id": 2,
  "power_watts": 629,
  "temperature": 40,
  "status": "ok"
}
--------------------------------------------------------------------------------
{
  "timestamp": "2026-02-22T16:32:12.950511",
  "device": "solar_panel",
  "panel_id": 3,
  "power_watts": 344,
  "temperature": 32,
  "status": "ok"
}
--------------------------------------------------------------------------------
{
  "timestamp": "2026-02-22T16:32:23.952176",
  "device": "solar_panel",
  "panel_id": 1,
  "power_watts": 789,
  "temperature": 35,
  "status": "ok"
}
--------------------------------------------------------------------------------
{
  "timestamp": "2026-02-22T16:32:24.953145",
  "device": "solar_panel",
  "panel_id": 2,
  "power_watts": 393,
  "temperature": 39,
  "status": "ok"
}
--------------------------------------------------------------------------------
{
  "timestamp": "2026-02-22T16:32:25.954074",
  "device": "solar_panel",
  "panel_id": 3,
  "power_watts": 675,
  "temperature": 27,
  "status": "ok"
}
--------------------------------------------------------------------------------
{
  "timestamp": "2026-02-22T16:32:36.955607",
  "device": "solar_panel",
  "panel_id": 1,
  "power_watts": 809,
  "temperature": 42,
  "status": "ok"
}
--------------------------------------------------------------------------------
{
  "timestamp": "2026-02-22T16:32:37.956750",
  "device": "solar_panel",
  "panel_id": 2,
  "power_watts": 405,
  "temperature": 27,
  "status": "ok"
}
--------------------------------------------------------------------------------
{
  "timestamp": "2026-02-22T16:32:38.957645",
  "device": "solar_panel",
  "panel_id": 3,
  "power_watts": 104,
  "temperature": 41,
  "status": "ok"
}
--------------------------------------------------------------------------------
{
  "timestamp": "2026-02-22T16:32:49.960060",
  "device": "solar_panel",
  "panel_id": 1,
  "power_watts": 624,
  "temperature": 36,
  "status": "ok"
}
--------------------------------------------------------------------------------
{
  "timestamp": "2026-02-22T16:32:50.963470",
  "device": "solar_panel",
  "panel_id": 2,
  "power_watts": 516,
  "temperature": 28,
  "status": "ok"
}
--------------------------------------------------------------------------------
{
  "timestamp": "2026-02-22T16:32:51.964312",
  "device": "solar_panel",
  "panel_id": 3,
  "power_watts": 646,
  "temperature": 36,
  "status": "ok"
}
--------------------------------------------------------------------------------
{
  "timestamp": "2026-02-22T16:33:02.965991",
  "device": "solar_panel",
  "panel_id": 1,
  "power_watts": 452,
  "temperature": 60,
  "status": "ok"
}
--------------------------------------------------------------------------------
{
  "timestamp": "2026-02-22T16:33:03.967006",
  "device": "solar_panel",
  "panel_id": 2,
  "power_watts": 615,
  "temperature": 58,
  "status": "ok"
}
--------------------------------------------------------------------------------
{
  "timestamp": "2026-02-22T16:33:04.967828",
  "device": "solar_panel",
  "panel_id": 3,
  "power_watts": 300,
  "temperature": 58,
  "status": "ok"
}
--------------------------------------------------------------------------------
{
  "timestamp": "2026-02-22T16:33:15.969232",
  "device": "solar_panel",
  "panel_id": 1,
  "power_watts": 878,
  "temperature": 39,
  "status": "ok"
}
--------------------------------------------------------------------------------
{
  "timestamp": "2026-02-22T16:33:16.970497",
  "device": "solar_panel",
  "panel_id": 2,
  "power_watts": 955,
  "temperature": 43,
  "status": "ok"
}
--------------------------------------------------------------------------------
{
  "timestamp": "2026-02-22T16:33:17.971534",
  "device": "solar_panel",
  "panel_id": 3,
  "power_watts": 720,
  "temperature": 56,
  "status": "ok"
}
--------------------------------------------------------------------------------
{
  "timestamp": "2026-02-22T16:33:28.972913",
  "device": "solar_panel",
  "panel_id": 1,
  "power_watts": 722,
  "temperature": 43,
  "status": "ok"
}
--------------------------------------------------------------------------------
{
  "timestamp": "2026-02-22T16:33:29.973695",
  "device": "solar_panel",
  "panel_id": 2,
  "power_watts": 571,
  "temperature": 55,
  "status": "ok"
}
--------------------------------------------------------------------------------
{
  "timestamp": "2026-02-22T16:33:30.975409",
  "device": "solar_panel",
  "panel_id": 3,
  "power_watts": 905,
  "temperature": 37,
  "status": "ok"
}
--------------------------------------------------------------------------------
{
  "timestamp": "2026-02-22T16:33:41.976655",
  "device": "solar_panel",
  "panel_id": 1,
  "power_watts": 827,
  "temperature": 41,
  "status": "ok"
}
--------------------------------------------------------------------------------
{
  "timestamp": "2026-02-22T16:33:42.977735",
  "device": "solar_panel",
  "panel_id": 2,
  "power_watts": 227,
  "temperature": 46,
  "status": "ok"
}
--------------------------------------------------------------------------------
{
  "timestamp": "2026-02-22T16:33:43.978889",
  "device": "solar_panel",
  "panel_id": 3,
  "power_watts": 444,
  "temperature": 59,
  "status": "ok"
}
--------------------------------------------------------------------------------
{
  "timestamp": "2026-02-22T16:33:54.980288",
  "device": "solar_panel",
  "panel_id": 1,
  "power_watts": 441,
  "temperature": 29,
  "status": "ok"
}
--------------------------------------------------------------------------------
{
  "timestamp": "2026-02-22T16:33:55.981463",
  "device": "solar_panel",
  "panel_id": 2,
  "power_watts": 370,
  "temperature": 54,
  "status": "ok"
}
--------------------------------------------------------------------------------
{
  "timestamp": "2026-02-22T16:33:56.982716",
  "device": "solar_panel",
  "panel_id": 3,
  "power_watts": 533,
  "temperature": 36,
  "status": "ok"
}
--------------------------------------------------------------------------------
{
  "timestamp": "2026-02-22T16:34:07.984268",
  "device": "solar_panel",
  "panel_id": 1,
  "power_watts": 721,
  "temperature": 32,
  "status": "ok"
}
--------------------------------------------------------------------------------
{
  "timestamp": "2026-02-22T16:34:08.985093",
  "device": "solar_panel",
  "panel_id": 2,
  "power_watts": 122,
  "temperature": 43,
  "status": "ok"
}
--------------------------------------------------------------------------------
{
  "timestamp": "2026-02-22T16:34:09.985925",
  "device": "solar_panel",
  "panel_id": 3,
  "power_watts": 661,
  "temperature": 45,
  "status": "ok"
}
--------------------------------------------------------------------------------
{
  "timestamp": "2026-02-22T16:34:20.987519",
  "device": "solar_panel",
  "panel_id": 1,
  "power_watts": 911,
  "temperature": 51,
  "status": "ok"
}
--------------------------------------------------------------------------------
{
  "timestamp": "2026-02-22T16:34:21.988216",
  "device": "solar_panel",
  "panel_id": 2,
  "power_watts": 882,
  "temperature": 51,
  "status": "ok"
}
--------------------------------------------------------------------------------
{
  "timestamp": "2026-02-22T16:34:22.989140",
  "device": "solar_panel",
  "panel_id": 3,
  "power_watts": 552,
  "temperature": 44,
  "status": "ok"
}
--------------------------------------------------------------------------------
{
  "timestamp": "2026-02-22T16:34:33.990612",
  "device": "solar_panel",
  "panel_id": 1,
  "power_watts": 470,
  "temperature": 55,
  "status": "ok"
}
--------------------------------------------------------------------------------
{
  "timestamp": "2026-02-22T16:34:34.991715",
  "device": "solar_panel",
  "panel_id": 2,
  "power_watts": 767,
  "temperature": 28,
  "status": "ok"
}
--------------------------------------------------------------------------------
{
  "timestamp": "2026-02-22T16:34:35.992648",
  "device": "solar_panel",
  "panel_id": 3,
  "power_watts": 66,
  "temperature": 55,
  "status": "low_power"
}
--------------------------------------------------------------------------------
{
  "timestamp": "2026-02-22T16:34:46.994339",
  "device": "solar_panel",
  "panel_id": 1,
  "power_watts": 492,
  "temperature": 49,
  "status": "ok"
}
--------------------------------------------------------------------------------
{
  "timestamp": "2026-02-22T16:34:47.995605",
  "device": "solar_panel",
  "panel_id": 2,
  "power_watts": 464,
  "temperature": 52,
  "status": "ok"
}
--------------------------------------------------------------------------------
{
  "timestamp": "2026-02-22T16:34:48.996592",
  "device": "solar_panel",
  "panel_id": 3,
  "power_watts": 896,
  "temperature": 27,
  "status": "ok"
}
--------------------------------------------------------------------------------
{
  "timestamp": "2026-02-22T16:34:59.999125",
  "device": "solar_panel",
  "panel_id": 1,
  "power_watts": 498,
  "temperature": 29,
  "status": "ok"
}
--------------------------------------------------------------------------------
{
  "timestamp": "2026-02-22T16:35:00.999929",
  "device": "solar_panel",
  "panel_id": 2,
  "power_watts": 925,
  "temperature": 51,
  "status": "ok"
}
--------------------------------------------------------------------------------
{
  "timestamp": "2026-02-22T16:35:02.000949",
  "device": "solar_panel",
  "panel_id": 3,
  "power_watts": 478,
  "temperature": 36,
  "status": "ok"
}
--------------------------------------------------------------------------------
{
  "timestamp": "2026-02-22T16:35:13.001890",
  "device": "solar_panel",
  "panel_id": 1,
  "power_watts": 815,
  "temperature": 58,
  "status": "ok"
}
--------------------------------------------------------------------------------
{
  "timestamp": "2026-02-22T16:35:14.002848",
  "device": "solar_panel",
  "panel_id": 2,
  "power_watts": 206,
  "temperature": 58,
  "status": "ok"
}
--------------------------------------------------------------------------------
{
  "timestamp": "2026-02-22T16:35:15.003972",
  "device": "solar_panel",
  "panel_id": 3,
  "power_watts": 821,
  "temperature": 50,
  "status": "ok"
}
--------------------------------------------------------------------------------
{
  "timestamp": "2026-02-22T16:35:26.005308",
  "device": "solar_panel",
  "panel_id": 1,
  "power_watts": 646,
  "temperature": 52,
  "status": "ok"
}
--------------------------------------------------------------------------------
{
  "timestamp": "2026-02-22T16:35:27.006699",
  "device": "solar_panel",
  "panel_id": 2,
  "power_watts": 572,
  "temperature": 45,
  "status": "ok"
}
--------------------------------------------------------------------------------
{
  "timestamp": "2026-02-22T16:35:28.007509",
  "device": "solar_panel",
  "panel_id": 3,
  "power_watts": 980,
  "temperature": 44,
  "status": "ok"
}
--------------------------------------------------------------------------------
{
  "timestamp": "2026-02-22T16:35:39.009249",
  "device": "solar_panel",
  "panel_id": 1,
  "power_watts": 635,
  "temperature": 27,
  "status": "ok"
}
--------------------------------------------------------------------------------
{
  "timestamp": "2026-02-22T16:35:40.010249",
  "device": "solar_panel",
  "panel_id": 2,
  "power_watts": 471,
  "temperature": 49,
  "status": "ok"
}
--------------------------------------------------------------------------------
{
  "timestamp": "2026-02-22T16:35:41.010992",
  "device": "solar_panel",
  "panel_id": 3,
  "power_watts": 562,
  "temperature": 57,
  "status": "ok"
}
--------------------------------------------------------------------------------
{
  "timestamp": "2026-02-22T16:35:52.012802",
  "device": "solar_panel",
  "panel_id": 1,
  "power_watts": 182,
  "temperature": 43,
  "status": "ok"
}
--------------------------------------------------------------------------------
{
  "timestamp": "2026-02-22T16:35:53.014294",
  "device": "solar_panel",
  "panel_id": 2,
  "power_watts": 474,
  "temperature": 55,
  "status": "ok"
}
--------------------------------------------------------------------------------
{
  "timestamp": "2026-02-22T16:35:54.015606",
  "device": "solar_panel",
  "panel_id": 3,
  "power_watts": 665,
  "temperature": 51,
  "status": "ok"
}
--------------------------------------------------------------------------------
{
  "timestamp": "2026-02-22T16:36:05.017250",
  "device": "solar_panel",
  "panel_id": 1,
  "power_watts": 919,
  "temperature": 56,
  "status": "ok"
}
--------------------------------------------------------------------------------
{
  "timestamp": "2026-02-22T16:36:06.017975",
  "device": "solar_panel",
  "panel_id": 2,
  "power_watts": 155,
  "temperature": 45,
  "status": "ok"
}
--------------------------------------------------------------------------------
{
  "timestamp": "2026-02-22T16:36:07.019008",
  "device": "solar_panel",
  "panel_id": 3,
  "power_watts": 193,
  "temperature": 46,
  "status": "ok"
}
--------------------------------------------------------------------------------
{
  "timestamp": "2026-02-22T16:36:18.020787",
  "device": "solar_panel",
  "panel_id": 1,
  "power_watts": 878,
  "temperature": 26,
  "status": "ok"
}
--------------------------------------------------------------------------------
{
  "timestamp": "2026-02-22T16:36:19.021881",
  "device": "solar_panel",
  "panel_id": 2,
  "power_watts": 375,
  "temperature": 47,
  "status": "ok"
}
--------------------------------------------------------------------------------
{
  "timestamp": "2026-02-22T16:36:20.030304",
  "device": "solar_panel",
  "panel_id": 3,
  "power_watts": 709,
  "temperature": 59,
  "status": "ok"
}
--------------------------------------------------------------------------------
{
  "timestamp": "2026-02-22T16:36:31.034342",
  "device": "solar_panel",
  "panel_id": 1,
  "power_watts": 105,
  "temperature": 47,
  "status": "ok"
}
--------------------------------------------------------------------------------
{
  "timestamp": "2026-02-22T16:36:32.035437",
  "device": "solar_panel",
  "panel_id": 2,
  "power_watts": 487,
  "temperature": 25,
  "status": "ok"
}
--------------------------------------------------------------------------------
{
  "timestamp": "2026-02-22T16:36:33.036923",
  "device": "solar_panel",
  "panel_id": 3,
  "power_watts": 596,
  "temperature": 46,
  "status": "ok"
}
--------------------------------------------------------------------------------
{
  "timestamp": "2026-02-22T16:36:44.038767",
  "device": "solar_panel",
  "panel_id": 1,
  "power_watts": 53,
  "temperature": 41,
  "status": "low_power"
}
--------------------------------------------------------------------------------
{
  "timestamp": "2026-02-22T16:36:45.040824",
  "device": "solar_panel",
  "panel_id": 2,
  "power_watts": 880,
  "temperature": 57,
  "status": "ok"
}
--------------------------------------------------------------------------------
{
  "timestamp": "2026-02-22T16:36:46.041524",
  "device": "solar_panel",
  "panel_id": 3,
  "power_watts": 517,
  "temperature": 57,
  "status": "ok"
}
--------------------------------------------------------------------------------
{
  "timestamp": "2026-02-22T16:36:57.042742",
  "device": "solar_panel",
  "panel_id": 1,
  "power_watts": 890,
  "temperature": 59,
  "status": "ok"
}
--------------------------------------------------------------------------------
{
  "timestamp": "2026-02-22T16:36:58.043849",
  "device": "solar_panel",
  "panel_id": 2,
  "power_watts": 538,
  "temperature": 39,
  "status": "ok"
}
--------------------------------------------------------------------------------
{
  "timestamp": "2026-02-22T16:36:59.045427",
  "device": "solar_panel",
  "panel_id": 3,
  "power_watts": 254,
  "temperature": 28,
  "status": "ok"
}
--------------------------------------------------------------------------------
{
  "timestamp": "2026-02-22T16:37:10.047167",
  "device": "solar_panel",
  "panel_id": 1,
  "power_watts": 477,
  "temperature": 31,
  "status": "ok"
}
--------------------------------------------------------------------------------
{
  "timestamp": "2026-02-22T16:37:11.048237",
  "device": "solar_panel",
  "panel_id": 2,
  "power_watts": 61,
  "temperature": 42,
  "status": "low_power"
}
--------------------------------------------------------------------------------
{
  "timestamp": "2026-02-22T16:37:12.049631",
  "device": "solar_panel",
  "panel_id": 3,
  "power_watts": 773,
  "temperature": 36,
  "status": "ok"
}
--------------------------------------------------------------------------------
{
  "timestamp": "2026-02-22T16:37:23.051427",
  "device": "solar_panel",
  "panel_id": 1,
  "power_watts": 307,
  "temperature": 36,
  "status": "ok"
}
--------------------------------------------------------------------------------
{
  "timestamp": "2026-02-22T16:37:24.052515",
  "device": "solar_panel",
  "panel_id": 2,
  "power_watts": 681,
  "temperature": 52,
  "status": "ok"
}
--------------------------------------------------------------------------------
{
  "timestamp": "2026-02-22T16:37:25.054311",
  "device": "solar_panel",
  "panel_id": 3,
  "power_watts": 632,
  "temperature": 44,
  "status": "ok"
}
--------------------------------------------------------------------------------
{
  "timestamp": "2026-02-22T16:37:36.056030",
  "device": "solar_panel",
  "panel_id": 1,
  "power_watts": 763,
  "temperature": 60,
  "status": "ok"
}
--------------------------------------------------------------------------------
{
  "timestamp": "2026-02-22T16:37:37.057094",
  "device": "solar_panel",
  "panel_id": 2,
  "power_watts": 561,
  "temperature": 40,
  "status": "ok"
}
--------------------------------------------------------------------------------
{
  "timestamp": "2026-02-22T16:37:38.058198",
  "device": "solar_panel",
  "panel_id": 3,
  "power_watts": 125,
  "temperature": 48,
  "status": "ok"
}
--------------------------------------------------------------------------------
{
  "timestamp": "2026-02-22T16:37:49.059891",
  "device": "solar_panel",
  "panel_id": 1,
  "power_watts": 468,
  "temperature": 41,
  "status": "ok"
}
--------------------------------------------------------------------------------
{
  "timestamp": "2026-02-22T16:37:50.060796",
  "device": "solar_panel",
  "panel_id": 2,
  "power_watts": 429,
  "temperature": 60,
  "status": "ok"
}
--------------------------------------------------------------------------------
{
  "timestamp": "2026-02-22T16:37:51.061951",
  "device": "solar_panel",
  "panel_id": 3,
  "power_watts": 920,
  "temperature": 52,
  "status": "ok"
}
--------------------------------------------------------------------------------
{
  "timestamp": "2026-02-22T16:38:02.063181",
  "device": "solar_panel",
  "panel_id": 1,
  "power_watts": 846,
  "temperature": 43,
  "status": "ok"
}
--------------------------------------------------------------------------------
{
  "timestamp": "2026-02-22T16:38:03.064307",
  "device": "solar_panel",
  "panel_id": 2,
  "power_watts": 420,
  "temperature": 46,
  "status": "ok"
}
--------------------------------------------------------------------------------
{
  "timestamp": "2026-02-22T16:38:04.065203",
  "device": "solar_panel",
  "panel_id": 3,
  "power_watts": 748,
  "temperature": 26,
  "status": "ok"
}
--------------------------------------------------------------------------------
{
  "timestamp": "2026-02-22T16:38:15.066934",
  "device": "solar_panel",
  "panel_id": 1,
  "power_watts": 299,
  "temperature": 39,
  "status": "ok"
}
--------------------------------------------------------------------------------
{
  "timestamp": "2026-02-22T16:38:16.067754",
  "device": "solar_panel",
  "panel_id": 2,
  "power_watts": 220,
  "temperature": 28,
  "status": "ok"
}
--------------------------------------------------------------------------------
{
  "timestamp": "2026-02-22T16:38:17.068852",
  "device": "solar_panel",
  "panel_id": 3,
  "power_watts": 689,
  "temperature": 58,
  "status": "ok"
}
--------------------------------------------------------------------------------
{
  "timestamp": "2026-02-22T16:38:28.069944",
  "device": "solar_panel",
  "panel_id": 1,
  "power_watts": 618,
  "temperature": 57,
  "status": "ok"
}
--------------------------------------------------------------------------------
{
  "timestamp": "2026-02-22T16:38:29.070650",
  "device": "solar_panel",
  "panel_id": 2,
  "power_watts": 626,
  "temperature": 57,
  "status": "ok"
}
--------------------------------------------------------------------------------
{
  "timestamp": "2026-02-22T16:38:30.071779",
  "device": "solar_panel",
  "panel_id": 3,
  "power_watts": 972,
  "temperature": 34,
  "status": "ok"
}
--------------------------------------------------------------------------------
{
  "timestamp": "2026-02-22T16:38:41.073539",
  "device": "solar_panel",
  "panel_id": 1,
  "power_watts": 833,
  "temperature": 60,
  "status": "ok"
}
--------------------------------------------------------------------------------
{
  "timestamp": "2026-02-22T16:38:42.074591",
  "device": "solar_panel",
  "panel_id": 2,
  "power_watts": 119,
  "temperature": 60,
  "status": "ok"
}
--------------------------------------------------------------------------------
{
  "timestamp": "2026-02-22T16:38:43.075542",
  "device": "solar_panel",
  "panel_id": 3,
  "power_watts": 222,
  "temperature": 39,
  "status": "ok"
}
--------------------------------------------------------------------------------
{
  "timestamp": "2026-02-22T16:38:54.076768",
  "device": "solar_panel",
  "panel_id": 1,
  "power_watts": 612,
  "temperature": 27,
  "status": "ok"
}
--------------------------------------------------------------------------------
{
  "timestamp": "2026-02-22T16:38:55.077794",
  "device": "solar_panel",
  "panel_id": 2,
  "power_watts": 265,
  "temperature": 59,
  "status": "ok"
}
--------------------------------------------------------------------------------
{
  "timestamp": "2026-02-22T16:38:56.078555",
  "device": "solar_panel",
  "panel_id": 3,
  "power_watts": 106,
  "temperature": 54,
  "status": "ok"
}
--------------------------------------------------------------------------------
{
  "timestamp": "2026-02-22T16:39:07.079616",
  "device": "solar_panel",
  "panel_id": 1,
  "power_watts": 279,
  "temperature": 42,
  "status": "ok"
}
--------------------------------------------------------------------------------
{
  "timestamp": "2026-02-22T16:39:08.081027",
  "device": "solar_panel",
  "panel_id": 2,
  "power_watts": 579,
  "temperature": 28,
  "status": "ok"
}
--------------------------------------------------------------------------------
{
  "timestamp": "2026-02-22T16:39:09.081984",
  "device": "solar_panel",
  "panel_id": 3,
  "power_watts": 585,
  "temperature": 41,
  "status": "ok"
}
--------------------------------------------------------------------------------
{
  "timestamp": "2026-02-22T16:39:20.083468",
  "device": "solar_panel",
  "panel_id": 1,
  "power_watts": 232,
  "temperature": 46,
  "status": "ok"
}
--------------------------------------------------------------------------------
{
  "timestamp": "2026-02-22T16:39:21.084820",
  "device": "solar_panel",
  "panel_id": 2,
  "power_watts": 359,
  "temperature": 35,
  "status": "ok"
}
--------------------------------------------------------------------------------
{
  "timestamp": "2026-02-22T16:39:22.085862",
  "device": "solar_panel",
  "panel_id": 3,
  "power_watts": 627,
  "temperature": 39,
  "status": "ok"
}
--------------------------------------------------------------------------------
{
  "timestamp": "2026-02-22T16:39:33.127611",
  "device": "solar_panel",
  "panel_id": 1,
  "power_watts": 186,
  "temperature": 48,
  "status": "ok"
}
--------------------------------------------------------------------------------
{
  "timestamp": "2026-02-22T16:39:34.128849",
  "device": "solar_panel",
  "panel_id": 2,
  "power_watts": 751,
  "temperature": 58,
  "status": "ok"
}
--------------------------------------------------------------------------------
{
  "timestamp": "2026-02-22T16:39:35.130727",
  "device": "solar_panel",
  "panel_id": 3,
  "power_watts": 659,
  "temperature": 26,
  "status": "ok"
}
--------------------------------------------------------------------------------
{
  "timestamp": "2026-02-22T16:39:46.138285",
  "device": "solar_panel",
  "panel_id": 1,
  "power_watts": 507,
  "temperature": 46,
  "status": "ok"
}
--------------------------------------------------------------------------------
{
  "timestamp": "2026-02-22T16:39:47.160428",
  "device": "solar_panel",
  "panel_id": 2,
  "power_watts": 343,
  "temperature": 39,
  "status": "ok"
}
--------------------------------------------------------------------------------
{
  "timestamp": "2026-02-22T16:39:48.205680",
  "device": "solar_panel",
  "panel_id": 3,
  "power_watts": 723,
  "temperature": 55,
  "status": "ok"
}
--------------------------------------------------------------------------------
{
  "timestamp": "2026-02-22T16:39:59.209474",
  "device": "solar_panel",
  "panel_id": 1,
  "power_watts": 922,
  "temperature": 47,
  "status": "ok"
}
--------------------------------------------------------------------------------
{
  "timestamp": "2026-02-22T16:40:00.212862",
  "device": "solar_panel",
  "panel_id": 2,
  "power_watts": 746,
  "temperature": 32,
  "status": "ok"
}
--------------------------------------------------------------------------------
{
  "timestamp": "2026-02-22T16:40:01.236040",
  "device": "solar_panel",
  "panel_id": 3,
  "power_watts": 914,
  "temperature": 53,
  "status": "ok"
}
--------------------------------------------------------------------------------
{
  "timestamp": "2026-02-22T16:40:12.237435",
  "device": "solar_panel",
  "panel_id": 1,
  "power_watts": 942,
  "temperature": 53,
  "status": "ok"
}
--------------------------------------------------------------------------------
{
  "timestamp": "2026-02-22T16:40:13.238624",
  "device": "solar_panel",
  "panel_id": 2,
  "power_watts": 206,
  "temperature": 37,
  "status": "ok"
}
--------------------------------------------------------------------------------
{
  "timestamp": "2026-02-22T16:40:14.239373",
  "device": "solar_panel",
  "panel_id": 3,
  "power_watts": 430,
  "temperature": 36,
  "status": "ok"
}
--------------------------------------------------------------------------------
{
  "timestamp": "2026-02-22T16:40:25.240758",
  "device": "solar_panel",
  "panel_id": 1,
  "power_watts": 980,
  "temperature": 55,
  "status": "ok"
}
--------------------------------------------------------------------------------
{
  "timestamp": "2026-02-22T16:40:26.241925",
  "device": "solar_panel",
  "panel_id": 2,
  "power_watts": 783,
  "temperature": 53,
  "status": "ok"
}
--------------------------------------------------------------------------------
{
  "timestamp": "2026-02-22T16:40:27.242827",
  "device": "solar_panel",
  "panel_id": 3,
  "power_watts": 523,
  "temperature": 25,
  "status": "ok"
}
--------------------------------------------------------------------------------
{
  "timestamp": "2026-02-22T16:40:38.244804",
  "device": "solar_panel",
  "panel_id": 1,
  "power_watts": 834,
  "temperature": 51,
  "status": "ok"
}
--------------------------------------------------------------------------------
{
  "timestamp": "2026-02-22T16:40:39.245932",
  "device": "solar_panel",
  "panel_id": 2,
  "power_watts": 537,
  "temperature": 60,
  "status": "ok"
}
--------------------------------------------------------------------------------
{
  "timestamp": "2026-02-22T16:40:40.247567",
  "device": "solar_panel",
  "panel_id": 3,
  "power_watts": 983,
  "temperature": 56,
  "status": "ok"
}
--------------------------------------------------------------------------------
{
  "timestamp": "2026-02-22T16:40:51.248917",
  "device": "solar_panel",
  "panel_id": 1,
  "power_watts": 729,
  "temperature": 30,
  "status": "ok"
}
--------------------------------------------------------------------------------
{
  "timestamp": "2026-02-22T16:40:52.249945",
  "device": "solar_panel",
  "panel_id": 2,
  "power_watts": 192,
  "temperature": 34,
  "status": "ok"
}
--------------------------------------------------------------------------------
{
  "timestamp": "2026-02-22T16:40:53.251146",
  "device": "solar_panel",
  "panel_id": 3,
  "power_watts": 893,
  "temperature": 44,
  "status": "ok"
}
--------------------------------------------------------------------------------
{
  "timestamp": "2026-02-22T16:41:04.253851",
  "device": "solar_panel",
  "panel_id": 1,
  "power_watts": 878,
  "temperature": 28,
  "status": "ok"
}
--------------------------------------------------------------------------------
{
  "timestamp": "2026-02-22T16:41:05.256797",
  "device": "solar_panel",
  "panel_id": 2,
  "power_watts": 607,
  "temperature": 48,
  "status": "ok"
}
--------------------------------------------------------------------------------
{
  "timestamp": "2026-02-22T16:41:06.257776",
  "device": "solar_panel",
  "panel_id": 3,
  "power_watts": 340,
  "temperature": 43,
  "status": "ok"
}
--------------------------------------------------------------------------------
{
  "timestamp": "2026-02-22T16:41:17.259195",
  "device": "solar_panel",
  "panel_id": 1,
  "power_watts": 158,
  "temperature": 32,
  "status": "ok"
}
--------------------------------------------------------------------------------
{
  "timestamp": "2026-02-22T16:41:18.260410",
  "device": "solar_panel",
  "panel_id": 2,
  "power_watts": 670,
  "temperature": 31,
  "status": "ok"
}
--------------------------------------------------------------------------------
{
  "timestamp": "2026-02-22T16:41:19.263265",
  "device": "solar_panel",
  "panel_id": 3,
  "power_watts": 281,
  "temperature": 45,
  "status": "ok"
}
--------------------------------------------------------------------------------
{
  "timestamp": "2026-02-22T16:41:30.374740",
  "device": "solar_panel",
  "panel_id": 1,
  "power_watts": 482,
  "temperature": 25,
  "status": "ok"
}
--------------------------------------------------------------------------------
{
  "timestamp": "2026-02-22T16:41:31.928043",
  "device": "solar_panel",
  "panel_id": 2,
  "power_watts": 242,
  "temperature": 40,
  "status": "ok"
}
--------------------------------------------------------------------------------
{
  "timestamp": "2026-02-22T16:41:32.964399",
  "device": "solar_panel",
  "panel_id": 3,
  "power_watts": 423,
  "temperature": 41,
  "status": "ok"
}
--------------------------------------------------------------------------------
{
  "timestamp": "2026-02-22T16:41:43.965650",
  "device": "solar_panel",
  "panel_id": 1,
  "power_watts": 168,
  "temperature": 36,
  "status": "ok"
}
--------------------------------------------------------------------------------
{
  "timestamp": "2026-02-22T16:41:44.966575",
  "device": "solar_panel",
  "panel_id": 2,
  "power_watts": 500,
  "temperature": 25,
  "status": "ok"
}
--------------------------------------------------------------------------------
{
  "timestamp": "2026-02-22T16:41:45.967277",
  "device": "solar_panel",
  "panel_id": 3,
  "power_watts": 868,
  "temperature": 48,
  "status": "ok"
}
--------------------------------------------------------------------------------
{
  "timestamp": "2026-02-22T16:41:56.968530",
  "device": "solar_panel",
  "panel_id": 1,
  "power_watts": 532,
  "temperature": 37,
  "status": "ok"
}
--------------------------------------------------------------------------------
{
  "timestamp": "2026-02-22T16:41:57.969271",
  "device": "solar_panel",
  "panel_id": 2,
  "power_watts": 553,
  "temperature": 54,
  "status": "ok"
}
--------------------------------------------------------------------------------
{
  "timestamp": "2026-02-22T16:41:58.970415",
  "device": "solar_panel",
  "panel_id": 3,
  "power_watts": 207,
  "temperature": 55,
  "status": "ok"
}
--------------------------------------------------------------------------------
{
  "timestamp": "2026-02-22T16:42:09.972085",
  "device": "solar_panel",
  "panel_id": 1,
  "power_watts": 222,
  "temperature": 26,
  "status": "ok"
}
--------------------------------------------------------------------------------
{
  "timestamp": "2026-02-22T16:42:10.973347",
  "device": "solar_panel",
  "panel_id": 2,
  "power_watts": 986,
  "temperature": 55,
  "status": "ok"
}
--------------------------------------------------------------------------------
{
  "timestamp": "2026-02-22T16:42:11.974263",
  "device": "solar_panel",
  "panel_id": 3,
  "power_watts": 191,
  "temperature": 47,
  "status": "ok"
}
--------------------------------------------------------------------------------
{
  "timestamp": "2026-02-22T16:42:22.975963",
  "device": "solar_panel",
  "panel_id": 1,
  "power_watts": 245,
  "temperature": 48,
  "status": "ok"
}
--------------------------------------------------------------------------------
{
  "timestamp": "2026-02-22T16:42:23.977327",
  "device": "solar_panel",
  "panel_id": 2,
  "power_watts": 162,
  "temperature": 38,
  "status": "ok"
}
--------------------------------------------------------------------------------
{
  "timestamp": "2026-02-22T16:42:24.979233",
  "device": "solar_panel",
  "panel_id": 3,
  "power_watts": 334,
  "temperature": 40,
  "status": "ok"
}
--------------------------------------------------------------------------------
{
  "timestamp": "2026-02-22T16:42:35.980918",
  "device": "solar_panel",
  "panel_id": 1,
  "power_watts": 231,
  "temperature": 58,
  "status": "ok"
}
--------------------------------------------------------------------------------
{
  "timestamp": "2026-02-22T16:42:36.982345",
  "device": "solar_panel",
  "panel_id": 2,
  "power_watts": 658,
  "temperature": 55,
  "status": "ok"
}
--------------------------------------------------------------------------------
{
  "timestamp": "2026-02-22T16:42:37.983766",
  "device": "solar_panel",
  "panel_id": 3,
  "power_watts": 746,
  "temperature": 56,
  "status": "ok"
}
--------------------------------------------------------------------------------
{
  "timestamp": "2026-02-22T16:42:48.985189",
  "device": "solar_panel",
  "panel_id": 1,
  "power_watts": 918,
  "temperature": 54,
  "status": "ok"
}
--------------------------------------------------------------------------------
{
  "timestamp": "2026-02-22T16:42:49.986167",
  "device": "solar_panel",
  "panel_id": 2,
  "power_watts": 620,
  "temperature": 57,
  "status": "ok"
}
--------------------------------------------------------------------------------
{
  "timestamp": "2026-02-22T16:42:50.987232",
  "device": "solar_panel",
  "panel_id": 3,
  "power_watts": 180,
  "temperature": 34,
  "status": "ok"
}
--------------------------------------------------------------------------------
{
  "timestamp": "2026-02-22T16:43:01.988749",
  "device": "solar_panel",
  "panel_id": 1,
  "power_watts": 701,
  "temperature": 47,
  "status": "ok"
}
--------------------------------------------------------------------------------
{
  "timestamp": "2026-02-22T16:43:02.990085",
  "device": "solar_panel",
  "panel_id": 2,
  "power_watts": 349,
  "temperature": 56,
  "status": "ok"
}
--------------------------------------------------------------------------------
{
  "timestamp": "2026-02-22T16:43:03.991119",
  "device": "solar_panel",
  "panel_id": 3,
  "power_watts": 769,
  "temperature": 48,
  "status": "ok"
}
--------------------------------------------------------------------------------
{
  "timestamp": "2026-02-22T16:43:14.992251",
  "device": "solar_panel",
  "panel_id": 1,
  "power_watts": 536,
  "temperature": 54,
  "status": "ok"
}
--------------------------------------------------------------------------------
{
  "timestamp": "2026-02-22T16:43:15.993056",
  "device": "solar_panel",
  "panel_id": 2,
  "power_watts": 723,
  "temperature": 59,
  "status": "ok"
}
--------------------------------------------------------------------------------
{
  "timestamp": "2026-02-22T16:43:16.994790",
  "device": "solar_panel",
  "panel_id": 3,
  "power_watts": 176,
  "temperature": 26,
  "status": "ok"
}
--------------------------------------------------------------------------------
{
  "timestamp": "2026-02-22T16:43:27.996738",
  "device": "solar_panel",
  "panel_id": 1,
  "power_watts": 619,
  "temperature": 55,
  "status": "ok"
}
--------------------------------------------------------------------------------
{
  "timestamp": "2026-02-22T16:43:28.997877",
  "device": "solar_panel",
  "panel_id": 2,
  "power_watts": 267,
  "temperature": 43,
  "status": "ok"
}
--------------------------------------------------------------------------------
{
  "timestamp": "2026-02-22T16:43:29.998792",
  "device": "solar_panel",
  "panel_id": 3,
  "power_watts": 311,
  "temperature": 30,
  "status": "ok"
}
--------------------------------------------------------------------------------
{
  "timestamp": "2026-02-22T16:43:41.000282",
  "device": "solar_panel",
  "panel_id": 1,
  "power_watts": 884,
  "temperature": 25,
  "status": "ok"
}
--------------------------------------------------------------------------------
{
  "timestamp": "2026-02-22T16:43:42.001293",
  "device": "solar_panel",
  "panel_id": 2,
  "power_watts": 675,
  "temperature": 47,
  "status": "ok"
}
--------------------------------------------------------------------------------
{
  "timestamp": "2026-02-22T16:43:43.002092",
  "device": "solar_panel",
  "panel_id": 3,
  "power_watts": 280,
  "temperature": 49,
  "status": "ok"
}
--------------------------------------------------------------------------------
{
  "timestamp": "2026-02-22T16:43:54.003442",
  "device": "solar_panel",
  "panel_id": 1,
  "power_watts": 283,
  "temperature": 40,
  "status": "ok"
}
--------------------------------------------------------------------------------
{
  "timestamp": "2026-02-22T16:43:55.004348",
  "device": "solar_panel",
  "panel_id": 2,
  "power_watts": 377,
  "temperature": 45,
  "status": "ok"
}
--------------------------------------------------------------------------------
{
  "timestamp": "2026-02-22T16:43:56.005361",
  "device": "solar_panel",
  "panel_id": 3,
  "power_watts": 791,
  "temperature": 33,
  "status": "ok"
}
--------------------------------------------------------------------------------
{
  "timestamp": "2026-02-22T16:44:07.006974",
  "device": "solar_panel",
  "panel_id": 1,
  "power_watts": 629,
  "temperature": 39,
  "status": "ok"
}
--------------------------------------------------------------------------------
{
  "timestamp": "2026-02-22T16:44:08.008047",
  "device": "solar_panel",
  "panel_id": 2,
  "power_watts": 148,
  "temperature": 56,
  "status": "ok"
}
--------------------------------------------------------------------------------
{
  "timestamp": "2026-02-22T16:44:09.009249",
  "device": "solar_panel",
  "panel_id": 3,
  "power_watts": 678,
  "temperature": 52,
  "status": "ok"
}
--------------------------------------------------------------------------------
{
  "timestamp": "2026-02-22T16:44:20.010525",
  "device": "solar_panel",
  "panel_id": 1,
  "power_watts": 287,
  "temperature": 49,
  "status": "ok"
}
--------------------------------------------------------------------------------
{
  "timestamp": "2026-02-22T16:44:21.011441",
  "device": "solar_panel",
  "panel_id": 2,
  "power_watts": 775,
  "temperature": 26,
  "status": "ok"
}
--------------------------------------------------------------------------------
{
  "timestamp": "2026-02-22T16:44:22.012372",
  "device": "solar_panel",
  "panel_id": 3,
  "power_watts": 865,
  "temperature": 49,
  "status": "ok"
}
--------------------------------------------------------------------------------
{
  "timestamp": "2026-02-22T16:44:33.013602",
  "device": "solar_panel",
  "panel_id": 1,
  "power_watts": 993,
  "temperature": 48,
  "status": "ok"
}
--------------------------------------------------------------------------------
{
  "timestamp": "2026-02-22T16:44:34.014762",
  "device": "solar_panel",
  "panel_id": 2,
  "power_watts": 362,
  "temperature": 26,
  "status": "ok"
}
--------------------------------------------------------------------------------
{
  "timestamp": "2026-02-22T16:44:35.015800",
  "device": "solar_panel",
  "panel_id": 3,
  "power_watts": 337,
  "temperature": 33,
  "status": "ok"
}
--------------------------------------------------------------------------------
{
  "timestamp": "2026-02-22T16:44:46.017799",
  "device": "solar_panel",
  "panel_id": 1,
  "power_watts": 714,
  "temperature": 33,
  "status": "ok"
}
--------------------------------------------------------------------------------
{
  "timestamp": "2026-02-22T16:44:47.018474",
  "device": "solar_panel",
  "panel_id": 2,
  "power_watts": 776,
  "temperature": 26,
  "status": "ok"
}
--------------------------------------------------------------------------------
{
  "timestamp": "2026-02-22T16:44:48.020027",
  "device": "solar_panel",
  "panel_id": 3,
  "power_watts": 837,
  "temperature": 41,
  "status": "ok"
}
--------------------------------------------------------------------------------
{
  "timestamp": "2026-02-22T16:44:59.022327",
  "device": "solar_panel",
  "panel_id": 1,
  "power_watts": 318,
  "temperature": 54,
  "status": "ok"
}
--------------------------------------------------------------------------------
{
  "timestamp": "2026-02-22T16:45:00.023826",
  "device": "solar_panel",
  "panel_id": 2,
  "power_watts": 170,
  "temperature": 58,
  "status": "ok"
}
--------------------------------------------------------------------------------
{
  "timestamp": "2026-02-22T16:45:01.024902",
  "device": "solar_panel",
  "panel_id": 3,
  "power_watts": 930,
  "temperature": 36,
  "status": "ok"
}
--------------------------------------------------------------------------------
{
  "timestamp": "2026-02-22T16:45:12.026595",
  "device": "solar_panel",
  "panel_id": 1,
  "power_watts": 894,
  "temperature": 41,
  "status": "ok"
}
--------------------------------------------------------------------------------
{
  "timestamp": "2026-02-22T16:45:13.027423",
  "device": "solar_panel",
  "panel_id": 2,
  "power_watts": 399,
  "temperature": 58,
  "status": "ok"
}
--------------------------------------------------------------------------------
{
  "timestamp": "2026-02-22T16:45:14.028380",
  "device": "solar_panel",
  "panel_id": 3,
  "power_watts": 626,
  "temperature": 40,
  "status": "ok"
}
--------------------------------------------------------------------------------
{
  "timestamp": "2026-02-22T16:45:25.029909",
  "device": "solar_panel",
  "panel_id": 1,
  "power_watts": 717,
  "temperature": 44,
  "status": "ok"
}
--------------------------------------------------------------------------------
{
  "timestamp": "2026-02-22T16:45:26.030796",
  "device": "solar_panel",
  "panel_id": 2,
  "power_watts": 78,
  "temperature": 44,
  "status": "low_power"
}
--------------------------------------------------------------------------------
{
  "timestamp": "2026-02-22T16:45:27.033625",
  "device": "solar_panel",
  "panel_id": 3,
  "power_watts": 856,
  "temperature": 40,
  "status": "ok"
}
--------------------------------------------------------------------------------
{
  "timestamp": "2026-02-22T16:45:38.035807",
  "device": "solar_panel",
  "panel_id": 1,
  "power_watts": 678,
  "temperature": 50,
  "status": "ok"
}
--------------------------------------------------------------------------------
{
  "timestamp": "2026-02-22T16:45:39.037019",
  "device": "solar_panel",
  "panel_id": 2,
  "power_watts": 929,
  "temperature": 27,
  "status": "ok"
}
--------------------------------------------------------------------------------
{
  "timestamp": "2026-02-22T16:45:40.038239",
  "device": "solar_panel",
  "panel_id": 3,
  "power_watts": 546,
  "temperature": 29,
  "status": "ok"
}
--------------------------------------------------------------------------------
{
  "timestamp": "2026-02-22T16:45:51.039954",
  "device": "solar_panel",
  "panel_id": 1,
  "power_watts": 585,
  "temperature": 55,
  "status": "ok"
}
--------------------------------------------------------------------------------
{
  "timestamp": "2026-02-22T16:45:52.040859",
  "device": "solar_panel",
  "panel_id": 2,
  "power_watts": 514,
  "temperature": 47,
  "status": "ok"
}
--------------------------------------------------------------------------------
{
  "timestamp": "2026-02-22T16:45:53.041846",
  "device": "solar_panel",
  "panel_id": 3,
  "power_watts": 628,
  "temperature": 60,
  "status": "ok"
}
--------------------------------------------------------------------------------
{
  "timestamp": "2026-02-22T16:46:04.057516",
  "device": "solar_panel",
  "panel_id": 1,
  "power_watts": 478,
  "temperature": 43,
  "status": "ok"
}
--------------------------------------------------------------------------------
{
  "timestamp": "2026-02-22T16:46:05.169251",
  "device": "solar_panel",
  "panel_id": 2,
  "power_watts": 413,
  "temperature": 41,
  "status": "ok"
}
--------------------------------------------------------------------------------
{
  "timestamp": "2026-02-22T16:46:06.229405",
  "device": "solar_panel",
  "panel_id": 3,
  "power_watts": 770,
  "temperature": 28,
  "status": "ok"
}
--------------------------------------------------------------------------------
{
  "timestamp": "2026-02-22T16:46:17.240275",
  "device": "solar_panel",
  "panel_id": 1,
  "power_watts": 223,
  "temperature": 41,
  "status": "ok"
}
--------------------------------------------------------------------------------
{
  "timestamp": "2026-02-22T16:46:18.244204",
  "device": "solar_panel",
  "panel_id": 2,
  "power_watts": 366,
  "temperature": 50,
  "status": "ok"
}
--------------------------------------------------------------------------------
{
  "timestamp": "2026-02-22T16:46:19.245749",
  "device": "solar_panel",
  "panel_id": 3,
  "power_watts": 635,
  "temperature": 53,
  "status": "ok"
}
--------------------------------------------------------------------------------
{
  "timestamp": "2026-02-22T16:46:30.246793",
  "device": "solar_panel",
  "panel_id": 1,
  "power_watts": 821,
  "temperature": 45,
  "status": "ok"
}
--------------------------------------------------------------------------------
{
  "timestamp": "2026-02-22T16:46:31.248176",
  "device": "solar_panel",
  "panel_id": 2,
  "power_watts": 924,
  "temperature": 59,
  "status": "ok"
}
--------------------------------------------------------------------------------
{
  "timestamp": "2026-02-22T16:46:32.249312",
  "device": "solar_panel",
  "panel_id": 3,
  "power_watts": 330,
  "temperature": 57,
  "status": "ok"
}
--------------------------------------------------------------------------------
{
  "timestamp": "2026-02-22T16:46:43.250674",
  "device": "solar_panel",
  "panel_id": 1,
  "power_watts": 428,
  "temperature": 55,
  "status": "ok"
}
--------------------------------------------------------------------------------
{
  "timestamp": "2026-02-22T16:46:44.251608",
  "device": "solar_panel",
  "panel_id": 2,
  "power_watts": 574,
  "temperature": 30,
  "status": "ok"
}
--------------------------------------------------------------------------------
{
  "timestamp": "2026-02-22T16:46:45.252535",
  "device": "solar_panel",
  "panel_id": 3,
  "power_watts": 626,
  "temperature": 28,
  "status": "ok"
}
--------------------------------------------------------------------------------
{
  "timestamp": "2026-02-22T16:46:56.254947",
  "device": "solar_panel",
  "panel_id": 1,
  "power_watts": 118,
  "temperature": 25,
  "status": "ok"
}
--------------------------------------------------------------------------------
{
  "timestamp": "2026-02-22T16:46:57.256210",
  "device": "solar_panel",
  "panel_id": 2,
  "power_watts": 869,
  "temperature": 45,
  "status": "ok"
}
--------------------------------------------------------------------------------
{
  "timestamp": "2026-02-22T16:46:58.258486",
  "device": "solar_panel",
  "panel_id": 3,
  "power_watts": 534,
  "temperature": 33,
  "status": "ok"
}
--------------------------------------------------------------------------------
{
  "timestamp": "2026-02-22T16:47:09.260073",
  "device": "solar_panel",
  "panel_id": 1,
  "power_watts": 526,
  "temperature": 49,
  "status": "ok"
}
--------------------------------------------------------------------------------
{
  "timestamp": "2026-02-22T16:47:10.261848",
  "device": "solar_panel",
  "panel_id": 2,
  "power_watts": 777,
  "temperature": 35,
  "status": "ok"
}
--------------------------------------------------------------------------------
{
  "timestamp": "2026-02-22T16:47:11.262857",
  "device": "solar_panel",
  "panel_id": 3,
  "power_watts": 514,
  "temperature": 53,
  "status": "ok"
}
--------------------------------------------------------------------------------
{
  "timestamp": "2026-02-22T16:47:22.264097",
  "device": "solar_panel",
  "panel_id": 1,
  "power_watts": 797,
  "temperature": 27,
  "status": "ok"
}
--------------------------------------------------------------------------------
{
  "timestamp": "2026-02-22T16:47:23.265342",
  "device": "solar_panel",
  "panel_id": 2,
  "power_watts": 999,
  "temperature": 32,
  "status": "ok"
}
--------------------------------------------------------------------------------
{
  "timestamp": "2026-02-22T16:47:24.266169",
  "device": "solar_panel",
  "panel_id": 3,
  "power_watts": 577,
  "temperature": 36,
  "status": "ok"
}
--------------------------------------------------------------------------------
{
  "timestamp": "2026-02-22T16:47:35.268033",
  "device": "solar_panel",
  "panel_id": 1,
  "power_watts": 474,
  "temperature": 29,
  "status": "ok"
}
--------------------------------------------------------------------------------
{
  "timestamp": "2026-02-22T16:47:36.269573",
  "device": "solar_panel",
  "panel_id": 2,
  "power_watts": 505,
  "temperature": 26,
  "status": "ok"
}
--------------------------------------------------------------------------------
{
  "timestamp": "2026-02-22T16:47:37.270801",
  "device": "solar_panel",
  "panel_id": 3,
  "power_watts": 61,
  "temperature": 55,
  "status": "low_power"
}
--------------------------------------------------------------------------------
{
  "timestamp": "2026-02-22T16:47:48.272448",
  "device": "solar_panel",
  "panel_id": 1,
  "power_watts": 885,
  "temperature": 45,
  "status": "ok"
}
--------------------------------------------------------------------------------
{
  "timestamp": "2026-02-22T16:47:49.273320",
  "device": "solar_panel",
  "panel_id": 2,
  "power_watts": 248,
  "temperature": 56,
  "status": "ok"
}
--------------------------------------------------------------------------------
{
  "timestamp": "2026-02-22T16:47:50.300830",
  "device": "solar_panel",
  "panel_id": 3,
  "power_watts": 429,
  "temperature": 37,
  "status": "ok"
}
--------------------------------------------------------------------------------
{
  "timestamp": "2026-02-22T16:48:01.303228",
  "device": "solar_panel",
  "panel_id": 1,
  "power_watts": 64,
  "temperature": 29,
  "status": "low_power"
}
--------------------------------------------------------------------------------
{
  "timestamp": "2026-02-22T16:48:02.304355",
  "device": "solar_panel",
  "panel_id": 2,
  "power_watts": 399,
  "temperature": 47,
  "status": "ok"
}
--------------------------------------------------------------------------------
{
  "timestamp": "2026-02-22T16:48:03.307119",
  "device": "solar_panel",
  "panel_id": 3,
  "power_watts": 571,
  "temperature": 40,
  "status": "ok"
}
--------------------------------------------------------------------------------
{
  "timestamp": "2026-02-22T16:48:14.309028",
  "device": "solar_panel",
  "panel_id": 1,
  "power_watts": 985,
  "temperature": 43,
  "status": "ok"
}
--------------------------------------------------------------------------------
{
  "timestamp": "2026-02-22T16:48:15.309862",
  "device": "solar_panel",
  "panel_id": 2,
  "power_watts": 454,
  "temperature": 44,
  "status": "ok"
}
--------------------------------------------------------------------------------
{
  "timestamp": "2026-02-22T16:48:16.311164",
  "device": "solar_panel",
  "panel_id": 3,
  "power_watts": 426,
  "temperature": 59,
  "status": "ok"
}
--------------------------------------------------------------------------------
{
  "timestamp": "2026-02-22T16:48:27.312818",
  "device": "solar_panel",
  "panel_id": 1,
  "power_watts": 454,
  "temperature": 36,
  "status": "ok"
}
--------------------------------------------------------------------------------
{
  "timestamp": "2026-02-22T16:48:28.313772",
  "device": "solar_panel",
  "panel_id": 2,
  "power_watts": 801,
  "temperature": 54,
  "status": "ok"
}
--------------------------------------------------------------------------------
{
  "timestamp": "2026-02-22T16:48:29.315117",
  "device": "solar_panel",
  "panel_id": 3,
  "power_watts": 448,
  "temperature": 47,
  "status": "ok"
}
--------------------------------------------------------------------------------
{
  "timestamp": "2026-02-22T16:48:40.316293",
  "device": "solar_panel",
  "panel_id": 1,
  "power_watts": 229,
  "temperature": 51,
  "status": "ok"
}
--------------------------------------------------------------------------------
{
  "timestamp": "2026-02-22T16:48:41.318324",
  "device": "solar_panel",
  "panel_id": 2,
  "power_watts": 126,
  "temperature": 55,
  "status": "ok"
}
--------------------------------------------------------------------------------
{
  "timestamp": "2026-02-22T16:48:42.321900",
  "device": "solar_panel",
  "panel_id": 3,
  "power_watts": 669,
  "temperature": 25,
  "status": "ok"
}
--------------------------------------------------------------------------------
{
  "timestamp": "2026-02-22T16:48:53.324095",
  "device": "solar_panel",
  "panel_id": 1,
  "power_watts": 169,
  "temperature": 59,
  "status": "ok"
}
--------------------------------------------------------------------------------
{
  "timestamp": "2026-02-22T16:48:54.325336",
  "device": "solar_panel",
  "panel_id": 2,
  "power_watts": 834,
  "temperature": 51,
  "status": "ok"
}
--------------------------------------------------------------------------------
{
  "timestamp": "2026-02-22T16:48:55.326207",
  "device": "solar_panel",
  "panel_id": 3,
  "power_watts": 438,
  "temperature": 38,
  "status": "ok"
}
--------------------------------------------------------------------------------
{
  "timestamp": "2026-02-22T16:49:06.327326",
  "device": "solar_panel",
  "panel_id": 1,
  "power_watts": 329,
  "temperature": 56,
  "status": "ok"
}
--------------------------------------------------------------------------------
{
  "timestamp": "2026-02-22T16:49:07.328153",
  "device": "solar_panel",
  "panel_id": 2,
  "power_watts": 333,
  "temperature": 38,
  "status": "ok"
}
--------------------------------------------------------------------------------
{
  "timestamp": "2026-02-22T16:49:08.329126",
  "device": "solar_panel",
  "panel_id": 3,
  "power_watts": 969,
  "temperature": 46,
  "status": "ok"
}
--------------------------------------------------------------------------------
{
  "timestamp": "2026-02-22T16:49:19.330386",
  "device": "solar_panel",
  "panel_id": 1,
  "power_watts": 760,
  "temperature": 28,
  "status": "ok"
}
--------------------------------------------------------------------------------
{
  "timestamp": "2026-02-22T16:49:20.331368",
  "device": "solar_panel",
  "panel_id": 2,
  "power_watts": 407,
  "temperature": 48,
  "status": "ok"
}
--------------------------------------------------------------------------------
{
  "timestamp": "2026-02-22T16:49:21.332249",
  "device": "solar_panel",
  "panel_id": 3,
  "power_watts": 982,
  "temperature": 27,
  "status": "ok"
}
--------------------------------------------------------------------------------
{
  "timestamp": "2026-02-22T16:49:32.333524",
  "device": "solar_panel",
  "panel_id": 1,
  "power_watts": 630,
  "temperature": 39,
  "status": "ok"
}
--------------------------------------------------------------------------------
{
  "timestamp": "2026-02-22T16:49:33.334286",
  "device": "solar_panel",
  "panel_id": 2,
  "power_watts": 382,
  "temperature": 51,
  "status": "ok"
}
--------------------------------------------------------------------------------
{
  "timestamp": "2026-02-22T16:49:34.335514",
  "device": "solar_panel",
  "panel_id": 3,
  "power_watts": 976,
  "temperature": 57,
  "status": "ok"
}
--------------------------------------------------------------------------------
{
  "timestamp": "2026-02-22T16:49:45.337023",
  "device": "solar_panel",
  "panel_id": 1,
  "power_watts": 74,
  "temperature": 48,
  "status": "low_power"
}
--------------------------------------------------------------------------------
{
  "timestamp": "2026-02-22T16:49:46.340450",
  "device": "solar_panel",
  "panel_id": 2,
  "power_watts": 84,
  "temperature": 45,
  "status": "low_power"
}
--------------------------------------------------------------------------------
{
  "timestamp": "2026-02-22T16:49:47.341649",
  "device": "solar_panel",
  "panel_id": 3,
  "power_watts": 867,
  "temperature": 27,
  "status": "ok"
}
--------------------------------------------------------------------------------
{
  "timestamp": "2026-02-22T16:49:58.344036",
  "device": "solar_panel",
  "panel_id": 1,
  "power_watts": 233,
  "temperature": 51,
  "status": "ok"
}
--------------------------------------------------------------------------------
{
  "timestamp": "2026-02-22T16:49:59.346357",
  "device": "solar_panel",
  "panel_id": 2,
  "power_watts": 299,
  "temperature": 48,
  "status": "ok"
}
--------------------------------------------------------------------------------
{
  "timestamp": "2026-02-22T16:50:00.350060",
  "device": "solar_panel",
  "panel_id": 3,
  "power_watts": 161,
  "temperature": 32,
  "status": "ok"
}
--------------------------------------------------------------------------------
{
  "timestamp": "2026-02-22T16:50:11.353932",
  "device": "solar_panel",
  "panel_id": 1,
  "power_watts": 611,
  "temperature": 25,
  "status": "ok"
}
--------------------------------------------------------------------------------
{
  "timestamp": "2026-02-22T16:50:12.355198",
  "device": "solar_panel",
  "panel_id": 2,
  "power_watts": 605,
  "temperature": 51,
  "status": "ok"
}
--------------------------------------------------------------------------------
{
  "timestamp": "2026-02-22T16:50:13.356309",
  "device": "solar_panel",
  "panel_id": 3,
  "power_watts": 701,
  "temperature": 60,
  "status": "ok"
}
--------------------------------------------------------------------------------
{
  "timestamp": "2026-02-22T16:50:24.357620",
  "device": "solar_panel",
  "panel_id": 1,
  "power_watts": 469,
  "temperature": 36,
  "status": "ok"
}
--------------------------------------------------------------------------------
{
  "timestamp": "2026-02-22T16:50:25.358625",
  "device": "solar_panel",
  "panel_id": 2,
  "power_watts": 983,
  "temperature": 37,
  "status": "ok"
}
--------------------------------------------------------------------------------
{
  "timestamp": "2026-02-22T16:50:26.359863",
  "device": "solar_panel",
  "panel_id": 3,
  "power_watts": 943,
  "temperature": 51,
  "status": "ok"
}
--------------------------------------------------------------------------------
{
  "timestamp": "2026-02-22T16:50:37.363143",
  "device": "solar_panel",
  "panel_id": 1,
  "power_watts": 928,
  "temperature": 43,
  "status": "ok"
}
--------------------------------------------------------------------------------
{
  "timestamp": "2026-02-22T16:50:38.366547",
  "device": "solar_panel",
  "panel_id": 2,
  "power_watts": 350,
  "temperature": 42,
  "status": "ok"
}
--------------------------------------------------------------------------------
{
  "timestamp": "2026-02-22T16:50:39.367580",
  "device": "solar_panel",
  "panel_id": 3,
  "power_watts": 802,
  "temperature": 43,
  "status": "ok"
}
--------------------------------------------------------------------------------
{
  "timestamp": "2026-02-22T16:50:50.370051",
  "device": "solar_panel",
  "panel_id": 1,
  "power_watts": 375,
  "temperature": 58,
  "status": "ok"
}
--------------------------------------------------------------------------------
{
  "timestamp": "2026-02-22T16:50:51.374487",
  "device": "solar_panel",
  "panel_id": 2,
  "power_watts": 110,
  "temperature": 50,
  "status": "ok"
}
--------------------------------------------------------------------------------
{
  "timestamp": "2026-02-22T16:50:52.376579",
  "device": "solar_panel",
  "panel_id": 3,
  "power_watts": 696,
  "temperature": 40,
  "status": "ok"
}
--------------------------------------------------------------------------------
{
  "timestamp": "2026-02-22T16:51:03.378409",
  "device": "solar_panel",
  "panel_id": 1,
  "power_watts": 826,
  "temperature": 41,
  "status": "ok"
}
--------------------------------------------------------------------------------
{
  "timestamp": "2026-02-22T16:51:04.379404",
  "device": "solar_panel",
  "panel_id": 2,
  "power_watts": 520,
  "temperature": 57,
  "status": "ok"
}
--------------------------------------------------------------------------------
{
  "timestamp": "2026-02-22T16:51:05.380686",
  "device": "solar_panel",
  "panel_id": 3,
  "power_watts": 606,
  "temperature": 44,
  "status": "ok"
}
--------------------------------------------------------------------------------
{
  "timestamp": "2026-02-22T16:51:16.382892",
  "device": "solar_panel",
  "panel_id": 1,
  "power_watts": 162,
  "temperature": 26,
  "status": "ok"
}
--------------------------------------------------------------------------------
{
  "timestamp": "2026-02-22T16:51:17.383874",
  "device": "solar_panel",
  "panel_id": 2,
  "power_watts": 615,
  "temperature": 59,
  "status": "ok"
}
--------------------------------------------------------------------------------
{
  "timestamp": "2026-02-22T16:51:18.385327",
  "device": "solar_panel",
  "panel_id": 3,
  "power_watts": 756,
  "temperature": 49,
  "status": "ok"
}
--------------------------------------------------------------------------------
{
  "timestamp": "2026-02-22T16:51:29.387687",
  "device": "solar_panel",
  "panel_id": 1,
  "power_watts": 961,
  "temperature": 28,
  "status": "ok"
}
--------------------------------------------------------------------------------
{
  "timestamp": "2026-02-22T16:51:30.388921",
  "device": "solar_panel",
  "panel_id": 2,
  "power_watts": 167,
  "temperature": 27,
  "status": "ok"
}
--------------------------------------------------------------------------------
{
  "timestamp": "2026-02-22T16:51:31.390728",
  "device": "solar_panel",
  "panel_id": 3,
  "power_watts": 695,
  "temperature": 42,
  "status": "ok"
}
--------------------------------------------------------------------------------
{
  "timestamp": "2026-02-22T16:51:42.392164",
  "device": "solar_panel",
  "panel_id": 1,
  "power_watts": 937,
  "temperature": 26,
  "status": "ok"
}
--------------------------------------------------------------------------------
{
  "timestamp": "2026-02-22T16:51:43.393319",
  "device": "solar_panel",
  "panel_id": 2,
  "power_watts": 575,
  "temperature": 35,
  "status": "ok"
}
--------------------------------------------------------------------------------
{
  "timestamp": "2026-02-22T16:51:44.394499",
  "device": "solar_panel",
  "panel_id": 3,
  "power_watts": 363,
  "temperature": 47,
  "status": "ok"
}
--------------------------------------------------------------------------------
{
  "timestamp": "2026-02-22T16:51:55.396395",
  "device": "solar_panel",
  "panel_id": 1,
  "power_watts": 295,
  "temperature": 35,
  "status": "ok"
}
--------------------------------------------------------------------------------
{
  "timestamp": "2026-02-22T16:51:56.397133",
  "device": "solar_panel",
  "panel_id": 2,
  "power_watts": 765,
  "temperature": 47,
  "status": "ok"
}
--------------------------------------------------------------------------------
{
  "timestamp": "2026-02-22T16:51:57.398209",
  "device": "solar_panel",
  "panel_id": 3,
  "power_watts": 970,
  "temperature": 26,
  "status": "ok"
}
--------------------------------------------------------------------------------
{
  "timestamp": "2026-02-22T16:52:08.401634",
  "device": "solar_panel",
  "panel_id": 1,
  "power_watts": 88,
  "temperature": 53,
  "status": "low_power"
}
--------------------------------------------------------------------------------
{
  "timestamp": "2026-02-22T16:52:09.404223",
  "device": "solar_panel",
  "panel_id": 2,
  "power_watts": 363,
  "temperature": 50,
  "status": "ok"
}
--------------------------------------------------------------------------------
{
  "timestamp": "2026-02-22T16:52:10.405551",
  "device": "solar_panel",
  "panel_id": 3,
  "power_watts": 519,
  "temperature": 29,
  "status": "ok"
}
--------------------------------------------------------------------------------
{
  "timestamp": "2026-02-22T16:52:21.407403",
  "device": "solar_panel",
  "panel_id": 1,
  "power_watts": 283,
  "temperature": 60,
  "status": "ok"
}
--------------------------------------------------------------------------------
{
  "timestamp": "2026-02-22T16:52:22.408238",
  "device": "solar_panel",
  "panel_id": 2,
  "power_watts": 114,
  "temperature": 37,
  "status": "ok"
}
--------------------------------------------------------------------------------
{
  "timestamp": "2026-02-22T16:52:23.409073",
  "device": "solar_panel",
  "panel_id": 3,
  "power_watts": 957,
  "temperature": 56,
  "status": "ok"
}
--------------------------------------------------------------------------------
{
  "timestamp": "2026-02-22T16:52:34.410184",
  "device": "solar_panel",
  "panel_id": 1,
  "power_watts": 711,
  "temperature": 31,
  "status": "ok"
}
--------------------------------------------------------------------------------
{
  "timestamp": "2026-02-22T16:52:35.495377",
  "device": "solar_panel",
  "panel_id": 2,
  "power_watts": 263,
  "temperature": 34,
  "status": "ok"
}
--------------------------------------------------------------------------------
{
  "timestamp": "2026-02-22T16:52:36.530555",
  "device": "solar_panel",
  "panel_id": 3,
  "power_watts": 254,
  "temperature": 33,
  "status": "ok"
}
--------------------------------------------------------------------------------
{
  "timestamp": "2026-02-22T16:52:47.533118",
  "device": "solar_panel",
  "panel_id": 1,
  "power_watts": 616,
  "temperature": 46,
  "status": "ok"
}
--------------------------------------------------------------------------------
{
  "timestamp": "2026-02-22T16:52:48.534650",
  "device": "solar_panel",
  "panel_id": 2,
  "power_watts": 455,
  "temperature": 53,
  "status": "ok"
}
--------------------------------------------------------------------------------
{
  "timestamp": "2026-02-22T16:52:49.535901",
  "device": "solar_panel",
  "panel_id": 3,
  "power_watts": 309,
  "temperature": 41,
  "status": "ok"
}
--------------------------------------------------------------------------------
{
  "timestamp": "2026-02-22T16:53:00.538056",
  "device": "solar_panel",
  "panel_id": 1,
  "power_watts": 287,
  "temperature": 29,
  "status": "ok"
}
--------------------------------------------------------------------------------
{
  "timestamp": "2026-02-22T16:53:01.539022",
  "device": "solar_panel",
  "panel_id": 2,
  "power_watts": 268,
  "temperature": 31,
  "status": "ok"
}
--------------------------------------------------------------------------------
{
  "timestamp": "2026-02-22T16:53:02.540469",
  "device": "solar_panel",
  "panel_id": 3,
  "power_watts": 188,
  "temperature": 25,
  "status": "ok"
}
--------------------------------------------------------------------------------
{
  "timestamp": "2026-02-22T16:53:13.541635",
  "device": "solar_panel",
  "panel_id": 1,
  "power_watts": 945,
  "temperature": 56,
  "status": "ok"
}
--------------------------------------------------------------------------------
{
  "timestamp": "2026-02-22T16:53:14.542757",
  "device": "solar_panel",
  "panel_id": 2,
  "power_watts": 614,
  "temperature": 39,
  "status": "ok"
}
--------------------------------------------------------------------------------
{
  "timestamp": "2026-02-22T16:53:15.543773",
  "device": "solar_panel",
  "panel_id": 3,
  "power_watts": 469,
  "temperature": 46,
  "status": "ok"
}
--------------------------------------------------------------------------------
{
  "timestamp": "2026-02-22T16:53:26.545243",
  "device": "solar_panel",
  "panel_id": 1,
  "power_watts": 791,
  "temperature": 55,
  "status": "ok"
}
--------------------------------------------------------------------------------
{
  "timestamp": "2026-02-22T16:53:27.546936",
  "device": "solar_panel",
  "panel_id": 2,
  "power_watts": 319,
  "temperature": 32,
  "status": "ok"
}
--------------------------------------------------------------------------------
{
  "timestamp": "2026-02-22T16:53:28.547946",
  "device": "solar_panel",
  "panel_id": 3,
  "power_watts": 705,
  "temperature": 57,
  "status": "ok"
}
--------------------------------------------------------------------------------
{
  "timestamp": "2026-02-22T16:53:39.549168",
  "device": "solar_panel",
  "panel_id": 1,
  "power_watts": 934,
  "temperature": 55,
  "status": "ok"
}
--------------------------------------------------------------------------------
{
  "timestamp": "2026-02-22T16:53:40.549866",
  "device": "solar_panel",
  "panel_id": 2,
  "power_watts": 607,
  "temperature": 32,
  "status": "ok"
}
--------------------------------------------------------------------------------
{
  "timestamp": "2026-02-22T16:53:41.550920",
  "device": "solar_panel",
  "panel_id": 3,
  "power_watts": 675,
  "temperature": 28,
  "status": "ok"
}
--------------------------------------------------------------------------------
{
  "timestamp": "2026-02-22T16:53:52.552649",
  "device": "solar_panel",
  "panel_id": 1,
  "power_watts": 780,
  "temperature": 27,
  "status": "ok"
}
--------------------------------------------------------------------------------
{
  "timestamp": "2026-02-22T16:53:53.553966",
  "device": "solar_panel",
  "panel_id": 2,
  "power_watts": 301,
  "temperature": 48,
  "status": "ok"
}
--------------------------------------------------------------------------------
{
  "timestamp": "2026-02-22T16:53:54.555113",
  "device": "solar_panel",
  "panel_id": 3,
  "power_watts": 781,
  "temperature": 32,
  "status": "ok"
}
--------------------------------------------------------------------------------
{
  "timestamp": "2026-02-22T16:54:05.556362",
  "device": "solar_panel",
  "panel_id": 1,
  "power_watts": 796,
  "temperature": 59,
  "status": "ok"
}
--------------------------------------------------------------------------------
{
  "timestamp": "2026-02-22T16:54:06.557299",
  "device": "solar_panel",
  "panel_id": 2,
  "power_watts": 500,
  "temperature": 59,
  "status": "ok"
}
--------------------------------------------------------------------------------
{
  "timestamp": "2026-02-22T16:54:07.558049",
  "device": "solar_panel",
  "panel_id": 3,
  "power_watts": 999,
  "temperature": 30,
  "status": "ok"
}
--------------------------------------------------------------------------------
{
  "timestamp": "2026-02-22T16:54:18.559864",
  "device": "solar_panel",
  "panel_id": 1,
  "power_watts": 708,
  "temperature": 49,
  "status": "ok"
}
--------------------------------------------------------------------------------
{
  "timestamp": "2026-02-22T16:54:19.560944",
  "device": "solar_panel",
  "panel_id": 2,
  "power_watts": 337,
  "temperature": 56,
  "status": "ok"
}
--------------------------------------------------------------------------------
{
  "timestamp": "2026-02-22T16:54:20.561931",
  "device": "solar_panel",
  "panel_id": 3,
  "power_watts": 994,
  "temperature": 33,
  "status": "ok"
}
--------------------------------------------------------------------------------
{
  "timestamp": "2026-02-22T16:54:31.563411",
  "device": "solar_panel",
  "panel_id": 1,
  "power_watts": 117,
  "temperature": 33,
  "status": "ok"
}
--------------------------------------------------------------------------------
{
  "timestamp": "2026-02-22T16:54:32.565929",
  "device": "solar_panel",
  "panel_id": 2,
  "power_watts": 831,
  "temperature": 37,
  "status": "ok"
}
--------------------------------------------------------------------------------
{
  "timestamp": "2026-02-22T16:54:33.567022",
  "device": "solar_panel",
  "panel_id": 3,
  "power_watts": 884,
  "temperature": 57,
  "status": "ok"
}
--------------------------------------------------------------------------------
{
  "timestamp": "2026-02-22T16:54:44.569280",
  "device": "solar_panel",
  "panel_id": 1,
  "power_watts": 131,
  "temperature": 57,
  "status": "ok"
}
--------------------------------------------------------------------------------
{
  "timestamp": "2026-02-22T16:54:45.570176",
  "device": "solar_panel",
  "panel_id": 2,
  "power_watts": 649,
  "temperature": 27,
  "status": "ok"
}
--------------------------------------------------------------------------------
{
  "timestamp": "2026-02-22T16:54:46.570857",
  "device": "solar_panel",
  "panel_id": 3,
  "power_watts": 940,
  "temperature": 31,
  "status": "ok"
}
--------------------------------------------------------------------------------
{
  "timestamp": "2026-02-22T16:54:57.572313",
  "device": "solar_panel",
  "panel_id": 1,
  "power_watts": 635,
  "temperature": 50,
  "status": "ok"
}
--------------------------------------------------------------------------------
{
  "timestamp": "2026-02-22T16:54:58.573238",
  "device": "solar_panel",
  "panel_id": 2,
  "power_watts": 412,
  "temperature": 40,
  "status": "ok"
}
--------------------------------------------------------------------------------
{
  "timestamp": "2026-02-22T16:54:59.588950",
  "device": "solar_panel",
  "panel_id": 3,
  "power_watts": 581,
  "temperature": 48,
  "status": "ok"
}
--------------------------------------------------------------------------------
{
  "timestamp": "2026-02-22T16:55:10.592552",
  "device": "solar_panel",
  "panel_id": 1,
  "power_watts": 702,
  "temperature": 46,
  "status": "ok"
}
--------------------------------------------------------------------------------
{
  "timestamp": "2026-02-22T16:55:11.593737",
  "device": "solar_panel",
  "panel_id": 2,
  "power_watts": 430,
  "temperature": 26,
  "status": "ok"
}
--------------------------------------------------------------------------------
{
  "timestamp": "2026-02-22T16:55:12.596027",
  "device": "solar_panel",
  "panel_id": 3,
  "power_watts": 230,
  "temperature": 59,
  "status": "ok"
}
--------------------------------------------------------------------------------
{
  "timestamp": "2026-02-22T16:55:24.193233",
  "device": "solar_panel",
  "panel_id": 1,
  "power_watts": 801,
  "temperature": 26,
  "status": "ok"
}
--------------------------------------------------------------------------------
{
  "timestamp": "2026-02-22T16:55:25.774424",
  "device": "solar_panel",
  "panel_id": 2,
  "power_watts": 794,
  "temperature": 49,
  "status": "ok"
}
--------------------------------------------------------------------------------
{
  "timestamp": "2026-02-22T16:55:26.817677",
  "device": "solar_panel",
  "panel_id": 3,
  "power_watts": 635,
  "temperature": 48,
  "status": "ok"
}
--------------------------------------------------------------------------------
{
  "timestamp": "2026-02-22T16:55:37.822515",
  "device": "solar_panel",
  "panel_id": 1,
  "power_watts": 584,
  "temperature": 60,
  "status": "ok"
}
--------------------------------------------------------------------------------
{
  "timestamp": "2026-02-22T16:55:38.823196",
  "device": "solar_panel",
  "panel_id": 2,
  "power_watts": 499,
  "temperature": 53,
  "status": "ok"
}
--------------------------------------------------------------------------------
{
  "timestamp": "2026-02-22T16:55:39.824867",
  "device": "solar_panel",
  "panel_id": 3,
  "power_watts": 427,
  "temperature": 25,
  "status": "ok"
}
--------------------------------------------------------------------------------
{
  "timestamp": "2026-02-22T16:55:50.866559",
  "device": "solar_panel",
  "panel_id": 1,
  "power_watts": 656,
  "temperature": 25,
  "status": "ok"
}
--------------------------------------------------------------------------------
{
  "timestamp": "2026-02-22T16:55:51.878378",
  "device": "solar_panel",
  "panel_id": 2,
  "power_watts": 197,
  "temperature": 56,
  "status": "ok"
}
--------------------------------------------------------------------------------
{
  "timestamp": "2026-02-22T16:55:52.883746",
  "device": "solar_panel",
  "panel_id": 3,
  "power_watts": 767,
  "temperature": 43,
  "status": "ok"
}
--------------------------------------------------------------------------------
{
  "timestamp": "2026-02-22T16:56:03.888436",
  "device": "solar_panel",
  "panel_id": 1,
  "power_watts": 420,
  "temperature": 48,
  "status": "ok"
}
--------------------------------------------------------------------------------
{
  "timestamp": "2026-02-22T16:56:04.889630",
  "device": "solar_panel",
  "panel_id": 2,
  "power_watts": 856,
  "temperature": 57,
  "status": "ok"
}
--------------------------------------------------------------------------------
{
  "timestamp": "2026-02-22T16:56:05.893524",
  "device": "solar_panel",
  "panel_id": 3,
  "power_watts": 927,
  "temperature": 42,
  "status": "ok"
}
--------------------------------------------------------------------------------
{
  "timestamp": "2026-02-22T16:56:16.894727",
  "device": "solar_panel",
  "panel_id": 1,
  "power_watts": 406,
  "temperature": 51,
  "status": "ok"
}
--------------------------------------------------------------------------------
{
  "timestamp": "2026-02-22T16:56:17.898817",
  "device": "solar_panel",
  "panel_id": 2,
  "power_watts": 510,
  "temperature": 34,
  "status": "ok"
}
--------------------------------------------------------------------------------
{
  "timestamp": "2026-02-22T16:56:18.900273",
  "device": "solar_panel",
  "panel_id": 3,
  "power_watts": 584,
  "temperature": 32,
  "status": "ok"
}
--------------------------------------------------------------------------------
{
  "timestamp": "2026-02-22T16:56:29.901544",
  "device": "solar_panel",
  "panel_id": 1,
  "power_watts": 413,
  "temperature": 32,
  "status": "ok"
}
--------------------------------------------------------------------------------
{
  "timestamp": "2026-02-22T16:56:30.902581",
  "device": "solar_panel",
  "panel_id": 2,
  "power_watts": 773,
  "temperature": 43,
  "status": "ok"
}
--------------------------------------------------------------------------------
{
  "timestamp": "2026-02-22T16:56:31.903506",
  "device": "solar_panel",
  "panel_id": 3,
  "power_watts": 810,
  "temperature": 48,
  "status": "ok"
}
--------------------------------------------------------------------------------
{
  "timestamp": "2026-02-22T16:56:42.905046",
  "device": "solar_panel",
  "panel_id": 1,
  "power_watts": 928,
  "temperature": 52,
  "status": "ok"
}
--------------------------------------------------------------------------------
{
  "timestamp": "2026-02-22T16:56:43.905856",
  "device": "solar_panel",
  "panel_id": 2,
  "power_watts": 82,
  "temperature": 56,
  "status": "low_power"
}
--------------------------------------------------------------------------------
{
  "timestamp": "2026-02-22T16:56:44.907013",
  "device": "solar_panel",
  "panel_id": 3,
  "power_watts": 575,
  "temperature": 30,
  "status": "ok"
}
--------------------------------------------------------------------------------
{
  "timestamp": "2026-02-22T16:56:55.908464",
  "device": "solar_panel",
  "panel_id": 1,
  "power_watts": 675,
  "temperature": 56,
  "status": "ok"
}
--------------------------------------------------------------------------------
{
  "timestamp": "2026-02-22T16:56:56.911628",
  "device": "solar_panel",
  "panel_id": 2,
  "power_watts": 804,
  "temperature": 35,
  "status": "ok"
}
--------------------------------------------------------------------------------
{
  "timestamp": "2026-02-22T16:56:57.913522",
  "device": "solar_panel",
  "panel_id": 3,
  "power_watts": 927,
  "temperature": 52,
  "status": "ok"
}
--------------------------------------------------------------------------------
{
  "timestamp": "2026-02-22T16:57:08.915029",
  "device": "solar_panel",
  "panel_id": 1,
  "power_watts": 348,
  "temperature": 48,
  "status": "ok"
}
--------------------------------------------------------------------------------
{
  "timestamp": "2026-02-22T16:57:09.915756",
  "device": "solar_panel",
  "panel_id": 2,
  "power_watts": 809,
  "temperature": 43,
  "status": "ok"
}
--------------------------------------------------------------------------------
{
  "timestamp": "2026-02-22T16:57:10.916570",
  "device": "solar_panel",
  "panel_id": 3,
  "power_watts": 899,
  "temperature": 53,
  "status": "ok"
}
--------------------------------------------------------------------------------
{
  "timestamp": "2026-02-22T16:57:21.917866",
  "device": "solar_panel",
  "panel_id": 1,
  "power_watts": 64,
  "temperature": 33,
  "status": "low_power"
}
--------------------------------------------------------------------------------
{
  "timestamp": "2026-02-22T16:57:22.918958",
  "device": "solar_panel",
  "panel_id": 2,
  "power_watts": 683,
  "temperature": 55,
  "status": "ok"
}
--------------------------------------------------------------------------------
{
  "timestamp": "2026-02-22T16:57:23.919875",
  "device": "solar_panel",
  "panel_id": 3,
  "power_watts": 571,
  "temperature": 36,
  "status": "ok"
}
--------------------------------------------------------------------------------
{
  "timestamp": "2026-02-22T16:57:34.920820",
  "device": "solar_panel",
  "panel_id": 1,
  "power_watts": 296,
  "temperature": 25,
  "status": "ok"
}
--------------------------------------------------------------------------------
{
  "timestamp": "2026-02-22T16:57:35.921727",
  "device": "solar_panel",
  "panel_id": 2,
  "power_watts": 100,
  "temperature": 60,
  "status": "low_power"
}
--------------------------------------------------------------------------------
{
  "timestamp": "2026-02-22T16:57:36.922664",
  "device": "solar_panel",
  "panel_id": 3,
  "power_watts": 422,
  "temperature": 41,
  "status": "ok"
}
--------------------------------------------------------------------------------
{
  "timestamp": "2026-02-22T16:57:47.924019",
  "device": "solar_panel",
  "panel_id": 1,
  "power_watts": 822,
  "temperature": 48,
  "status": "ok"
}
--------------------------------------------------------------------------------
{
  "timestamp": "2026-02-22T16:57:48.925105",
  "device": "solar_panel",
  "panel_id": 2,
  "power_watts": 545,
  "temperature": 34,
  "status": "ok"
}
--------------------------------------------------------------------------------
{
  "timestamp": "2026-02-22T16:57:49.926147",
  "device": "solar_panel",
  "panel_id": 3,
  "power_watts": 200,
  "temperature": 33,
  "status": "ok"
}
--------------------------------------------------------------------------------
{
  "timestamp": "2026-02-22T16:58:00.928858",
  "device": "solar_panel",
  "panel_id": 1,
  "power_watts": 468,
  "temperature": 49,
  "status": "ok"
}
--------------------------------------------------------------------------------
{
  "timestamp": "2026-02-22T16:58:01.930131",
  "device": "solar_panel",
  "panel_id": 2,
  "power_watts": 320,
  "temperature": 40,
  "status": "ok"
}
--------------------------------------------------------------------------------
{
  "timestamp": "2026-02-22T16:58:02.931475",
  "device": "solar_panel",
  "panel_id": 3,
  "power_watts": 464,
  "temperature": 54,
  "status": "ok"
}
--------------------------------------------------------------------------------
{
  "timestamp": "2026-02-22T16:58:13.933034",
  "device": "solar_panel",
  "panel_id": 1,
  "power_watts": 654,
  "temperature": 34,
  "status": "ok"
}
--------------------------------------------------------------------------------
{
  "timestamp": "2026-02-22T16:58:14.934017",
  "device": "solar_panel",
  "panel_id": 2,
  "power_watts": 989,
  "temperature": 28,
  "status": "ok"
}
--------------------------------------------------------------------------------
{
  "timestamp": "2026-02-22T16:58:15.934945",
  "device": "solar_panel",
  "panel_id": 3,
  "power_watts": 291,
  "temperature": 40,
  "status": "ok"
}
--------------------------------------------------------------------------------
{
  "timestamp": "2026-02-22T16:58:26.936660",
  "device": "solar_panel",
  "panel_id": 1,
  "power_watts": 825,
  "temperature": 40,
  "status": "ok"
}
--------------------------------------------------------------------------------
{
  "timestamp": "2026-02-22T16:58:27.937538",
  "device": "solar_panel",
  "panel_id": 2,
  "power_watts": 416,
  "temperature": 40,
  "status": "ok"
}
--------------------------------------------------------------------------------
{
  "timestamp": "2026-02-22T16:58:28.939398",
  "device": "solar_panel",
  "panel_id": 3,
  "power_watts": 494,
  "temperature": 37,
  "status": "ok"
}
--------------------------------------------------------------------------------
{
  "timestamp": "2026-02-22T16:58:39.941519",
  "device": "solar_panel",
  "panel_id": 1,
  "power_watts": 166,
  "temperature": 37,
  "status": "ok"
}
--------------------------------------------------------------------------------
{
  "timestamp": "2026-02-22T16:58:40.944044",
  "device": "solar_panel",
  "panel_id": 2,
  "power_watts": 702,
  "temperature": 38,
  "status": "ok"
}
--------------------------------------------------------------------------------
{
  "timestamp": "2026-02-22T16:58:41.945047",
  "device": "solar_panel",
  "panel_id": 3,
  "power_watts": 532,
  "temperature": 35,
  "status": "ok"
}
--------------------------------------------------------------------------------
{
  "timestamp": "2026-02-22T16:58:52.946541",
  "device": "solar_panel",
  "panel_id": 1,
  "power_watts": 193,
  "temperature": 59,
  "status": "ok"
}
--------------------------------------------------------------------------------
{
  "timestamp": "2026-02-22T16:58:53.947727",
  "device": "solar_panel",
  "panel_id": 2,
  "power_watts": 55,
  "temperature": 45,
  "status": "low_power"
}
--------------------------------------------------------------------------------
{
  "timestamp": "2026-02-22T16:58:54.948671",
  "device": "solar_panel",
  "panel_id": 3,
  "power_watts": 782,
  "temperature": 43,
  "status": "ok"
}
--------------------------------------------------------------------------------
{
  "timestamp": "2026-02-22T16:59:05.950001",
  "device": "solar_panel",
  "panel_id": 1,
  "power_watts": 662,
  "temperature": 30,
  "status": "ok"
}
--------------------------------------------------------------------------------
{
  "timestamp": "2026-02-22T16:59:06.950722",
  "device": "solar_panel",
  "panel_id": 2,
  "power_watts": 322,
  "temperature": 52,
  "status": "ok"
}
--------------------------------------------------------------------------------
{
  "timestamp": "2026-02-22T16:59:07.951819",
  "device": "solar_panel",
  "panel_id": 3,
  "power_watts": 316,
  "temperature": 44,
  "status": "ok"
}
--------------------------------------------------------------------------------
{
  "timestamp": "2026-02-22T16:59:18.953090",
  "device": "solar_panel",
  "panel_id": 1,
  "power_watts": 234,
  "temperature": 51,
  "status": "ok"
}
--------------------------------------------------------------------------------
{
  "timestamp": "2026-02-22T16:59:19.954116",
  "device": "solar_panel",
  "panel_id": 2,
  "power_watts": 576,
  "temperature": 42,
  "status": "ok"
}
--------------------------------------------------------------------------------
{
  "timestamp": "2026-02-22T16:59:20.955456",
  "device": "solar_panel",
  "panel_id": 3,
  "power_watts": 612,
  "temperature": 49,
  "status": "ok"
}
--------------------------------------------------------------------------------
{
  "timestamp": "2026-02-22T16:59:31.957148",
  "device": "solar_panel",
  "panel_id": 1,
  "power_watts": 349,
  "temperature": 28,
  "status": "ok"
}
--------------------------------------------------------------------------------
{
  "timestamp": "2026-02-22T16:59:32.957929",
  "device": "solar_panel",
  "panel_id": 2,
  "power_watts": 262,
  "temperature": 53,
  "status": "ok"
}
--------------------------------------------------------------------------------
{
  "timestamp": "2026-02-22T16:59:33.958818",
  "device": "solar_panel",
  "panel_id": 3,
  "power_watts": 438,
  "temperature": 58,
  "status": "ok"
}
--------------------------------------------------------------------------------
{
  "timestamp": "2026-02-22T16:59:44.961092",
  "device": "solar_panel",
  "panel_id": 1,
  "power_watts": 847,
  "temperature": 26,
  "status": "ok"
}
--------------------------------------------------------------------------------
{
  "timestamp": "2026-02-22T16:59:45.962347",
  "device": "solar_panel",
  "panel_id": 2,
  "power_watts": 936,
  "temperature": 60,
  "status": "ok"
}
--------------------------------------------------------------------------------
{
  "timestamp": "2026-02-22T16:59:46.964192",
  "device": "solar_panel",
  "panel_id": 3,
  "power_watts": 469,
  "temperature": 46,
  "status": "ok"
}
--------------------------------------------------------------------------------
{
  "timestamp": "2026-02-22T16:59:57.965692",
  "device": "solar_panel",
  "panel_id": 1,
  "power_watts": 963,
  "temperature": 54,
  "status": "ok"
}
--------------------------------------------------------------------------------
{
  "timestamp": "2026-02-22T16:59:58.966794",
  "device": "solar_panel",
  "panel_id": 2,
  "power_watts": 183,
  "temperature": 49,
  "status": "ok"
}
--------------------------------------------------------------------------------
{
  "timestamp": "2026-02-22T16:59:59.968047",
  "device": "solar_panel",
  "panel_id": 3,
  "power_watts": 927,
  "temperature": 60,
  "status": "ok"
}
--------------------------------------------------------------------------------
{
  "timestamp": "2026-02-22T17:00:10.969881",
  "device": "solar_panel",
  "panel_id": 1,
  "power_watts": 470,
  "temperature": 45,
  "status": "ok"
}
--------------------------------------------------------------------------------
{
  "timestamp": "2026-02-22T17:00:11.971011",
  "device": "solar_panel",
  "panel_id": 2,
  "power_watts": 750,
  "temperature": 57,
  "status": "ok"
}
--------------------------------------------------------------------------------
{
  "timestamp": "2026-02-22T17:00:12.971707",
  "device": "solar_panel",
  "panel_id": 3,
  "power_watts": 870,
  "temperature": 52,
  "status": "ok"
}
--------------------------------------------------------------------------------
{
  "timestamp": "2026-02-22T17:00:23.973195",
  "device": "solar_panel",
  "panel_id": 1,
  "power_watts": 141,
  "temperature": 46,
  "status": "ok"
}
--------------------------------------------------------------------------------
{
  "timestamp": "2026-02-22T17:00:24.975778",
  "device": "solar_panel",
  "panel_id": 2,
  "power_watts": 233,
  "temperature": 51,
  "status": "ok"
}
--------------------------------------------------------------------------------
{
  "timestamp": "2026-02-22T17:00:25.976728",
  "device": "solar_panel",
  "panel_id": 3,
  "power_watts": 680,
  "temperature": 45,
  "status": "ok"
}
--------------------------------------------------------------------------------
{
  "timestamp": "2026-02-22T17:00:36.979235",
  "device": "solar_panel",
  "panel_id": 1,
  "power_watts": 927,
  "temperature": 52,
  "status": "ok"
}
--------------------------------------------------------------------------------
{
  "timestamp": "2026-02-22T17:00:37.980342",
  "device": "solar_panel",
  "panel_id": 2,
  "power_watts": 905,
  "temperature": 36,
  "status": "ok"
}
--------------------------------------------------------------------------------
{
  "timestamp": "2026-02-22T17:00:38.981130",
  "device": "solar_panel",
  "panel_id": 3,
  "power_watts": 871,
  "temperature": 52,
  "status": "ok"
}
--------------------------------------------------------------------------------
{
  "timestamp": "2026-02-22T17:00:49.982269",
  "device": "solar_panel",
  "panel_id": 1,
  "power_watts": 794,
  "temperature": 47,
  "status": "ok"
}
--------------------------------------------------------------------------------
{
  "timestamp": "2026-02-22T17:00:50.983240",
  "device": "solar_panel",
  "panel_id": 2,
  "power_watts": 829,
  "temperature": 32,
  "status": "ok"
}
--------------------------------------------------------------------------------
{
  "timestamp": "2026-02-22T17:00:51.983926",
  "device": "solar_panel",
  "panel_id": 3,
  "power_watts": 887,
  "temperature": 45,
  "status": "ok"
}
--------------------------------------------------------------------------------
{
  "timestamp": "2026-02-22T17:01:02.985855",
  "device": "solar_panel",
  "panel_id": 1,
  "power_watts": 188,
  "temperature": 54,
  "status": "ok"
}
--------------------------------------------------------------------------------
{
  "timestamp": "2026-02-22T17:01:03.986859",
  "device": "solar_panel",
  "panel_id": 2,
  "power_watts": 701,
  "temperature": 60,
  "status": "ok"
}
--------------------------------------------------------------------------------
{
  "timestamp": "2026-02-22T17:01:04.991722",
  "device": "solar_panel",
  "panel_id": 3,
  "power_watts": 353,
  "temperature": 28,
  "status": "ok"
}
--------------------------------------------------------------------------------
{
  "timestamp": "2026-02-22T17:01:15.993427",
  "device": "solar_panel",
  "panel_id": 1,
  "power_watts": 187,
  "temperature": 32,
  "status": "ok"
}
--------------------------------------------------------------------------------
{
  "timestamp": "2026-02-22T17:01:16.994503",
  "device": "solar_panel",
  "panel_id": 2,
  "power_watts": 212,
  "temperature": 25,
  "status": "ok"
}
--------------------------------------------------------------------------------
{
  "timestamp": "2026-02-22T17:01:17.995496",
  "device": "solar_panel",
  "panel_id": 3,
  "power_watts": 846,
  "temperature": 59,
  "status": "ok"
}
--------------------------------------------------------------------------------
{
  "timestamp": "2026-02-22T17:01:28.996908",
  "device": "solar_panel",
  "panel_id": 1,
  "power_watts": 714,
  "temperature": 29,
  "status": "ok"
}
--------------------------------------------------------------------------------
{
  "timestamp": "2026-02-22T17:01:29.998483",
  "device": "solar_panel",
  "panel_id": 2,
  "power_watts": 328,
  "temperature": 51,
  "status": "ok"
}
--------------------------------------------------------------------------------
{
  "timestamp": "2026-02-22T17:01:30.999373",
  "device": "solar_panel",
  "panel_id": 3,
  "power_watts": 989,
  "temperature": 53,
  "status": "ok"
}
--------------------------------------------------------------------------------
{
  "timestamp": "2026-02-22T17:01:42.045375",
  "device": "solar_panel",
  "panel_id": 1,
  "power_watts": 724,
  "temperature": 39,
  "status": "ok"
}
--------------------------------------------------------------------------------
{
  "timestamp": "2026-02-22T17:01:43.047106",
  "device": "solar_panel",
  "panel_id": 2,
  "power_watts": 948,
  "temperature": 25,
  "status": "ok"
}
--------------------------------------------------------------------------------
{
  "timestamp": "2026-02-22T17:01:44.048227",
  "device": "solar_panel",
  "panel_id": 3,
  "power_watts": 801,
  "temperature": 57,
  "status": "ok"
}
--------------------------------------------------------------------------------
{
  "timestamp": "2026-02-22T17:01:55.049617",
  "device": "solar_panel",
  "panel_id": 1,
  "power_watts": 515,
  "temperature": 25,
  "status": "ok"
}
--------------------------------------------------------------------------------
{
  "timestamp": "2026-02-22T17:01:56.050655",
  "device": "solar_panel",
  "panel_id": 2,
  "power_watts": 324,
  "temperature": 29,
  "status": "ok"
}
--------------------------------------------------------------------------------
{
  "timestamp": "2026-02-22T17:01:57.051534",
  "device": "solar_panel",
  "panel_id": 3,
  "power_watts": 361,
  "temperature": 60,
  "status": "ok"
}
--------------------------------------------------------------------------------
{
  "timestamp": "2026-02-22T17:02:08.053038",
  "device": "solar_panel",
  "panel_id": 1,
  "power_watts": 178,
  "temperature": 50,
  "status": "ok"
}
--------------------------------------------------------------------------------
{
  "timestamp": "2026-02-22T17:02:09.053924",
  "device": "solar_panel",
  "panel_id": 2,
  "power_watts": 586,
  "temperature": 32,
  "status": "ok"
}
--------------------------------------------------------------------------------
{
  "timestamp": "2026-02-22T17:02:10.054803",
  "device": "solar_panel",
  "panel_id": 3,
  "power_watts": 72,
  "temperature": 51,
  "status": "low_power"
}
--------------------------------------------------------------------------------
{
  "timestamp": "2026-02-22T17:02:21.056055",
  "device": "solar_panel",
  "panel_id": 1,
  "power_watts": 587,
  "temperature": 25,
  "status": "ok"
}
--------------------------------------------------------------------------------
{
  "timestamp": "2026-02-22T17:02:22.056913",
  "device": "solar_panel",
  "panel_id": 2,
  "power_watts": 960,
  "temperature": 28,
  "status": "ok"
}
--------------------------------------------------------------------------------
{
  "timestamp": "2026-02-22T17:02:23.058183",
  "device": "solar_panel",
  "panel_id": 3,
  "power_watts": 355,
  "temperature": 31,
  "status": "ok"
}
--------------------------------------------------------------------------------
{
  "timestamp": "2026-02-22T17:02:34.059438",
  "device": "solar_panel",
  "panel_id": 1,
  "power_watts": 283,
  "temperature": 49,
  "status": "ok"
}
--------------------------------------------------------------------------------
{
  "timestamp": "2026-02-22T17:02:35.061387",
  "device": "solar_panel",
  "panel_id": 2,
  "power_watts": 624,
  "temperature": 50,
  "status": "ok"
}
--------------------------------------------------------------------------------
{
  "timestamp": "2026-02-22T17:02:36.062779",
  "device": "solar_panel",
  "panel_id": 3,
  "power_watts": 176,
  "temperature": 38,
  "status": "ok"
}
--------------------------------------------------------------------------------
{
  "timestamp": "2026-02-22T17:02:47.064657",
  "device": "solar_panel",
  "panel_id": 1,
  "power_watts": 156,
  "temperature": 49,
  "status": "ok"
}
--------------------------------------------------------------------------------
{
  "timestamp": "2026-02-22T17:02:48.065387",
  "device": "solar_panel",
  "panel_id": 2,
  "power_watts": 959,
  "temperature": 33,
  "status": "ok"
}
--------------------------------------------------------------------------------
{
  "timestamp": "2026-02-22T17:02:49.066495",
  "device": "solar_panel",
  "panel_id": 3,
  "power_watts": 52,
  "temperature": 44,
  "status": "low_power"
}
--------------------------------------------------------------------------------
{
  "timestamp": "2026-02-22T17:03:00.068178",
  "device": "solar_panel",
  "panel_id": 1,
  "power_watts": 589,
  "temperature": 31,
  "status": "ok"
}
--------------------------------------------------------------------------------
{
  "timestamp": "2026-02-22T17:03:01.070349",
  "device": "solar_panel",
  "panel_id": 2,
  "power_watts": 778,
  "temperature": 27,
  "status": "ok"
}
--------------------------------------------------------------------------------
{
  "timestamp": "2026-02-22T17:03:02.071714",
  "device": "solar_panel",
  "panel_id": 3,
  "power_watts": 213,
  "temperature": 60,
  "status": "ok"
}
--------------------------------------------------------------------------------
{
  "timestamp": "2026-02-22T17:03:13.074747",
  "device": "solar_panel",
  "panel_id": 1,
  "power_watts": 973,
  "temperature": 30,
  "status": "ok"
}
--------------------------------------------------------------------------------
{
  "timestamp": "2026-02-22T17:03:14.075840",
  "device": "solar_panel",
  "panel_id": 2,
  "power_watts": 798,
  "temperature": 57,
  "status": "ok"
}
--------------------------------------------------------------------------------
{
  "timestamp": "2026-02-22T17:03:15.076785",
  "device": "solar_panel",
  "panel_id": 3,
  "power_watts": 450,
  "temperature": 43,
  "status": "ok"
}
--------------------------------------------------------------------------------
{
  "timestamp": "2026-02-22T17:03:26.078103",
  "device": "solar_panel",
  "panel_id": 1,
  "power_watts": 961,
  "temperature": 48,
  "status": "ok"
}
--------------------------------------------------------------------------------
{
  "timestamp": "2026-02-22T17:03:27.078939",
  "device": "solar_panel",
  "panel_id": 2,
  "power_watts": 809,
  "temperature": 29,
  "status": "ok"
}
--------------------------------------------------------------------------------
{
  "timestamp": "2026-02-22T17:03:28.079964",
  "device": "solar_panel",
  "panel_id": 3,
  "power_watts": 821,
  "temperature": 50,
  "status": "ok"
}
--------------------------------------------------------------------------------
{
  "timestamp": "2026-02-22T17:03:39.081339",
  "device": "solar_panel",
  "panel_id": 1,
  "power_watts": 420,
  "temperature": 36,
  "status": "ok"
}
--------------------------------------------------------------------------------
{
  "timestamp": "2026-02-22T17:03:40.082137",
  "device": "solar_panel",
  "panel_id": 2,
  "power_watts": 567,
  "temperature": 60,
  "status": "ok"
}
--------------------------------------------------------------------------------
{
  "timestamp": "2026-02-22T17:03:41.082896",
  "device": "solar_panel",
  "panel_id": 3,
  "power_watts": 279,
  "temperature": 59,
  "status": "ok"
}
--------------------------------------------------------------------------------
{
  "timestamp": "2026-02-22T17:03:52.084576",
  "device": "solar_panel",
  "panel_id": 1,
  "power_watts": 472,
  "temperature": 57,
  "status": "ok"
}
--------------------------------------------------------------------------------
{
  "timestamp": "2026-02-22T17:03:53.085757",
  "device": "solar_panel",
  "panel_id": 2,
  "power_watts": 804,
  "temperature": 57,
  "status": "ok"
}
--------------------------------------------------------------------------------
{
  "timestamp": "2026-02-22T17:03:54.086727",
  "device": "solar_panel",
  "panel_id": 3,
  "power_watts": 78,
  "temperature": 29,
  "status": "low_power"
}
--------------------------------------------------------------------------------
{
  "timestamp": "2026-02-22T17:04:05.088100",
  "device": "solar_panel",
  "panel_id": 1,
  "power_watts": 294,
  "temperature": 50,
  "status": "ok"
}
--------------------------------------------------------------------------------
{
  "timestamp": "2026-02-22T17:04:06.089050",
  "device": "solar_panel",
  "panel_id": 2,
  "power_watts": 523,
  "temperature": 46,
  "status": "ok"
}
--------------------------------------------------------------------------------
{
  "timestamp": "2026-02-22T17:04:07.090197",
  "device": "solar_panel",
  "panel_id": 3,
  "power_watts": 912,
  "temperature": 26,
  "status": "ok"
}
--------------------------------------------------------------------------------
{
  "timestamp": "2026-02-22T17:04:18.100150",
  "device": "solar_panel",
  "panel_id": 1,
  "power_watts": 602,
  "temperature": 55,
  "status": "ok"
}
--------------------------------------------------------------------------------
{
  "timestamp": "2026-02-22T17:04:19.100967",
  "device": "solar_panel",
  "panel_id": 2,
  "power_watts": 764,
  "temperature": 32,
  "status": "ok"
}
--------------------------------------------------------------------------------
{
  "timestamp": "2026-02-22T17:04:20.101673",
  "device": "solar_panel",
  "panel_id": 3,
  "power_watts": 992,
  "temperature": 60,
  "status": "ok"
}
--------------------------------------------------------------------------------
{
  "timestamp": "2026-02-22T17:04:31.103003",
  "device": "solar_panel",
  "panel_id": 1,
  "power_watts": 816,
  "temperature": 37,
  "status": "ok"
}
--------------------------------------------------------------------------------
{
  "timestamp": "2026-02-22T17:04:32.104049",
  "device": "solar_panel",
  "panel_id": 2,
  "power_watts": 1000,
  "temperature": 28,
  "status": "ok"
}
--------------------------------------------------------------------------------
{
  "timestamp": "2026-02-22T17:04:33.105532",
  "device": "solar_panel",
  "panel_id": 3,
  "power_watts": 583,
  "temperature": 43,
  "status": "ok"
}
--------------------------------------------------------------------------------
{
  "timestamp": "2026-02-22T17:04:44.107220",
  "device": "solar_panel",
  "panel_id": 1,
  "power_watts": 633,
  "temperature": 50,
  "status": "ok"
}
--------------------------------------------------------------------------------
{
  "timestamp": "2026-02-22T17:04:45.108271",
  "device": "solar_panel",
  "panel_id": 2,
  "power_watts": 875,
  "temperature": 31,
  "status": "ok"
}
--------------------------------------------------------------------------------
{
  "timestamp": "2026-02-22T17:04:46.108987",
  "device": "solar_panel",
  "panel_id": 3,
  "power_watts": 540,
  "temperature": 57,
  "status": "ok"
}
--------------------------------------------------------------------------------
{
  "timestamp": "2026-02-22T17:04:57.110396",
  "device": "solar_panel",
  "panel_id": 1,
  "power_watts": 816,
  "temperature": 36,
  "status": "ok"
}
--------------------------------------------------------------------------------
{
  "timestamp": "2026-02-22T17:04:58.111146",
  "device": "solar_panel",
  "panel_id": 2,
  "power_watts": 626,
  "temperature": 27,
  "status": "ok"
}
--------------------------------------------------------------------------------
{
  "timestamp": "2026-02-22T17:04:59.112027",
  "device": "solar_panel",
  "panel_id": 3,
  "power_watts": 175,
  "temperature": 42,
  "status": "ok"
}
--------------------------------------------------------------------------------
{
  "timestamp": "2026-02-22T17:05:10.113166",
  "device": "solar_panel",
  "panel_id": 1,
  "power_watts": 764,
  "temperature": 29,
  "status": "ok"
}
--------------------------------------------------------------------------------
{
  "timestamp": "2026-02-22T17:05:11.114235",
  "device": "solar_panel",
  "panel_id": 2,
  "power_watts": 534,
  "temperature": 39,
  "status": "ok"
}
--------------------------------------------------------------------------------
{
  "timestamp": "2026-02-22T17:05:12.120611",
  "device": "solar_panel",
  "panel_id": 3,
  "power_watts": 211,
  "temperature": 53,
  "status": "ok"
}
--------------------------------------------------------------------------------
{
  "timestamp": "2026-02-22T17:05:23.122275",
  "device": "solar_panel",
  "panel_id": 1,
  "power_watts": 207,
  "temperature": 51,
  "status": "ok"
}
--------------------------------------------------------------------------------
{
  "timestamp": "2026-02-22T17:05:24.124109",
  "device": "solar_panel",
  "panel_id": 2,
  "power_watts": 219,
  "temperature": 51,
  "status": "ok"
}
--------------------------------------------------------------------------------
{
  "timestamp": "2026-02-22T17:05:25.124808",
  "device": "solar_panel",
  "panel_id": 3,
  "power_watts": 426,
  "temperature": 56,
  "status": "ok"
}
--------------------------------------------------------------------------------
{
  "timestamp": "2026-02-22T17:05:36.126230",
  "device": "solar_panel",
  "panel_id": 1,
  "power_watts": 569,
  "temperature": 42,
  "status": "ok"
}
--------------------------------------------------------------------------------
{
  "timestamp": "2026-02-22T17:05:37.127341",
  "device": "solar_panel",
  "panel_id": 2,
  "power_watts": 770,
  "temperature": 26,
  "status": "ok"
}
--------------------------------------------------------------------------------
{
  "timestamp": "2026-02-22T17:05:38.128322",
  "device": "solar_panel",
  "panel_id": 3,
  "power_watts": 414,
  "temperature": 34,
  "status": "ok"
}
--------------------------------------------------------------------------------
{
  "timestamp": "2026-02-22T17:05:49.129820",
  "device": "solar_panel",
  "panel_id": 1,
  "power_watts": 210,
  "temperature": 56,
  "status": "ok"
}
--------------------------------------------------------------------------------
{
  "timestamp": "2026-02-22T17:05:50.132607",
  "device": "solar_panel",
  "panel_id": 2,
  "power_watts": 108,
  "temperature": 29,
  "status": "ok"
}
--------------------------------------------------------------------------------
{
  "timestamp": "2026-02-22T17:05:51.133831",
  "device": "solar_panel",
  "panel_id": 3,
  "power_watts": 846,
  "temperature": 42,
  "status": "ok"
}
--------------------------------------------------------------------------------
{
  "timestamp": "2026-02-22T17:06:02.135347",
  "device": "solar_panel",
  "panel_id": 1,
  "power_watts": 783,
  "temperature": 31,
  "status": "ok"
}
--------------------------------------------------------------------------------
{
  "timestamp": "2026-02-22T17:06:03.136276",
  "device": "solar_panel",
  "panel_id": 2,
  "power_watts": 551,
  "temperature": 60,
  "status": "ok"
}
--------------------------------------------------------------------------------
{
  "timestamp": "2026-02-22T17:06:04.137188",
  "device": "solar_panel",
  "panel_id": 3,
  "power_watts": 553,
  "temperature": 52,
  "status": "ok"
}
--------------------------------------------------------------------------------
{
  "timestamp": "2026-02-22T17:06:15.138322",
  "device": "solar_panel",
  "panel_id": 1,
  "power_watts": 582,
  "temperature": 51,
  "status": "ok"
}
--------------------------------------------------------------------------------
{
  "timestamp": "2026-02-22T17:06:16.139071",
  "device": "solar_panel",
  "panel_id": 2,
  "power_watts": 130,
  "temperature": 59,
  "status": "ok"
}
--------------------------------------------------------------------------------
{
  "timestamp": "2026-02-22T17:06:17.139946",
  "device": "solar_panel",
  "panel_id": 3,
  "power_watts": 626,
  "temperature": 42,
  "status": "ok"
}
--------------------------------------------------------------------------------
{
  "timestamp": "2026-02-22T17:06:28.141333",
  "device": "solar_panel",
  "panel_id": 1,
  "power_watts": 657,
  "temperature": 50,
  "status": "ok"
}
--------------------------------------------------------------------------------
{
  "timestamp": "2026-02-22T17:06:29.142292",
  "device": "solar_panel",
  "panel_id": 2,
  "power_watts": 941,
  "temperature": 49,
  "status": "ok"
}
--------------------------------------------------------------------------------
{
  "timestamp": "2026-02-22T17:06:30.143097",
  "device": "solar_panel",
  "panel_id": 3,
  "power_watts": 758,
  "temperature": 55,
  "status": "ok"
}
--------------------------------------------------------------------------------
{
  "timestamp": "2026-02-22T17:06:41.144066",
  "device": "solar_panel",
  "panel_id": 1,
  "power_watts": 731,
  "temperature": 55,
  "status": "ok"
}
--------------------------------------------------------------------------------
{
  "timestamp": "2026-02-22T17:06:42.144952",
  "device": "solar_panel",
  "panel_id": 2,
  "power_watts": 128,
  "temperature": 55,
  "status": "ok"
}
--------------------------------------------------------------------------------
{
  "timestamp": "2026-02-22T17:06:43.146503",
  "device": "solar_panel",
  "panel_id": 3,
  "power_watts": 629,
  "temperature": 46,
  "status": "ok"
}
--------------------------------------------------------------------------------
{
  "timestamp": "2026-02-22T17:06:54.147646",
  "device": "solar_panel",
  "panel_id": 1,
  "power_watts": 598,
  "temperature": 25,
  "status": "ok"
}
--------------------------------------------------------------------------------
{
  "timestamp": "2026-02-22T17:06:55.149723",
  "device": "solar_panel",
  "panel_id": 2,
  "power_watts": 872,
  "temperature": 34,
  "status": "ok"
}
--------------------------------------------------------------------------------
{
  "timestamp": "2026-02-22T17:06:56.151343",
  "device": "solar_panel",
  "panel_id": 3,
  "power_watts": 973,
  "temperature": 30,
  "status": "ok"
}
--------------------------------------------------------------------------------
{
  "timestamp": "2026-02-22T17:07:07.152798",
  "device": "solar_panel",
  "panel_id": 1,
  "power_watts": 398,
  "temperature": 57,
  "status": "ok"
}
--------------------------------------------------------------------------------
{
  "timestamp": "2026-02-22T17:07:08.153921",
  "device": "solar_panel",
  "panel_id": 2,
  "power_watts": 369,
  "temperature": 29,
  "status": "ok"
}
--------------------------------------------------------------------------------
{
  "timestamp": "2026-02-22T17:07:09.154865",
  "device": "solar_panel",
  "panel_id": 3,
  "power_watts": 366,
  "temperature": 50,
  "status": "ok"
}
--------------------------------------------------------------------------------
{
  "timestamp": "2026-02-22T17:07:20.156349",
  "device": "solar_panel",
  "panel_id": 1,
  "power_watts": 520,
  "temperature": 26,
  "status": "ok"
}
--------------------------------------------------------------------------------
{
  "timestamp": "2026-02-22T17:07:21.158153",
  "device": "solar_panel",
  "panel_id": 2,
  "power_watts": 323,
  "temperature": 39,
  "status": "ok"
}
--------------------------------------------------------------------------------
{
  "timestamp": "2026-02-22T17:07:22.159361",
  "device": "solar_panel",
  "panel_id": 3,
  "power_watts": 152,
  "temperature": 41,
  "status": "ok"
}
--------------------------------------------------------------------------------
{
  "timestamp": "2026-02-22T17:07:33.161075",
  "device": "solar_panel",
  "panel_id": 1,
  "power_watts": 461,
  "temperature": 57,
  "status": "ok"
}
--------------------------------------------------------------------------------
{
  "timestamp": "2026-02-22T17:07:34.163773",
  "device": "solar_panel",
  "panel_id": 2,
  "power_watts": 379,
  "temperature": 57,
  "status": "ok"
}
--------------------------------------------------------------------------------
{
  "timestamp": "2026-02-22T17:07:35.165589",
  "device": "solar_panel",
  "panel_id": 3,
  "power_watts": 473,
  "temperature": 34,
  "status": "ok"
}
--------------------------------------------------------------------------------
{
  "timestamp": "2026-02-22T17:07:46.167096",
  "device": "solar_panel",
  "panel_id": 1,
  "power_watts": 780,
  "temperature": 45,
  "status": "ok"
}
--------------------------------------------------------------------------------
{
  "timestamp": "2026-02-22T17:07:47.168150",
  "device": "solar_panel",
  "panel_id": 2,
  "power_watts": 565,
  "temperature": 36,
  "status": "ok"
}
--------------------------------------------------------------------------------
{
  "timestamp": "2026-02-22T17:07:48.169338",
  "device": "solar_panel",
  "panel_id": 3,
  "power_watts": 382,
  "temperature": 33,
  "status": "ok"
}
--------------------------------------------------------------------------------
{
  "timestamp": "2026-02-22T17:07:59.170813",
  "device": "solar_panel",
  "panel_id": 1,
  "power_watts": 738,
  "temperature": 38,
  "status": "ok"
}
--------------------------------------------------------------------------------
{
  "timestamp": "2026-02-22T17:08:00.171603",
  "device": "solar_panel",
  "panel_id": 2,
  "power_watts": 682,
  "temperature": 36,
  "status": "ok"
}
--------------------------------------------------------------------------------
{
  "timestamp": "2026-02-22T17:08:01.172597",
  "device": "solar_panel",
  "panel_id": 3,
  "power_watts": 148,
  "temperature": 41,
  "status": "ok"
}
--------------------------------------------------------------------------------
{
  "timestamp": "2026-02-22T17:08:12.174114",
  "device": "solar_panel",
  "panel_id": 1,
  "power_watts": 891,
  "temperature": 56,
  "status": "ok"
}
--------------------------------------------------------------------------------
{
  "timestamp": "2026-02-22T17:08:13.174756",
  "device": "solar_panel",
  "panel_id": 2,
  "power_watts": 314,
  "temperature": 25,
  "status": "ok"
}
--------------------------------------------------------------------------------
{
  "timestamp": "2026-02-22T17:08:14.175369",
  "device": "solar_panel",
  "panel_id": 3,
  "power_watts": 64,
  "temperature": 28,
  "status": "low_power"
}
--------------------------------------------------------------------------------
{
  "timestamp": "2026-02-22T17:08:25.176674",
  "device": "solar_panel",
  "panel_id": 1,
  "power_watts": 192,
  "temperature": 54,
  "status": "ok"
}
--------------------------------------------------------------------------------
{
  "timestamp": "2026-02-22T17:08:26.177756",
  "device": "solar_panel",
  "panel_id": 2,
  "power_watts": 963,
  "temperature": 45,
  "status": "ok"
}
--------------------------------------------------------------------------------
{
  "timestamp": "2026-02-22T17:08:27.178631",
  "device": "solar_panel",
  "panel_id": 3,
  "power_watts": 191,
  "temperature": 38,
  "status": "ok"
}
--------------------------------------------------------------------------------
{
  "timestamp": "2026-02-22T17:08:38.179911",
  "device": "solar_panel",
  "panel_id": 1,
  "power_watts": 976,
  "temperature": 48,
  "status": "ok"
}
--------------------------------------------------------------------------------
{
  "timestamp": "2026-02-22T17:08:39.181533",
  "device": "solar_panel",
  "panel_id": 2,
  "power_watts": 368,
  "temperature": 32,
  "status": "ok"
}
--------------------------------------------------------------------------------
{
  "timestamp": "2026-02-22T17:08:40.182820",
  "device": "solar_panel",
  "panel_id": 3,
  "power_watts": 766,
  "temperature": 57,
  "status": "ok"
}
--------------------------------------------------------------------------------
{
  "timestamp": "2026-02-22T17:08:51.184403",
  "device": "solar_panel",
  "panel_id": 1,
  "power_watts": 703,
  "temperature": 50,
  "status": "ok"
}
--------------------------------------------------------------------------------
{
  "timestamp": "2026-02-22T17:08:52.185135",
  "device": "solar_panel",
  "panel_id": 2,
  "power_watts": 309,
  "temperature": 34,
  "status": "ok"
}
--------------------------------------------------------------------------------
{
  "timestamp": "2026-02-22T17:08:53.185987",
  "device": "solar_panel",
  "panel_id": 3,
  "power_watts": 580,
  "temperature": 29,
  "status": "ok"
}
--------------------------------------------------------------------------------
{
  "timestamp": "2026-02-22T17:09:04.187439",
  "device": "solar_panel",
  "panel_id": 1,
  "power_watts": 510,
  "temperature": 36,
  "status": "ok"
}
--------------------------------------------------------------------------------
{
  "timestamp": "2026-02-22T17:09:05.188667",
  "device": "solar_panel",
  "panel_id": 2,
  "power_watts": 275,
  "temperature": 57,
  "status": "ok"
}
--------------------------------------------------------------------------------
{
  "timestamp": "2026-02-22T17:09:06.189829",
  "device": "solar_panel",
  "panel_id": 3,
  "power_watts": 356,
  "temperature": 40,
  "status": "ok"
}
--------------------------------------------------------------------------------
{
  "timestamp": "2026-02-22T17:09:17.191522",
  "device": "solar_panel",
  "panel_id": 1,
  "power_watts": 62,
  "temperature": 48,
  "status": "low_power"
}
--------------------------------------------------------------------------------
{
  "timestamp": "2026-02-22T17:09:18.192227",
  "device": "solar_panel",
  "panel_id": 2,
  "power_watts": 57,
  "temperature": 35,
  "status": "low_power"
}
--------------------------------------------------------------------------------
{
  "timestamp": "2026-02-22T17:09:19.193452",
  "device": "solar_panel",
  "panel_id": 3,
  "power_watts": 883,
  "temperature": 30,
  "status": "ok"
}
--------------------------------------------------------------------------------
{
  "timestamp": "2026-02-22T17:09:30.194547",
  "device": "solar_panel",
  "panel_id": 1,
  "power_watts": 935,
  "temperature": 38,
  "status": "ok"
}
--------------------------------------------------------------------------------
{
  "timestamp": "2026-02-22T17:09:31.195206",
  "device": "solar_panel",
  "panel_id": 2,
  "power_watts": 270,
  "temperature": 48,
  "status": "ok"
}
--------------------------------------------------------------------------------
{
  "timestamp": "2026-02-22T17:09:32.195928",
  "device": "solar_panel",
  "panel_id": 3,
  "power_watts": 484,
  "temperature": 48,
  "status": "ok"
}
--------------------------------------------------------------------------------
{
  "timestamp": "2026-02-22T17:09:43.199335",
  "device": "solar_panel",
  "panel_id": 1,
  "power_watts": 469,
  "temperature": 31,
  "status": "ok"
}
--------------------------------------------------------------------------------
{
  "timestamp": "2026-02-22T17:09:44.201144",
  "device": "solar_panel",
  "panel_id": 2,
  "power_watts": 748,
  "temperature": 29,
  "status": "ok"
}
--------------------------------------------------------------------------------
{
  "timestamp": "2026-02-22T17:09:45.206684",
  "device": "solar_panel",
  "panel_id": 3,
  "power_watts": 57,
  "temperature": 50,
  "status": "low_power"
}
--------------------------------------------------------------------------------
{
  "timestamp": "2026-02-22T17:09:56.208177",
  "device": "solar_panel",
  "panel_id": 1,
  "power_watts": 329,
  "temperature": 31,
  "status": "ok"
}
--------------------------------------------------------------------------------
{
  "timestamp": "2026-02-22T17:09:57.210569",
  "device": "solar_panel",
  "panel_id": 2,
  "power_watts": 405,
  "temperature": 31,
  "status": "ok"
}
--------------------------------------------------------------------------------
{
  "timestamp": "2026-02-22T17:09:58.211702",
  "device": "solar_panel",
  "panel_id": 3,
  "power_watts": 809,
  "temperature": 25,
  "status": "ok"
}
--------------------------------------------------------------------------------
{
  "timestamp": "2026-02-22T17:10:09.213654",
  "device": "solar_panel",
  "panel_id": 1,
  "power_watts": 111,
  "temperature": 35,
  "status": "ok"
}
--------------------------------------------------------------------------------
{
  "timestamp": "2026-02-22T17:10:10.214557",
  "device": "solar_panel",
  "panel_id": 2,
  "power_watts": 666,
  "temperature": 34,
  "status": "ok"
}
--------------------------------------------------------------------------------
{
  "timestamp": "2026-02-22T17:10:11.215699",
  "device": "solar_panel",
  "panel_id": 3,
  "power_watts": 677,
  "temperature": 38,
  "status": "ok"
}
--------------------------------------------------------------------------------
{
  "timestamp": "2026-02-22T17:10:22.216800",
  "device": "solar_panel",
  "panel_id": 1,
  "power_watts": 313,
  "temperature": 34,
  "status": "ok"
}
--------------------------------------------------------------------------------
{
  "timestamp": "2026-02-22T17:10:23.217668",
  "device": "solar_panel",
  "panel_id": 2,
  "power_watts": 288,
  "temperature": 40,
  "status": "ok"
}
--------------------------------------------------------------------------------
{
  "timestamp": "2026-02-22T17:10:24.218563",
  "device": "solar_panel",
  "panel_id": 3,
  "power_watts": 99,
  "temperature": 38,
  "status": "low_power"
}
--------------------------------------------------------------------------------
{
  "timestamp": "2026-02-22T17:10:35.219592",
  "device": "solar_panel",
  "panel_id": 1,
  "power_watts": 434,
  "temperature": 27,
  "status": "ok"
}
--------------------------------------------------------------------------------
{
  "timestamp": "2026-02-22T17:10:36.220427",
  "device": "solar_panel",
  "panel_id": 2,
  "power_watts": 990,
  "temperature": 54,
  "status": "ok"
}
--------------------------------------------------------------------------------
{
  "timestamp": "2026-02-22T17:10:37.221628",
  "device": "solar_panel",
  "panel_id": 3,
  "power_watts": 380,
  "temperature": 49,
  "status": "ok"
}
--------------------------------------------------------------------------------
{
  "timestamp": "2026-02-22T17:10:48.223205",
  "device": "solar_panel",
  "panel_id": 1,
  "power_watts": 976,
  "temperature": 46,
  "status": "ok"
}
--------------------------------------------------------------------------------
{
  "timestamp": "2026-02-22T17:10:49.224259",
  "device": "solar_panel",
  "panel_id": 2,
  "power_watts": 466,
  "temperature": 52,
  "status": "ok"
}
--------------------------------------------------------------------------------
{
  "timestamp": "2026-02-22T17:10:50.225316",
  "device": "solar_panel",
  "panel_id": 3,
  "power_watts": 209,
  "temperature": 32,
  "status": "ok"
}
--------------------------------------------------------------------------------
{
  "timestamp": "2026-02-22T17:11:01.226693",
  "device": "solar_panel",
  "panel_id": 1,
  "power_watts": 464,
  "temperature": 32,
  "status": "ok"
}
--------------------------------------------------------------------------------
{
  "timestamp": "2026-02-22T17:11:02.227965",
  "device": "solar_panel",
  "panel_id": 2,
  "power_watts": 463,
  "temperature": 38,
  "status": "ok"
}
--------------------------------------------------------------------------------
{
  "timestamp": "2026-02-22T17:11:03.229584",
  "device": "solar_panel",
  "panel_id": 3,
  "power_watts": 597,
  "temperature": 40,
  "status": "ok"
}
--------------------------------------------------------------------------------
{
  "timestamp": "2026-02-22T17:11:14.231518",
  "device": "solar_panel",
  "panel_id": 1,
  "power_watts": 122,
  "temperature": 48,
  "status": "ok"
}
--------------------------------------------------------------------------------
{
  "timestamp": "2026-02-22T17:11:15.232589",
  "device": "solar_panel",
  "panel_id": 2,
  "power_watts": 712,
  "temperature": 43,
  "status": "ok"
}
--------------------------------------------------------------------------------
{
  "timestamp": "2026-02-22T17:11:16.233456",
  "device": "solar_panel",
  "panel_id": 3,
  "power_watts": 373,
  "temperature": 25,
  "status": "ok"
}
--------------------------------------------------------------------------------
{
  "timestamp": "2026-02-22T17:11:27.235171",
  "device": "solar_panel",
  "panel_id": 1,
  "power_watts": 208,
  "temperature": 33,
  "status": "ok"
}
--------------------------------------------------------------------------------
{
  "timestamp": "2026-02-22T17:11:28.236423",
  "device": "solar_panel",
  "panel_id": 2,
  "power_watts": 265,
  "temperature": 50,
  "status": "ok"
}
--------------------------------------------------------------------------------
{
  "timestamp": "2026-02-22T17:11:29.237589",
  "device": "solar_panel",
  "panel_id": 3,
  "power_watts": 743,
  "temperature": 48,
  "status": "ok"
}
--------------------------------------------------------------------------------
{
  "timestamp": "2026-02-22T17:11:40.238900",
  "device": "solar_panel",
  "panel_id": 1,
  "power_watts": 899,
  "temperature": 59,
  "status": "ok"
}
--------------------------------------------------------------------------------
{
  "timestamp": "2026-02-22T17:11:41.241496",
  "device": "solar_panel",
  "panel_id": 2,
  "power_watts": 479,
  "temperature": 52,
  "status": "ok"
}
--------------------------------------------------------------------------------
{
  "timestamp": "2026-02-22T17:11:42.245829",
  "device": "solar_panel",
  "panel_id": 3,
  "power_watts": 293,
  "temperature": 36,
  "status": "ok"
}
--------------------------------------------------------------------------------
{
  "timestamp": "2026-02-22T17:11:53.247534",
  "device": "solar_panel",
  "panel_id": 1,
  "power_watts": 992,
  "temperature": 53,
  "status": "ok"
}
--------------------------------------------------------------------------------
{
  "timestamp": "2026-02-22T17:11:54.248721",
  "device": "solar_panel",
  "panel_id": 2,
  "power_watts": 898,
  "temperature": 29,
  "status": "ok"
}
--------------------------------------------------------------------------------
{
  "timestamp": "2026-02-22T17:11:55.250072",
  "device": "solar_panel",
  "panel_id": 3,
  "power_watts": 565,
  "temperature": 43,
  "status": "ok"
}
--------------------------------------------------------------------------------
{
  "timestamp": "2026-02-22T17:12:06.254337",
  "device": "solar_panel",
  "panel_id": 1,
  "power_watts": 812,
  "temperature": 47,
  "status": "ok"
}
--------------------------------------------------------------------------------
{
  "timestamp": "2026-02-22T17:12:07.259745",
  "device": "solar_panel",
  "panel_id": 2,
  "power_watts": 532,
  "temperature": 52,
  "status": "ok"
}
--------------------------------------------------------------------------------
{
  "timestamp": "2026-02-22T17:12:08.270489",
  "device": "solar_panel",
  "panel_id": 3,
  "power_watts": 226,
  "temperature": 47,
  "status": "ok"
}
--------------------------------------------------------------------------------
{
  "timestamp": "2026-02-22T17:12:19.272078",
  "device": "solar_panel",
  "panel_id": 1,
  "power_watts": 354,
  "temperature": 46,
  "status": "ok"
}
--------------------------------------------------------------------------------
{
  "timestamp": "2026-02-22T17:12:20.273175",
  "device": "solar_panel",
  "panel_id": 2,
  "power_watts": 432,
  "temperature": 60,
  "status": "ok"
}
--------------------------------------------------------------------------------
{
  "timestamp": "2026-02-22T17:12:21.275619",
  "device": "solar_panel",
  "panel_id": 3,
  "power_watts": 193,
  "temperature": 36,
  "status": "ok"
}
--------------------------------------------------------------------------------
{
  "timestamp": "2026-02-22T17:12:32.277051",
  "device": "solar_panel",
  "panel_id": 1,
  "power_watts": 986,
  "temperature": 35,
  "status": "ok"
}
--------------------------------------------------------------------------------
{
  "timestamp": "2026-02-22T17:12:33.278682",
  "device": "solar_panel",
  "panel_id": 2,
  "power_watts": 167,
  "temperature": 55,
  "status": "ok"
}
--------------------------------------------------------------------------------
{
  "timestamp": "2026-02-22T17:12:34.280761",
  "device": "solar_panel",
  "panel_id": 3,
  "power_watts": 776,
  "temperature": 37,
  "status": "ok"
}
--------------------------------------------------------------------------------
{
  "timestamp": "2026-02-22T17:12:45.289677",
  "device": "solar_panel",
  "panel_id": 1,
  "power_watts": 330,
  "temperature": 36,
  "status": "ok"
}
--------------------------------------------------------------------------------
{
  "timestamp": "2026-02-22T17:12:46.306400",
  "device": "solar_panel",
  "panel_id": 2,
  "power_watts": 476,
  "temperature": 46,
  "status": "ok"
}
--------------------------------------------------------------------------------
{
  "timestamp": "2026-02-22T17:12:47.307822",
  "device": "solar_panel",
  "panel_id": 3,
  "power_watts": 931,
  "temperature": 48,
  "status": "ok"
}
--------------------------------------------------------------------------------
{
  "timestamp": "2026-02-22T17:12:58.310232",
  "device": "solar_panel",
  "panel_id": 1,
  "power_watts": 844,
  "temperature": 34,
  "status": "ok"
}
--------------------------------------------------------------------------------
{
  "timestamp": "2026-02-22T17:12:59.311315",
  "device": "solar_panel",
  "panel_id": 2,
  "power_watts": 696,
  "temperature": 30,
  "status": "ok"
}
--------------------------------------------------------------------------------
{
  "timestamp": "2026-02-22T17:13:00.312233",
  "device": "solar_panel",
  "panel_id": 3,
  "power_watts": 888,
  "temperature": 57,
  "status": "ok"
}
--------------------------------------------------------------------------------
{
  "timestamp": "2026-02-22T17:13:11.313314",
  "device": "solar_panel",
  "panel_id": 1,
  "power_watts": 631,
  "temperature": 51,
  "status": "ok"
}
--------------------------------------------------------------------------------
{
  "timestamp": "2026-02-22T17:13:12.314536",
  "device": "solar_panel",
  "panel_id": 2,
  "power_watts": 441,
  "temperature": 48,
  "status": "ok"
}
--------------------------------------------------------------------------------
{
  "timestamp": "2026-02-22T17:13:13.315677",
  "device": "solar_panel",
  "panel_id": 3,
  "power_watts": 850,
  "temperature": 43,
  "status": "ok"
}
--------------------------------------------------------------------------------
{
  "timestamp": "2026-02-22T17:13:24.316687",
  "device": "solar_panel",
  "panel_id": 1,
  "power_watts": 158,
  "temperature": 53,
  "status": "ok"
}
--------------------------------------------------------------------------------
{
  "timestamp": "2026-02-22T17:13:25.317491",
  "device": "solar_panel",
  "panel_id": 2,
  "power_watts": 985,
  "temperature": 44,
  "status": "ok"
}
--------------------------------------------------------------------------------
{
  "timestamp": "2026-02-22T17:13:26.318985",
  "device": "solar_panel",
  "panel_id": 3,
  "power_watts": 783,
  "temperature": 31,
  "status": "ok"
}
--------------------------------------------------------------------------------
{
  "timestamp": "2026-02-22T17:13:37.320363",
  "device": "solar_panel",
  "panel_id": 1,
  "power_watts": 280,
  "temperature": 39,
  "status": "ok"
}
--------------------------------------------------------------------------------
{
  "timestamp": "2026-02-22T17:13:38.321222",
  "device": "solar_panel",
  "panel_id": 2,
  "power_watts": 118,
  "temperature": 59,
  "status": "ok"
}
--------------------------------------------------------------------------------
{
  "timestamp": "2026-02-22T17:13:39.322094",
  "device": "solar_panel",
  "panel_id": 3,
  "power_watts": 352,
  "temperature": 27,
  "status": "ok"
}
--------------------------------------------------------------------------------
{
  "timestamp": "2026-02-22T17:13:50.323524",
  "device": "solar_panel",
  "panel_id": 1,
  "power_watts": 369,
  "temperature": 55,
  "status": "ok"
}
--------------------------------------------------------------------------------
{
  "timestamp": "2026-02-22T17:13:51.324637",
  "device": "solar_panel",
  "panel_id": 2,
  "power_watts": 377,
  "temperature": 27,
  "status": "ok"
}
--------------------------------------------------------------------------------
{
  "timestamp": "2026-02-22T17:13:52.325612",
  "device": "solar_panel",
  "panel_id": 3,
  "power_watts": 486,
  "temperature": 56,
  "status": "ok"
}
--------------------------------------------------------------------------------
{
  "timestamp": "2026-02-22T17:14:03.328573",
  "device": "solar_panel",
  "panel_id": 1,
  "power_watts": 682,
  "temperature": 36,
  "status": "ok"
}
--------------------------------------------------------------------------------
{
  "timestamp": "2026-02-22T17:14:04.329436",
  "device": "solar_panel",
  "panel_id": 2,
  "power_watts": 169,
  "temperature": 47,
  "status": "ok"
}
--------------------------------------------------------------------------------
{
  "timestamp": "2026-02-22T17:14:05.330576",
  "device": "solar_panel",
  "panel_id": 3,
  "power_watts": 91,
  "temperature": 34,
  "status": "low_power"
}
--------------------------------------------------------------------------------
{
  "timestamp": "2026-02-22T17:14:16.332169",
  "device": "solar_panel",
  "panel_id": 1,
  "power_watts": 995,
  "temperature": 60,
  "status": "ok"
}
--------------------------------------------------------------------------------
{
  "timestamp": "2026-02-22T17:14:17.333291",
  "device": "solar_panel",
  "panel_id": 2,
  "power_watts": 979,
  "temperature": 50,
  "status": "ok"
}
--------------------------------------------------------------------------------
{
  "timestamp": "2026-02-22T17:14:18.334198",
  "device": "solar_panel",
  "panel_id": 3,
  "power_watts": 649,
  "temperature": 58,
  "status": "ok"
}
--------------------------------------------------------------------------------
{
  "timestamp": "2026-02-22T17:14:29.335657",
  "device": "solar_panel",
  "panel_id": 1,
  "power_watts": 665,
  "temperature": 47,
  "status": "ok"
}
--------------------------------------------------------------------------------
{
  "timestamp": "2026-02-22T17:14:30.336974",
  "device": "solar_panel",
  "panel_id": 2,
  "power_watts": 465,
  "temperature": 30,
  "status": "ok"
}
--------------------------------------------------------------------------------
{
  "timestamp": "2026-02-22T17:14:31.338472",
  "device": "solar_panel",
  "panel_id": 3,
  "power_watts": 281,
  "temperature": 30,
  "status": "ok"
}
--------------------------------------------------------------------------------
{
  "timestamp": "2026-02-22T17:14:42.340116",
  "device": "solar_panel",
  "panel_id": 1,
  "power_watts": 404,
  "temperature": 38,
  "status": "ok"
}
--------------------------------------------------------------------------------
{
  "timestamp": "2026-02-22T17:14:43.341190",
  "device": "solar_panel",
  "panel_id": 2,
  "power_watts": 561,
  "temperature": 53,
  "status": "ok"
}
--------------------------------------------------------------------------------
{
  "timestamp": "2026-02-22T17:14:44.342302",
  "device": "solar_panel",
  "panel_id": 3,
  "power_watts": 337,
  "temperature": 49,
  "status": "ok"
}
--------------------------------------------------------------------------------
{
  "timestamp": "2026-02-22T17:14:55.343404",
  "device": "solar_panel",
  "panel_id": 1,
  "power_watts": 499,
  "temperature": 29,
  "status": "ok"
}
--------------------------------------------------------------------------------
{
  "timestamp": "2026-02-22T17:14:56.345587",
  "device": "solar_panel",
  "panel_id": 2,
  "power_watts": 981,
  "temperature": 45,
  "status": "ok"
}
--------------------------------------------------------------------------------
{
  "timestamp": "2026-02-22T17:14:57.346457",
  "device": "solar_panel",
  "panel_id": 3,
  "power_watts": 211,
  "temperature": 27,
  "status": "ok"
}
--------------------------------------------------------------------------------
{
  "timestamp": "2026-02-22T17:15:08.347992",
  "device": "solar_panel",
  "panel_id": 1,
  "power_watts": 162,
  "temperature": 26,
  "status": "ok"
}
--------------------------------------------------------------------------------
{
  "timestamp": "2026-02-22T17:15:09.349524",
  "device": "solar_panel",
  "panel_id": 2,
  "power_watts": 812,
  "temperature": 52,
  "status": "ok"
}
--------------------------------------------------------------------------------
{
  "timestamp": "2026-02-22T17:15:10.350339",
  "device": "solar_panel",
  "panel_id": 3,
  "power_watts": 404,
  "temperature": 26,
  "status": "ok"
}
--------------------------------------------------------------------------------
{
  "timestamp": "2026-02-22T17:15:21.351825",
  "device": "solar_panel",
  "panel_id": 1,
  "power_watts": 753,
  "temperature": 26,
  "status": "ok"
}
--------------------------------------------------------------------------------
{
  "timestamp": "2026-02-22T17:15:22.353143",
  "device": "solar_panel",
  "panel_id": 2,
  "power_watts": 680,
  "temperature": 45,
  "status": "ok"
}
--------------------------------------------------------------------------------
{
  "timestamp": "2026-02-22T17:15:23.354194",
  "device": "solar_panel",
  "panel_id": 3,
  "power_watts": 134,
  "temperature": 46,
  "status": "ok"
}
--------------------------------------------------------------------------------
{
  "timestamp": "2026-02-22T17:15:34.356034",
  "device": "solar_panel",
  "panel_id": 1,
  "power_watts": 536,
  "temperature": 45,
  "status": "ok"
}
--------------------------------------------------------------------------------
{
  "timestamp": "2026-02-22T17:15:35.357511",
  "device": "solar_panel",
  "panel_id": 2,
  "power_watts": 103,
  "temperature": 52,
  "status": "ok"
}
--------------------------------------------------------------------------------
{
  "timestamp": "2026-02-22T17:15:36.359238",
  "device": "solar_panel",
  "panel_id": 3,
  "power_watts": 71,
  "temperature": 29,
  "status": "low_power"
}
--------------------------------------------------------------------------------
{
  "timestamp": "2026-02-22T17:15:47.361140",
  "device": "solar_panel",
  "panel_id": 1,
  "power_watts": 945,
  "temperature": 53,
  "status": "ok"
}
--------------------------------------------------------------------------------
{
  "timestamp": "2026-02-22T17:15:48.361897",
  "device": "solar_panel",
  "panel_id": 2,
  "power_watts": 369,
  "temperature": 52,
  "status": "ok"
}
--------------------------------------------------------------------------------
{
  "timestamp": "2026-02-22T17:15:49.363248",
  "device": "solar_panel",
  "panel_id": 3,
  "power_watts": 240,
  "temperature": 50,
  "status": "ok"
}
--------------------------------------------------------------------------------
{
  "timestamp": "2026-02-22T17:16:00.364328",
  "device": "solar_panel",
  "panel_id": 1,
  "power_watts": 183,
  "temperature": 59,
  "status": "ok"
}
--------------------------------------------------------------------------------
{
  "timestamp": "2026-02-22T17:16:01.365156",
  "device": "solar_panel",
  "panel_id": 2,
  "power_watts": 221,
  "temperature": 44,
  "status": "ok"
}
--------------------------------------------------------------------------------
{
  "timestamp": "2026-02-22T17:16:02.366416",
  "device": "solar_panel",
  "panel_id": 3,
  "power_watts": 780,
  "temperature": 37,
  "status": "ok"
}
--------------------------------------------------------------------------------
{
  "timestamp": "2026-02-22T17:16:13.367592",
  "device": "solar_panel",
  "panel_id": 1,
  "power_watts": 175,
  "temperature": 60,
  "status": "ok"
}
--------------------------------------------------------------------------------
{
  "timestamp": "2026-02-22T17:16:14.368535",
  "device": "solar_panel",
  "panel_id": 2,
  "power_watts": 701,
  "temperature": 39,
  "status": "ok"
}
--------------------------------------------------------------------------------
{
  "timestamp": "2026-02-22T17:16:15.369570",
  "device": "solar_panel",
  "panel_id": 3,
  "power_watts": 886,
  "temperature": 31,
  "status": "ok"
}
--------------------------------------------------------------------------------
{
  "timestamp": "2026-02-22T17:16:26.371375",
  "device": "solar_panel",
  "panel_id": 1,
  "power_watts": 550,
  "temperature": 53,
  "status": "ok"
}
--------------------------------------------------------------------------------
{
  "timestamp": "2026-02-22T17:16:27.372493",
  "device": "solar_panel",
  "panel_id": 2,
  "power_watts": 560,
  "temperature": 44,
  "status": "ok"
}
--------------------------------------------------------------------------------
{
  "timestamp": "2026-02-22T17:16:28.373851",
  "device": "solar_panel",
  "panel_id": 3,
  "power_watts": 204,
  "temperature": 47,
  "status": "ok"
}
--------------------------------------------------------------------------------
{
  "timestamp": "2026-02-22T17:16:39.375589",
  "device": "solar_panel",
  "panel_id": 1,
  "power_watts": 803,
  "temperature": 55,
  "status": "ok"
}
--------------------------------------------------------------------------------
{
  "timestamp": "2026-02-22T17:16:40.377619",
  "device": "solar_panel",
  "panel_id": 2,
  "power_watts": 376,
  "temperature": 43,
  "status": "ok"
}
--------------------------------------------------------------------------------
{
  "timestamp": "2026-02-22T17:16:41.378646",
  "device": "solar_panel",
  "panel_id": 3,
  "power_watts": 234,
  "temperature": 36,
  "status": "ok"
}
--------------------------------------------------------------------------------
{
  "timestamp": "2026-02-22T17:16:52.380128",
  "device": "solar_panel",
  "panel_id": 1,
  "power_watts": 880,
  "temperature": 38,
  "status": "ok"
}
--------------------------------------------------------------------------------
{
  "timestamp": "2026-02-22T17:16:53.381038",
  "device": "solar_panel",
  "panel_id": 2,
  "power_watts": 992,
  "temperature": 45,
  "status": "ok"
}
--------------------------------------------------------------------------------
{
  "timestamp": "2026-02-22T17:16:54.381849",
  "device": "solar_panel",
  "panel_id": 3,
  "power_watts": 259,
  "temperature": 44,
  "status": "ok"
}
--------------------------------------------------------------------------------
{
  "timestamp": "2026-02-22T17:17:05.383103",
  "device": "solar_panel",
  "panel_id": 1,
  "power_watts": 978,
  "temperature": 49,
  "status": "ok"
}
--------------------------------------------------------------------------------
{
  "timestamp": "2026-02-22T17:17:06.383900",
  "device": "solar_panel",
  "panel_id": 2,
  "power_watts": 684,
  "temperature": 43,
  "status": "ok"
}
--------------------------------------------------------------------------------
{
  "timestamp": "2026-02-22T17:17:07.385285",
  "device": "solar_panel",
  "panel_id": 3,
  "power_watts": 746,
  "temperature": 51,
  "status": "ok"
}
--------------------------------------------------------------------------------
{
  "timestamp": "2026-02-22T17:17:18.386802",
  "device": "solar_panel",
  "panel_id": 1,
  "power_watts": 304,
  "temperature": 52,
  "status": "ok"
}
--------------------------------------------------------------------------------
{
  "timestamp": "2026-02-22T17:17:19.388065",
  "device": "solar_panel",
  "panel_id": 2,
  "power_watts": 95,
  "temperature": 52,
  "status": "low_power"
}
--------------------------------------------------------------------------------
{
  "timestamp": "2026-02-22T17:17:20.388895",
  "device": "solar_panel",
  "panel_id": 3,
  "power_watts": 651,
  "temperature": 36,
  "status": "ok"
}
--------------------------------------------------------------------------------
{
  "timestamp": "2026-02-22T17:17:31.390494",
  "device": "solar_panel",
  "panel_id": 1,
  "power_watts": 523,
  "temperature": 54,
  "status": "ok"
}
--------------------------------------------------------------------------------
{
  "timestamp": "2026-02-22T17:17:32.391667",
  "device": "solar_panel",
  "panel_id": 2,
  "power_watts": 999,
  "temperature": 54,
  "status": "ok"
}
--------------------------------------------------------------------------------
{
  "timestamp": "2026-02-22T17:17:33.392959",
  "device": "solar_panel",
  "panel_id": 3,
  "power_watts": 571,
  "temperature": 56,
  "status": "ok"
}
--------------------------------------------------------------------------------
{
  "timestamp": "2026-02-22T17:17:44.394152",
  "device": "solar_panel",
  "panel_id": 1,
  "power_watts": 584,
  "temperature": 39,
  "status": "ok"
}
--------------------------------------------------------------------------------
{
  "timestamp": "2026-02-22T17:17:45.394994",
  "device": "solar_panel",
  "panel_id": 2,
  "power_watts": 707,
  "temperature": 59,
  "status": "ok"
}
--------------------------------------------------------------------------------
{
  "timestamp": "2026-02-22T17:17:46.395702",
  "device": "solar_panel",
  "panel_id": 3,
  "power_watts": 403,
  "temperature": 44,
  "status": "ok"
}
--------------------------------------------------------------------------------
{
  "timestamp": "2026-02-22T17:17:57.397446",
  "device": "solar_panel",
  "panel_id": 1,
  "power_watts": 868,
  "temperature": 46,
  "status": "ok"
}
--------------------------------------------------------------------------------
{
  "timestamp": "2026-02-22T17:17:58.399316",
  "device": "solar_panel",
  "panel_id": 2,
  "power_watts": 505,
  "temperature": 25,
  "status": "ok"
}
--------------------------------------------------------------------------------
{
  "timestamp": "2026-02-22T17:17:59.400326",
  "device": "solar_panel",
  "panel_id": 3,
  "power_watts": 643,
  "temperature": 43,
  "status": "ok"
}
--------------------------------------------------------------------------------
{
  "timestamp": "2026-02-22T17:18:10.401707",
  "device": "solar_panel",
  "panel_id": 1,
  "power_watts": 904,
  "temperature": 55,
  "status": "ok"
}
--------------------------------------------------------------------------------
{
  "timestamp": "2026-02-22T17:18:11.403037",
  "device": "solar_panel",
  "panel_id": 2,
  "power_watts": 743,
  "temperature": 26,
  "status": "ok"
}
--------------------------------------------------------------------------------
{
  "timestamp": "2026-02-22T17:18:12.404204",
  "device": "solar_panel",
  "panel_id": 3,
  "power_watts": 516,
  "temperature": 60,
  "status": "ok"
}
--------------------------------------------------------------------------------
{
  "timestamp": "2026-02-22T17:18:23.406015",
  "device": "solar_panel",
  "panel_id": 1,
  "power_watts": 217,
  "temperature": 36,
  "status": "ok"
}
--------------------------------------------------------------------------------
{
  "timestamp": "2026-02-22T17:18:24.406915",
  "device": "solar_panel",
  "panel_id": 2,
  "power_watts": 498,
  "temperature": 55,
  "status": "ok"
}
--------------------------------------------------------------------------------
{
  "timestamp": "2026-02-22T17:18:25.409082",
  "device": "solar_panel",
  "panel_id": 3,
  "power_watts": 157,
  "temperature": 31,
  "status": "ok"
}
--------------------------------------------------------------------------------
{
  "timestamp": "2026-02-22T17:18:36.411794",
  "device": "solar_panel",
  "panel_id": 1,
  "power_watts": 502,
  "temperature": 57,
  "status": "ok"
}
--------------------------------------------------------------------------------
{
  "timestamp": "2026-02-22T17:18:37.412716",
  "device": "solar_panel",
  "panel_id": 2,
  "power_watts": 661,
  "temperature": 26,
  "status": "ok"
}
--------------------------------------------------------------------------------
{
  "timestamp": "2026-02-22T17:18:38.413575",
  "device": "solar_panel",
  "panel_id": 3,
  "power_watts": 941,
  "temperature": 30,
  "status": "ok"
}
--------------------------------------------------------------------------------
{
  "timestamp": "2026-02-22T17:18:49.414809",
  "device": "solar_panel",
  "panel_id": 1,
  "power_watts": 475,
  "temperature": 28,
  "status": "ok"
}
--------------------------------------------------------------------------------
{
  "timestamp": "2026-02-22T17:18:50.416239",
  "device": "solar_panel",
  "panel_id": 2,
  "power_watts": 699,
  "temperature": 45,
  "status": "ok"
}
--------------------------------------------------------------------------------
{
  "timestamp": "2026-02-22T17:18:51.417125",
  "device": "solar_panel",
  "panel_id": 3,
  "power_watts": 351,
  "temperature": 44,
  "status": "ok"
}
--------------------------------------------------------------------------------
{
  "timestamp": "2026-02-22T17:19:02.418566",
  "device": "solar_panel",
  "panel_id": 1,
  "power_watts": 729,
  "temperature": 58,
  "status": "ok"
}
--------------------------------------------------------------------------------
{
  "timestamp": "2026-02-22T17:19:03.419886",
  "device": "solar_panel",
  "panel_id": 2,
  "power_watts": 119,
  "temperature": 41,
  "status": "ok"
}
--------------------------------------------------------------------------------
{
  "timestamp": "2026-02-22T17:19:04.420952",
  "device": "solar_panel",
  "panel_id": 3,
  "power_watts": 980,
  "temperature": 36,
  "status": "ok"
}
--------------------------------------------------------------------------------
{
  "timestamp": "2026-02-22T17:19:15.421869",
  "device": "solar_panel",
  "panel_id": 1,
  "power_watts": 662,
  "temperature": 57,
  "status": "ok"
}
--------------------------------------------------------------------------------
{
  "timestamp": "2026-02-22T17:19:16.422909",
  "device": "solar_panel",
  "panel_id": 2,
  "power_watts": 580,
  "temperature": 47,
  "status": "ok"
}
--------------------------------------------------------------------------------
{
  "timestamp": "2026-02-22T17:19:17.424006",
  "device": "solar_panel",
  "panel_id": 3,
  "power_watts": 803,
  "temperature": 42,
  "status": "ok"
}
--------------------------------------------------------------------------------
{
  "timestamp": "2026-02-22T17:19:28.425237",
  "device": "solar_panel",
  "panel_id": 1,
  "power_watts": 212,
  "temperature": 26,
  "status": "ok"
}
--------------------------------------------------------------------------------
{
  "timestamp": "2026-02-22T17:19:29.426999",
  "device": "solar_panel",
  "panel_id": 2,
  "power_watts": 887,
  "temperature": 56,
  "status": "ok"
}
--------------------------------------------------------------------------------
{
  "timestamp": "2026-02-22T17:19:30.428368",
  "device": "solar_panel",
  "panel_id": 3,
  "power_watts": 277,
  "temperature": 37,
  "status": "ok"
}
--------------------------------------------------------------------------------
{
  "timestamp": "2026-02-22T17:19:41.429820",
  "device": "solar_panel",
  "panel_id": 1,
  "power_watts": 824,
  "temperature": 58,
  "status": "ok"
}
--------------------------------------------------------------------------------
{
  "timestamp": "2026-02-22T17:19:42.430750",
  "device": "solar_panel",
  "panel_id": 2,
  "power_watts": 210,
  "temperature": 54,
  "status": "ok"
}
--------------------------------------------------------------------------------
{
  "timestamp": "2026-02-22T17:19:43.431912",
  "device": "solar_panel",
  "panel_id": 3,
  "power_watts": 897,
  "temperature": 50,
  "status": "ok"
}
--------------------------------------------------------------------------------
{
  "timestamp": "2026-02-22T17:19:54.433321",
  "device": "solar_panel",
  "panel_id": 1,
  "power_watts": 417,
  "temperature": 59,
  "status": "ok"
}
--------------------------------------------------------------------------------
{
  "timestamp": "2026-02-22T17:19:55.434092",
  "device": "solar_panel",
  "panel_id": 2,
  "power_watts": 994,
  "temperature": 52,
  "status": "ok"
}
--------------------------------------------------------------------------------
{
  "timestamp": "2026-02-22T17:19:56.435124",
  "device": "solar_panel",
  "panel_id": 3,
  "power_watts": 671,
  "temperature": 45,
  "status": "ok"
}
--------------------------------------------------------------------------------
{
  "timestamp": "2026-02-22T17:20:07.436648",
  "device": "solar_panel",
  "panel_id": 1,
  "power_watts": 112,
  "temperature": 43,
  "status": "ok"
}
--------------------------------------------------------------------------------
{
  "timestamp": "2026-02-22T17:20:08.437480",
  "device": "solar_panel",
  "panel_id": 2,
  "power_watts": 789,
  "temperature": 26,
  "status": "ok"
}
--------------------------------------------------------------------------------
{
  "timestamp": "2026-02-22T17:20:09.438666",
  "device": "solar_panel",
  "panel_id": 3,
  "power_watts": 180,
  "temperature": 37,
  "status": "ok"
}
--------------------------------------------------------------------------------
{
  "timestamp": "2026-02-22T17:20:20.440125",
  "device": "solar_panel",
  "panel_id": 1,
  "power_watts": 969,
  "temperature": 43,
  "status": "ok"
}
--------------------------------------------------------------------------------
{
  "timestamp": "2026-02-22T17:20:21.441300",
  "device": "solar_panel",
  "panel_id": 2,
  "power_watts": 513,
  "temperature": 40,
  "status": "ok"
}
--------------------------------------------------------------------------------
{
  "timestamp": "2026-02-22T17:20:22.442072",
  "device": "solar_panel",
  "panel_id": 3,
  "power_watts": 892,
  "temperature": 47,
  "status": "ok"
}
--------------------------------------------------------------------------------
{
  "timestamp": "2026-02-22T17:20:33.443865",
  "device": "solar_panel",
  "panel_id": 1,
  "power_watts": 431,
  "temperature": 55,
  "status": "ok"
}
--------------------------------------------------------------------------------
{
  "timestamp": "2026-02-22T17:20:34.444696",
  "device": "solar_panel",
  "panel_id": 2,
  "power_watts": 991,
  "temperature": 56,
  "status": "ok"
}
--------------------------------------------------------------------------------
{
  "timestamp": "2026-02-22T17:20:35.445545",
  "device": "solar_panel",
  "panel_id": 3,
  "power_watts": 580,
  "temperature": 44,
  "status": "ok"
}
--------------------------------------------------------------------------------
{
  "timestamp": "2026-02-22T17:20:46.447100",
  "device": "solar_panel",
  "panel_id": 1,
  "power_watts": 991,
  "temperature": 33,
  "status": "ok"
}
--------------------------------------------------------------------------------
{
  "timestamp": "2026-02-22T17:20:47.448340",
  "device": "solar_panel",
  "panel_id": 2,
  "power_watts": 65,
  "temperature": 46,
  "status": "low_power"
}
--------------------------------------------------------------------------------
{
  "timestamp": "2026-02-22T17:20:48.449599",
  "device": "solar_panel",
  "panel_id": 3,
  "power_watts": 831,
  "temperature": 31,
  "status": "ok"
}
--------------------------------------------------------------------------------
{
  "timestamp": "2026-02-22T17:20:59.450890",
  "device": "solar_panel",
  "panel_id": 1,
  "power_watts": 156,
  "temperature": 59,
  "status": "ok"
}
--------------------------------------------------------------------------------
{
  "timestamp": "2026-02-22T17:21:00.453085",
  "device": "solar_panel",
  "panel_id": 2,
  "power_watts": 531,
  "temperature": 25,
  "status": "ok"
}
--------------------------------------------------------------------------------
{
  "timestamp": "2026-02-22T17:21:01.454057",
  "device": "solar_panel",
  "panel_id": 3,
  "power_watts": 737,
  "temperature": 28,
  "status": "ok"
}
--------------------------------------------------------------------------------
{
  "timestamp": "2026-02-22T17:21:12.455948",
  "device": "solar_panel",
  "panel_id": 1,
  "power_watts": 405,
  "temperature": 42,
  "status": "ok"
}
--------------------------------------------------------------------------------
{
  "timestamp": "2026-02-22T17:21:13.459861",
  "device": "solar_panel",
  "panel_id": 2,
  "power_watts": 421,
  "temperature": 42,
  "status": "ok"
}
--------------------------------------------------------------------------------
{
  "timestamp": "2026-02-22T17:21:14.460564",
  "device": "solar_panel",
  "panel_id": 3,
  "power_watts": 441,
  "temperature": 26,
  "status": "ok"
}
--------------------------------------------------------------------------------
{
  "timestamp": "2026-02-22T17:21:25.462173",
  "device": "solar_panel",
  "panel_id": 1,
  "power_watts": 584,
  "temperature": 60,
  "status": "ok"
}
--------------------------------------------------------------------------------
{
  "timestamp": "2026-02-22T17:21:26.463249",
  "device": "solar_panel",
  "panel_id": 2,
  "power_watts": 282,
  "temperature": 35,
  "status": "ok"
}
--------------------------------------------------------------------------------
{
  "timestamp": "2026-02-22T17:21:27.464325",
  "device": "solar_panel",
  "panel_id": 3,
  "power_watts": 534,
  "temperature": 53,
  "status": "ok"
}
--------------------------------------------------------------------------------
{
  "timestamp": "2026-02-22T17:21:38.465843",
  "device": "solar_panel",
  "panel_id": 1,
  "power_watts": 606,
  "temperature": 31,
  "status": "ok"
}
--------------------------------------------------------------------------------
{
  "timestamp": "2026-02-22T17:21:39.466861",
  "device": "solar_panel",
  "panel_id": 2,
  "power_watts": 555,
  "temperature": 58,
  "status": "ok"
}
--------------------------------------------------------------------------------
{
  "timestamp": "2026-02-22T17:21:40.467691",
  "device": "solar_panel",
  "panel_id": 3,
  "power_watts": 105,
  "temperature": 50,
  "status": "ok"
}
--------------------------------------------------------------------------------
{
  "timestamp": "2026-02-22T17:21:51.469772",
  "device": "solar_panel",
  "panel_id": 1,
  "power_watts": 510,
  "temperature": 28,
  "status": "ok"
}
--------------------------------------------------------------------------------
{
  "timestamp": "2026-02-22T17:21:52.472228",
  "device": "solar_panel",
  "panel_id": 2,
  "power_watts": 312,
  "temperature": 40,
  "status": "ok"
}
--------------------------------------------------------------------------------
{
  "timestamp": "2026-02-22T17:21:53.474347",
  "device": "solar_panel",
  "panel_id": 3,
  "power_watts": 401,
  "temperature": 43,
  "status": "ok"
}
--------------------------------------------------------------------------------
{
  "timestamp": "2026-02-22T17:22:04.475803",
  "device": "solar_panel",
  "panel_id": 1,
  "power_watts": 515,
  "temperature": 41,
  "status": "ok"
}
--------------------------------------------------------------------------------
{
  "timestamp": "2026-02-22T17:22:05.476856",
  "device": "solar_panel",
  "panel_id": 2,
  "power_watts": 90,
  "temperature": 53,
  "status": "low_power"
}
--------------------------------------------------------------------------------
{
  "timestamp": "2026-02-22T17:22:06.477788",
  "device": "solar_panel",
  "panel_id": 3,
  "power_watts": 913,
  "temperature": 36,
  "status": "ok"
}
--------------------------------------------------------------------------------
{
  "timestamp": "2026-02-22T17:22:17.480015",
  "device": "solar_panel",
  "panel_id": 1,
  "power_watts": 848,
  "temperature": 34,
  "status": "ok"
}
--------------------------------------------------------------------------------
{
  "timestamp": "2026-02-22T17:22:18.480890",
  "device": "solar_panel",
  "panel_id": 2,
  "power_watts": 947,
  "temperature": 27,
  "status": "ok"
}
--------------------------------------------------------------------------------
{
  "timestamp": "2026-02-22T17:22:19.481993",
  "device": "solar_panel",
  "panel_id": 3,
  "power_watts": 731,
  "temperature": 56,
  "status": "ok"
}
--------------------------------------------------------------------------------
{
  "timestamp": "2026-02-22T17:22:30.483432",
  "device": "solar_panel",
  "panel_id": 1,
  "power_watts": 342,
  "temperature": 49,
  "status": "ok"
}
--------------------------------------------------------------------------------
{
  "timestamp": "2026-02-22T17:22:31.484019",
  "device": "solar_panel",
  "panel_id": 2,
  "power_watts": 56,
  "temperature": 40,
  "status": "low_power"
}
--------------------------------------------------------------------------------
{
  "timestamp": "2026-02-22T17:22:32.484726",
  "device": "solar_panel",
  "panel_id": 3,
  "power_watts": 865,
  "temperature": 56,
  "status": "ok"
}
--------------------------------------------------------------------------------
{
  "timestamp": "2026-02-22T17:22:43.485706",
  "device": "solar_panel",
  "panel_id": 1,
  "power_watts": 459,
  "temperature": 51,
  "status": "ok"
}
--------------------------------------------------------------------------------
{
  "timestamp": "2026-02-22T17:22:44.486879",
  "device": "solar_panel",
  "panel_id": 2,
  "power_watts": 251,
  "temperature": 32,
  "status": "ok"
}
--------------------------------------------------------------------------------
{
  "timestamp": "2026-02-22T17:22:45.488948",
  "device": "solar_panel",
  "panel_id": 3,
  "power_watts": 599,
  "temperature": 54,
  "status": "ok"
}
--------------------------------------------------------------------------------
{
  "timestamp": "2026-02-22T17:22:56.491008",
  "device": "solar_panel",
  "panel_id": 1,
  "power_watts": 665,
  "temperature": 38,
  "status": "ok"
}
--------------------------------------------------------------------------------
{
  "timestamp": "2026-02-22T17:22:57.491928",
  "device": "solar_panel",
  "panel_id": 2,
  "power_watts": 751,
  "temperature": 42,
  "status": "ok"
}
--------------------------------------------------------------------------------
{
  "timestamp": "2026-02-22T17:22:58.492894",
  "device": "solar_panel",
  "panel_id": 3,
  "power_watts": 648,
  "temperature": 33,
  "status": "ok"
}
--------------------------------------------------------------------------------
{
  "timestamp": "2026-02-22T17:23:09.494664",
  "device": "solar_panel",
  "panel_id": 1,
  "power_watts": 200,
  "temperature": 49,
  "status": "ok"
}
--------------------------------------------------------------------------------
{
  "timestamp": "2026-02-22T17:23:10.496196",
  "device": "solar_panel",
  "panel_id": 2,
  "power_watts": 803,
  "temperature": 27,
  "status": "ok"
}
--------------------------------------------------------------------------------
{
  "timestamp": "2026-02-22T17:23:11.508112",
  "device": "solar_panel",
  "panel_id": 3,
  "power_watts": 912,
  "temperature": 59,
  "status": "ok"
}
--------------------------------------------------------------------------------
{
  "timestamp": "2026-02-22T17:23:22.543136",
  "device": "solar_panel",
  "panel_id": 1,
  "power_watts": 542,
  "temperature": 26,
  "status": "ok"
}
--------------------------------------------------------------------------------
{
  "timestamp": "2026-02-22T17:23:23.544829",
  "device": "solar_panel",
  "panel_id": 2,
  "power_watts": 374,
  "temperature": 57,
  "status": "ok"
}
--------------------------------------------------------------------------------
{
  "timestamp": "2026-02-22T17:23:24.545704",
  "device": "solar_panel",
  "panel_id": 3,
  "power_watts": 559,
  "temperature": 26,
  "status": "ok"
}
--------------------------------------------------------------------------------
{
  "timestamp": "2026-02-22T17:23:35.547699",
  "device": "solar_panel",
  "panel_id": 1,
  "power_watts": 75,
  "temperature": 54,
  "status": "low_power"
}
--------------------------------------------------------------------------------
{
  "timestamp": "2026-02-22T17:23:36.548683",
  "device": "solar_panel",
  "panel_id": 2,
  "power_watts": 738,
  "temperature": 37,
  "status": "ok"
}
--------------------------------------------------------------------------------
{
  "timestamp": "2026-02-22T17:23:37.550000",
  "device": "solar_panel",
  "panel_id": 3,
  "power_watts": 669,
  "temperature": 30,
  "status": "ok"
}
--------------------------------------------------------------------------------
{
  "timestamp": "2026-02-22T17:23:48.551365",
  "device": "solar_panel",
  "panel_id": 1,
  "power_watts": 137,
  "temperature": 46,
  "status": "ok"
}
--------------------------------------------------------------------------------
{
  "timestamp": "2026-02-22T17:23:49.552512",
  "device": "solar_panel",
  "panel_id": 2,
  "power_watts": 346,
  "temperature": 57,
  "status": "ok"
}
--------------------------------------------------------------------------------
{
  "timestamp": "2026-02-22T17:23:50.553266",
  "device": "solar_panel",
  "panel_id": 3,
  "power_watts": 836,
  "temperature": 26,
  "status": "ok"
}
--------------------------------------------------------------------------------
{
  "timestamp": "2026-02-22T17:24:01.555658",
  "device": "solar_panel",
  "panel_id": 1,
  "power_watts": 794,
  "temperature": 25,
  "status": "ok"
}
--------------------------------------------------------------------------------
{
  "timestamp": "2026-02-22T17:24:02.556524",
  "device": "solar_panel",
  "panel_id": 2,
  "power_watts": 831,
  "temperature": 27,
  "status": "ok"
}
--------------------------------------------------------------------------------
{
  "timestamp": "2026-02-22T17:24:03.557978",
  "device": "solar_panel",
  "panel_id": 3,
  "power_watts": 402,
  "temperature": 59,
  "status": "ok"
}
--------------------------------------------------------------------------------
{
  "timestamp": "2026-02-22T17:24:14.561074",
  "device": "solar_panel",
  "panel_id": 1,
  "power_watts": 377,
  "temperature": 39,
  "status": "ok"
}
--------------------------------------------------------------------------------
{
  "timestamp": "2026-02-22T17:24:15.562167",
  "device": "solar_panel",
  "panel_id": 2,
  "power_watts": 592,
  "temperature": 36,
  "status": "ok"
}
--------------------------------------------------------------------------------
{
  "timestamp": "2026-02-22T17:24:16.563062",
  "device": "solar_panel",
  "panel_id": 3,
  "power_watts": 187,
  "temperature": 42,
  "status": "ok"
}
--------------------------------------------------------------------------------
{
  "timestamp": "2026-02-22T17:24:27.564327",
  "device": "solar_panel",
  "panel_id": 1,
  "power_watts": 56,
  "temperature": 54,
  "status": "low_power"
}
--------------------------------------------------------------------------------
{
  "timestamp": "2026-02-22T17:24:28.565360",
  "device": "solar_panel",
  "panel_id": 2,
  "power_watts": 900,
  "temperature": 34,
  "status": "ok"
}
--------------------------------------------------------------------------------
{
  "timestamp": "2026-02-22T17:24:29.566246",
  "device": "solar_panel",
  "panel_id": 3,
  "power_watts": 798,
  "temperature": 48,
  "status": "ok"
}
--------------------------------------------------------------------------------
{
  "timestamp": "2026-02-22T17:24:40.567955",
  "device": "solar_panel",
  "panel_id": 1,
  "power_watts": 291,
  "temperature": 33,
  "status": "ok"
}
--------------------------------------------------------------------------------
{
  "timestamp": "2026-02-22T17:24:41.568974",
  "device": "solar_panel",
  "panel_id": 2,
  "power_watts": 220,
  "temperature": 53,
  "status": "ok"
}
--------------------------------------------------------------------------------
{
  "timestamp": "2026-02-22T17:24:42.570192",
  "device": "solar_panel",
  "panel_id": 3,
  "power_watts": 647,
  "temperature": 42,
  "status": "ok"
}
--------------------------------------------------------------------------------
{
  "timestamp": "2026-02-22T17:24:53.571888",
  "device": "solar_panel",
  "panel_id": 1,
  "power_watts": 369,
  "temperature": 55,
  "status": "ok"
}
--------------------------------------------------------------------------------
{
  "timestamp": "2026-02-22T17:24:54.573066",
  "device": "solar_panel",
  "panel_id": 2,
  "power_watts": 961,
  "temperature": 45,
  "status": "ok"
}
--------------------------------------------------------------------------------
{
  "timestamp": "2026-02-22T17:24:55.574438",
  "device": "solar_panel",
  "panel_id": 3,
  "power_watts": 626,
  "temperature": 59,
  "status": "ok"
}
--------------------------------------------------------------------------------
{
  "timestamp": "2026-02-27T17:43:50.828881",
  "device": "solar_panel",
  "panel_id": 1,
  "power_watts": 503,
  "temperature": 27,
  "status": "ok"
}
--------------------------------------------------------------------------------
{
  "timestamp": "2026-02-27T17:43:51.829857",
  "device": "solar_panel",
  "panel_id": 2,
  "power_watts": 704,
  "temperature": 28,
  "status": "ok"
}
--------------------------------------------------------------------------------
{
  "timestamp": "2026-02-27T17:43:52.830832",
  "device": "solar_panel",
  "panel_id": 3,
  "power_watts": 807,
  "temperature": 35,
  "status": "ok"
}
--------------------------------------------------------------------------------
{
  "timestamp": "2026-02-27T17:44:03.832345",
  "device": "solar_panel",
  "panel_id": 1,
  "power_watts": 727,
  "temperature": 58,
  "status": "ok"
}
--------------------------------------------------------------------------------
{
  "timestamp": "2026-02-27T17:44:04.833461",
  "device": "solar_panel",
  "panel_id": 2,
  "power_watts": 541,
  "temperature": 51,
  "status": "ok"
}
--------------------------------------------------------------------------------
{
  "timestamp": "2026-02-27T17:44:05.834259",
  "device": "solar_panel",
  "panel_id": 3,
  "power_watts": 597,
  "temperature": 27,
  "status": "ok"
}
--------------------------------------------------------------------------------
{
  "timestamp": "2026-02-27T17:44:16.835831",
  "device": "solar_panel",
  "panel_id": 1,
  "power_watts": 200,
  "temperature": 54,
  "status": "ok"
}
--------------------------------------------------------------------------------
{
  "timestamp": "2026-02-27T17:44:17.836677",
  "device": "solar_panel",
  "panel_id": 2,
  "power_watts": 933,
  "temperature": 31,
  "status": "ok"
}
--------------------------------------------------------------------------------
{
  "timestamp": "2026-02-27T17:44:18.837975",
  "device": "solar_panel",
  "panel_id": 3,
  "power_watts": 985,
  "temperature": 28,
  "status": "ok"
}
--------------------------------------------------------------------------------
{
  "timestamp": "2026-02-27T17:44:29.839392",
  "device": "solar_panel",
  "panel_id": 1,
  "power_watts": 852,
  "temperature": 55,
  "status": "ok"
}
--------------------------------------------------------------------------------
{
  "timestamp": "2026-02-27T17:44:30.840889",
  "device": "solar_panel",
  "panel_id": 2,
  "power_watts": 213,
  "temperature": 32,
  "status": "ok"
}
--------------------------------------------------------------------------------
{
  "timestamp": "2026-02-27T17:44:31.842027",
  "device": "solar_panel",
  "panel_id": 3,
  "power_watts": 211,
  "temperature": 33,
  "status": "ok"
}
--------------------------------------------------------------------------------
{
  "timestamp": "2026-02-27T17:44:42.843778",
  "device": "solar_panel",
  "panel_id": 1,
  "power_watts": 286,
  "temperature": 31,
  "status": "ok"
}
--------------------------------------------------------------------------------
{
  "timestamp": "2026-02-27T17:44:43.845283",
  "device": "solar_panel",
  "panel_id": 2,
  "power_watts": 661,
  "temperature": 60,
  "status": "ok"
}
--------------------------------------------------------------------------------
{
  "timestamp": "2026-02-27T17:44:44.846042",
  "device": "solar_panel",
  "panel_id": 3,
  "power_watts": 328,
  "temperature": 32,
  "status": "ok"
}
--------------------------------------------------------------------------------
{
  "timestamp": "2026-02-27T17:44:55.847732",
  "device": "solar_panel",
  "panel_id": 1,
  "power_watts": 503,
  "temperature": 53,
  "status": "ok"
}
--------------------------------------------------------------------------------
{
  "timestamp": "2026-02-27T17:44:56.848826",
  "device": "solar_panel",
  "panel_id": 2,
  "power_watts": 701,
  "temperature": 51,
  "status": "ok"
}
--------------------------------------------------------------------------------
{
  "timestamp": "2026-02-27T17:44:57.849629",
  "device": "solar_panel",
  "panel_id": 3,
  "power_watts": 662,
  "temperature": 59,
  "status": "ok"
}
--------------------------------------------------------------------------------
{
  "timestamp": "2026-02-27T17:45:08.850789",
  "device": "solar_panel",
  "panel_id": 1,
  "power_watts": 331,
  "temperature": 39,
  "status": "ok"
}
--------------------------------------------------------------------------------
{
  "timestamp": "2026-02-27T17:45:09.851595",
  "device": "solar_panel",
  "panel_id": 2,
  "power_watts": 402,
  "temperature": 39,
  "status": "ok"
}
--------------------------------------------------------------------------------
{
  "timestamp": "2026-02-27T17:45:10.852672",
  "device": "solar_panel",
  "panel_id": 3,
  "power_watts": 549,
  "temperature": 52,
  "status": "ok"
}
--------------------------------------------------------------------------------
{
  "timestamp": "2026-02-27T17:45:21.854188",
  "device": "solar_panel",
  "panel_id": 1,
  "power_watts": 432,
  "temperature": 28,
  "status": "ok"
}
--------------------------------------------------------------------------------
{
  "timestamp": "2026-02-27T17:45:22.855135",
  "device": "solar_panel",
  "panel_id": 2,
  "power_watts": 448,
  "temperature": 44,
  "status": "ok"
}
--------------------------------------------------------------------------------
{
  "timestamp": "2026-02-27T17:45:23.856907",
  "device": "solar_panel",
  "panel_id": 3,
  "power_watts": 727,
  "temperature": 57,
  "status": "ok"
}
--------------------------------------------------------------------------------
{
  "timestamp": "2026-02-27T17:45:34.858917",
  "device": "solar_panel",
  "panel_id": 1,
  "power_watts": 958,
  "temperature": 57,
  "status": "ok"
}
--------------------------------------------------------------------------------
{
  "timestamp": "2026-02-27T17:45:35.860390",
  "device": "solar_panel",
  "panel_id": 2,
  "power_watts": 594,
  "temperature": 40,
  "status": "ok"
}
--------------------------------------------------------------------------------
{
  "timestamp": "2026-02-27T17:45:36.861324",
  "device": "solar_panel",
  "panel_id": 3,
  "power_watts": 681,
  "temperature": 25,
  "status": "ok"
}
--------------------------------------------------------------------------------
{
  "timestamp": "2026-02-27T17:45:47.862431",
  "device": "solar_panel",
  "panel_id": 1,
  "power_watts": 898,
  "temperature": 54,
  "status": "ok"
}
--------------------------------------------------------------------------------
{
  "timestamp": "2026-02-27T17:45:48.863410",
  "device": "solar_panel",
  "panel_id": 2,
  "power_watts": 592,
  "temperature": 53,
  "status": "ok"
}
--------------------------------------------------------------------------------
{
  "timestamp": "2026-02-27T17:45:49.864532",
  "device": "solar_panel",
  "panel_id": 3,
  "power_watts": 450,
  "temperature": 29,
  "status": "ok"
}
--------------------------------------------------------------------------------
{
  "timestamp": "2026-02-27T17:46:00.866078",
  "device": "solar_panel",
  "panel_id": 1,
  "power_watts": 430,
  "temperature": 41,
  "status": "ok"
}
--------------------------------------------------------------------------------
{
  "timestamp": "2026-02-27T17:46:01.867081",
  "device": "solar_panel",
  "panel_id": 2,
  "power_watts": 616,
  "temperature": 53,
  "status": "ok"
}
--------------------------------------------------------------------------------
{
  "timestamp": "2026-02-27T17:46:02.868218",
  "device": "solar_panel",
  "panel_id": 3,
  "power_watts": 160,
  "temperature": 48,
  "status": "ok"
}
--------------------------------------------------------------------------------
{
  "timestamp": "2026-02-27T17:46:13.869551",
  "device": "solar_panel",
  "panel_id": 1,
  "power_watts": 761,
  "temperature": 54,
  "status": "ok"
}
--------------------------------------------------------------------------------
{
  "timestamp": "2026-02-27T17:46:14.870437",
  "device": "solar_panel",
  "panel_id": 2,
  "power_watts": 554,
  "temperature": 45,
  "status": "ok"
}
--------------------------------------------------------------------------------
{
  "timestamp": "2026-02-27T17:46:15.871738",
  "device": "solar_panel",
  "panel_id": 3,
  "power_watts": 524,
  "temperature": 51,
  "status": "ok"
}
--------------------------------------------------------------------------------
{
  "timestamp": "2026-02-27T17:46:26.873480",
  "device": "solar_panel",
  "panel_id": 1,
  "power_watts": 380,
  "temperature": 42,
  "status": "ok"
}
--------------------------------------------------------------------------------
{
  "timestamp": "2026-02-27T17:46:27.874622",
  "device": "solar_panel",
  "panel_id": 2,
  "power_watts": 715,
  "temperature": 50,
  "status": "ok"
}
--------------------------------------------------------------------------------
{
  "timestamp": "2026-02-27T17:46:28.875645",
  "device": "solar_panel",
  "panel_id": 3,
  "power_watts": 95,
  "temperature": 47,
  "status": "low_power"
}
--------------------------------------------------------------------------------
{
  "timestamp": "2026-02-27T17:46:39.877283",
  "device": "solar_panel",
  "panel_id": 1,
  "power_watts": 609,
  "temperature": 40,
  "status": "ok"
}
--------------------------------------------------------------------------------
{
  "timestamp": "2026-02-27T17:46:40.878225",
  "device": "solar_panel",
  "panel_id": 2,
  "power_watts": 540,
  "temperature": 25,
  "status": "ok"
}
--------------------------------------------------------------------------------
{
  "timestamp": "2026-02-27T17:46:41.879477",
  "device": "solar_panel",
  "panel_id": 3,
  "power_watts": 61,
  "temperature": 39,
  "status": "low_power"
}
--------------------------------------------------------------------------------
{
  "timestamp": "2026-02-27T17:46:52.880576",
  "device": "solar_panel",
  "panel_id": 1,
  "power_watts": 722,
  "temperature": 48,
  "status": "ok"
}
--------------------------------------------------------------------------------
{
  "timestamp": "2026-02-27T17:46:53.881508",
  "device": "solar_panel",
  "panel_id": 2,
  "power_watts": 559,
  "temperature": 44,
  "status": "ok"
}
--------------------------------------------------------------------------------
{
  "timestamp": "2026-02-27T17:46:54.882392",
  "device": "solar_panel",
  "panel_id": 3,
  "power_watts": 229,
  "temperature": 33,
  "status": "ok"
}
--------------------------------------------------------------------------------
{
  "timestamp": "2026-02-27T17:47:05.883609",
  "device": "solar_panel",
  "panel_id": 1,
  "power_watts": 980,
  "temperature": 54,
  "status": "ok"
}
--------------------------------------------------------------------------------
{
  "timestamp": "2026-02-27T17:47:06.884551",
  "device": "solar_panel",
  "panel_id": 2,
  "power_watts": 873,
  "temperature": 37,
  "status": "ok"
}
--------------------------------------------------------------------------------
{
  "timestamp": "2026-02-27T17:47:07.894182",
  "device": "solar_panel",
  "panel_id": 3,
  "power_watts": 791,
  "temperature": 25,
  "status": "ok"
}
--------------------------------------------------------------------------------
{
  "timestamp": "2026-02-27T17:47:44.731221",
  "device": "solar_panel",
  "power_watts": 976,
  "temperature": 28,
  "status": "ok"
}
--------------------------------------------------------------------------------
{
  "timestamp": "2026-02-27T17:47:45.732302",
  "device": "solar_panel",
  "power_watts": 994,
  "temperature": 45,
  "status": "ok"
}
--------------------------------------------------------------------------------
{
  "timestamp": "2026-02-27T17:47:46.733438",
  "device": "solar_panel",
  "power_watts": 503,
  "temperature": 35,
  "status": "ok"
}
--------------------------------------------------------------------------------
{
  "timestamp": "2026-02-27T17:47:57.734678",
  "device": "solar_panel",
  "power_watts": 424,
  "temperature": 25,
  "status": "ok"
}
--------------------------------------------------------------------------------
{
  "timestamp": "2026-02-27T17:47:58.735403",
  "device": "solar_panel",
  "power_watts": 732,
  "temperature": 26,
  "status": "ok"
}
--------------------------------------------------------------------------------
{
  "timestamp": "2026-02-27T17:47:59.736553",
  "device": "solar_panel",
  "power_watts": 167,
  "temperature": 27,
  "status": "ok"
}
--------------------------------------------------------------------------------
{
  "timestamp": "2026-02-27T17:48:10.738261",
  "device": "solar_panel",
  "power_watts": 745,
  "temperature": 56,
  "status": "ok"
}
--------------------------------------------------------------------------------
{
  "timestamp": "2026-02-27T17:48:11.739517",
  "device": "solar_panel",
  "power_watts": 383,
  "temperature": 27,
  "status": "ok"
}
--------------------------------------------------------------------------------
{
  "timestamp": "2026-02-27T17:48:12.740287",
  "device": "solar_panel",
  "power_watts": 584,
  "temperature": 31,
  "status": "ok"
}
--------------------------------------------------------------------------------
{
  "timestamp": "2026-02-27T17:48:23.741582",
  "device": "solar_panel",
  "power_watts": 490,
  "temperature": 32,
  "status": "ok"
}
--------------------------------------------------------------------------------
{
  "timestamp": "2026-02-27T17:48:24.742735",
  "device": "solar_panel",
  "power_watts": 214,
  "temperature": 39,
  "status": "ok"
}
--------------------------------------------------------------------------------
{
  "timestamp": "2026-02-27T17:50:57.165682",
  "device": "solar_panel",
  "power_watts": 881,
  "temperature": 49,
  "status": "ok"
}
--------------------------------------------------------------------------------
{
  "timestamp": "2026-02-27T17:50:58.166449",
  "device": "solar_panel",
  "power_watts": 555,
  "temperature": 43,
  "status": "ok"
}
--------------------------------------------------------------------------------
{
  "timestamp": "2026-02-27T17:50:59.167187",
  "device": "solar_panel",
  "power_watts": 747,
  "temperature": 50,
  "status": "ok"
}
--------------------------------------------------------------------------------
{
  "timestamp": "2026-02-27T17:51:54.258761",
  "device": "solar_panel",
  "panel_id": 1,
  "power_watts": 102,
  "temperature": 53,
  "status": "ok"
}
--------------------------------------------------------------------------------
{
  "timestamp": "2026-02-27T17:51:55.259664",
  "device": "solar_panel",
  "panel_id": 2,
  "power_watts": 963,
  "temperature": 56,
  "status": "ok"
}
--------------------------------------------------------------------------------
{
  "timestamp": "2026-02-27T17:51:56.260803",
  "device": "solar_panel",
  "panel_id": 3,
  "power_watts": 863,
  "temperature": 30,
  "status": "ok"
}
--------------------------------------------------------------------------------
{
  "timestamp": "2026-02-27T17:52:07.262365",
  "device": "solar_panel",
  "panel_id": 1,
  "power_watts": 875,
  "temperature": 48,
  "status": "ok"
}
--------------------------------------------------------------------------------
{
  "timestamp": "2026-02-27T17:52:08.263364",
  "device": "solar_panel",
  "panel_id": 2,
  "power_watts": 372,
  "temperature": 34,
  "status": "ok"
}
--------------------------------------------------------------------------------
{
  "timestamp": "2026-02-27T17:52:09.264721",
  "device": "solar_panel",
  "panel_id": 3,
  "power_watts": 602,
  "temperature": 38,
  "status": "ok"
}
--------------------------------------------------------------------------------
{
  "timestamp": "2026-02-27T17:52:48.160317",
  "device": "solar_panel",
  "panel_id": 1,
  "power_watts": 915,
  "temperature": 56,
  "status": "ok"
}
--------------------------------------------------------------------------------
{
  "timestamp": "2026-02-27T17:52:49.161500",
  "device": "solar_panel",
  "panel_id": 2,
  "power_watts": 303,
  "temperature": 27,
  "status": "ok"
}
--------------------------------------------------------------------------------
{
  "timestamp": "2026-02-27T17:52:50.162627",
  "device": "solar_panel",
  "panel_id": 3,
  "power_watts": 456,
  "temperature": 31,
  "status": "ok"
}
--------------------------------------------------------------------------------
{
  "timestamp": "2026-02-27T17:53:01.163989",
  "device": "solar_panel",
  "panel_id": 1,
  "power_watts": 458,
  "temperature": 51,
  "status": "ok"
}
--------------------------------------------------------------------------------
{
  "timestamp": "2026-02-27T17:53:02.165333",
  "device": "solar_panel",
  "panel_id": 2,
  "power_watts": 559,
  "temperature": 60,
  "status": "ok"
}
--------------------------------------------------------------------------------
{
  "timestamp": "2026-02-27T17:53:03.166118",
  "device": "solar_panel",
  "panel_id": 3,
  "power_watts": 439,
  "temperature": 44,
  "status": "ok"
}
--------------------------------------------------------------------------------
{
  "timestamp": "2026-02-27T17:53:14.167667",
  "device": "solar_panel",
  "panel_id": 1,
  "power_watts": 452,
  "temperature": 43,
  "status": "ok"
}
--------------------------------------------------------------------------------
{
  "timestamp": "2026-02-27T17:53:15.168830",
  "device": "solar_panel",
  "panel_id": 2,
  "power_watts": 477,
  "temperature": 46,
  "status": "ok"
}
--------------------------------------------------------------------------------
{
  "timestamp": "2026-02-27T17:53:16.170081",
  "device": "solar_panel",
  "panel_id": 3,
  "power_watts": 572,
  "temperature": 30,
  "status": "ok"
}
--------------------------------------------------------------------------------
{
  "timestamp": "2026-02-27T17:53:27.172056",
  "device": "solar_panel",
  "panel_id": 1,
  "power_watts": 981,
  "temperature": 34,
  "status": "ok"
}
--------------------------------------------------------------------------------
{
  "timestamp": "2026-02-27T17:53:28.173245",
  "device": "solar_panel",
  "panel_id": 2,
  "power_watts": 137,
  "temperature": 38,
  "status": "ok"
}
--------------------------------------------------------------------------------
{
  "timestamp": "2026-02-27T17:53:29.174220",
  "device": "solar_panel",
  "panel_id": 3,
  "power_watts": 557,
  "temperature": 27,
  "status": "ok"
}
--------------------------------------------------------------------------------
{
  "timestamp": "2026-02-27T17:53:40.175693",
  "device": "solar_panel",
  "panel_id": 1,
  "power_watts": 530,
  "temperature": 55,
  "status": "ok"
}
--------------------------------------------------------------------------------
{
  "timestamp": "2026-02-27T17:53:41.176777",
  "device": "solar_panel",
  "panel_id": 2,
  "power_watts": 612,
  "temperature": 53,
  "status": "ok"
}
--------------------------------------------------------------------------------
{
  "timestamp": "2026-02-27T17:53:42.177715",
  "device": "solar_panel",
  "panel_id": 3,
  "power_watts": 641,
  "temperature": 49,
  "status": "ok"
}
--------------------------------------------------------------------------------
{
  "timestamp": "2026-02-27T17:53:53.179654",
  "device": "solar_panel",
  "panel_id": 1,
  "power_watts": 773,
  "temperature": 44,
  "status": "ok"
}
--------------------------------------------------------------------------------
{
  "timestamp": "2026-02-27T17:53:54.180728",
  "device": "solar_panel",
  "panel_id": 2,
  "power_watts": 502,
  "temperature": 55,
  "status": "ok"
}
--------------------------------------------------------------------------------
{
  "timestamp": "2026-02-27T17:53:55.181473",
  "device": "solar_panel",
  "panel_id": 3,
  "power_watts": 816,
  "temperature": 60,
  "status": "ok"
}
--------------------------------------------------------------------------------
{
  "timestamp": "2026-02-27T17:54:06.183071",
  "device": "solar_panel",
  "panel_id": 1,
  "power_watts": 919,
  "temperature": 39,
  "status": "ok"
}
--------------------------------------------------------------------------------
{
  "timestamp": "2026-02-27T17:54:07.183825",
  "device": "solar_panel",
  "panel_id": 2,
  "power_watts": 135,
  "temperature": 52,
  "status": "ok"
}
--------------------------------------------------------------------------------
{
  "timestamp": "2026-02-27T17:54:08.184619",
  "device": "solar_panel",
  "panel_id": 3,
  "power_watts": 879,
  "temperature": 58,
  "status": "ok"
}
--------------------------------------------------------------------------------
{
  "timestamp": "2026-02-27T17:54:19.185850",
  "device": "solar_panel",
  "panel_id": 1,
  "power_watts": 136,
  "temperature": 48,
  "status": "ok"
}
--------------------------------------------------------------------------------
{
  "timestamp": "2026-02-27T17:54:20.187364",
  "device": "solar_panel",
  "panel_id": 2,
  "power_watts": 415,
  "temperature": 26,
  "status": "ok"
}
--------------------------------------------------------------------------------
{
  "timestamp": "2026-02-27T17:54:21.188722",
  "device": "solar_panel",
  "panel_id": 3,
  "power_watts": 151,
  "temperature": 35,
  "status": "ok"
}
--------------------------------------------------------------------------------
{
  "timestamp": "2026-02-27T17:54:32.190165",
  "device": "solar_panel",
  "panel_id": 1,
  "power_watts": 541,
  "temperature": 60,
  "status": "ok"
}
--------------------------------------------------------------------------------
{
  "timestamp": "2026-02-27T17:54:33.191083",
  "device": "solar_panel",
  "panel_id": 2,
  "power_watts": 496,
  "temperature": 48,
  "status": "ok"
}
--------------------------------------------------------------------------------
{
  "timestamp": "2026-02-27T17:54:34.192076",
  "device": "solar_panel",
  "panel_id": 3,
  "power_watts": 850,
  "temperature": 50,
  "status": "ok"
}
--------------------------------------------------------------------------------
{
  "timestamp": "2026-02-27T17:54:45.193275",
  "device": "solar_panel",
  "panel_id": 1,
  "power_watts": 660,
  "temperature": 26,
  "status": "ok"
}
--------------------------------------------------------------------------------
{
  "timestamp": "2026-02-27T17:54:46.194165",
  "device": "solar_panel",
  "panel_id": 2,
  "power_watts": 234,
  "temperature": 33,
  "status": "ok"
}
--------------------------------------------------------------------------------
{
  "timestamp": "2026-02-27T17:54:47.195145",
  "device": "solar_panel",
  "panel_id": 3,
  "power_watts": 143,
  "temperature": 54,
  "status": "ok"
}
--------------------------------------------------------------------------------
{
  "timestamp": "2026-02-27T17:54:58.196898",
  "device": "solar_panel",
  "panel_id": 1,
  "power_watts": 490,
  "temperature": 26,
  "status": "ok"
}
--------------------------------------------------------------------------------
{
  "timestamp": "2026-02-27T17:54:59.197903",
  "device": "solar_panel",
  "panel_id": 2,
  "power_watts": 619,
  "temperature": 46,
  "status": "ok"
}
--------------------------------------------------------------------------------
{
  "timestamp": "2026-02-27T17:55:00.198774",
  "device": "solar_panel",
  "panel_id": 3,
  "power_watts": 397,
  "temperature": 48,
  "status": "ok"
}
--------------------------------------------------------------------------------
{
  "timestamp": "2026-02-27T17:55:11.200122",
  "device": "solar_panel",
  "panel_id": 1,
  "power_watts": 581,
  "temperature": 31,
  "status": "ok"
}
--------------------------------------------------------------------------------
{
  "timestamp": "2026-02-27T17:55:12.201099",
  "device": "solar_panel",
  "panel_id": 2,
  "power_watts": 565,
  "temperature": 43,
  "status": "ok"
}
--------------------------------------------------------------------------------
{
  "timestamp": "2026-02-27T17:55:13.201971",
  "device": "solar_panel",
  "panel_id": 3,
  "power_watts": 662,
  "temperature": 48,
  "status": "ok"
}
--------------------------------------------------------------------------------
{
  "timestamp": "2026-02-27T17:55:24.203525",
  "device": "solar_panel",
  "panel_id": 1,
  "power_watts": 663,
  "temperature": 51,
  "status": "ok"
}
--------------------------------------------------------------------------------
{
  "timestamp": "2026-02-27T17:55:25.204558",
  "device": "solar_panel",
  "panel_id": 2,
  "power_watts": 172,
  "temperature": 29,
  "status": "ok"
}
--------------------------------------------------------------------------------
{
  "timestamp": "2026-02-27T17:55:26.205461",
  "device": "solar_panel",
  "panel_id": 3,
  "power_watts": 434,
  "temperature": 54,
  "status": "ok"
}
--------------------------------------------------------------------------------
